code,sheet,recording_folder,representative_image,image_path,label_table,labeled_keypoints,selection
F001,1,20231013_B6_long-anes_awake_000_BC_09-36-00,img02337.png,/data/disk2/home/tony/demo1/model/cheese3d_demo_model/backend/cheese3d_demo_model-houlab-2025-05-28/labeled-data/20231013_B6_long-anes_awake_000_BC_09-36-00/img02337.png,/data/disk2/home/tony/demo1/model/cheese3d_demo_model/backend/cheese3d_demo_model-houlab-2025-05-28/labeled-data/20231013_B6_long-anes_awake_000_BC_09-36-00/CollectedData_houlab.h5,11,most completely labeled frame in folder
F002,1,20231013_B6_long-anes_awake_000_L_09-36-00,img01415.png,/data/disk2/home/tony/demo1/model/cheese3d_demo_model/backend/cheese3d_demo_model-houlab-2025-05-28/labeled-data/20231013_B6_long-anes_awake_000_L_09-36-00/img01415.png,/data/disk2/home/tony/demo1/model/cheese3d_demo_model/backend/cheese3d_demo_model-houlab-2025-05-28/labeled-data/20231013_B6_long-anes_awake_000_L_09-36-00/CollectedData_houlab.h5,17,most completely labeled frame in folder
F003,1,20231013_B6_long-anes_awake_000_R_09-36-00,img10786.png,/data/disk2/home/tony/demo1/model/cheese3d_demo_model/backend/cheese3d_demo_model-houlab-2025-05-28/labeled-data/20231013_B6_long-anes_awake_000_R_09-36-00/img10786.png,/data/disk2/home/tony/demo1/model/cheese3d_demo_model/backend/cheese3d_demo_model-houlab-2025-05-28/labeled-data/20231013_B6_long-anes_awake_000_R_09-36-00/CollectedData_houlab.h5,17,most completely labeled frame in folder
F004,1,20231013_B6_long-anes_awake_000_TC_09-36-00,img11690.png,/data/disk2/home/tony/demo1/model/cheese3d_demo_model/backend/cheese3d_demo_model-houlab-2025-05-28/labeled-data/20231013_B6_long-anes_awake_000_TC_09-36-00/img11690.png,/data/disk2/home/tony/demo1/model/cheese3d_demo_model/backend/cheese3d_demo_model-houlab-2025-05-28/labeled-data/20231013_B6_long-anes_awake_000_TC_09-36-00/CollectedData_houlab.h5,10,most completely labeled frame in folder
F005,1,20231013_B6_long-anes_awake_000_TL_09-36-00,img00674.png,/data/disk2/home/tony/demo1/model/cheese3d_demo_model/backend/cheese3d_demo_model-houlab-2025-05-28/labeled-data/20231013_B6_long-anes_awake_000_TL_09-36-00/img00674.png,/data/disk2/home/tony/demo1/model/cheese3d_demo_model/backend/cheese3d_demo_model-houlab-2025-05-28/labeled-data/20231013_B6_long-anes_awake_000_TL_09-36-00/CollectedData_houlab.h5,10,most completely labeled frame in folder
F006,1,20231013_B6_long-anes_awake_000_TR_09-36-00,img14496.png,/data/disk2/home/tony/demo1/model/cheese3d_demo_model/backend/cheese3d_demo_model-houlab-2025-05-28/labeled-data/20231013_B6_long-anes_awake_000_TR_09-36-00/img14496.png,/data/disk2/home/tony/demo1/model/cheese3d_demo_model/backend/cheese3d_demo_model-houlab-2025-05-28/labeled-data/20231013_B6_long-anes_awake_000_TR_09-36-00/CollectedData_houlab.h5,10,most completely labeled frame in folder
F007,1,20231013_B8_long-anes_awake_100_BC_12-01-00,img01524.png,/data/disk2/home/tony/demo1/model/cheese3d_demo_model/backend/cheese3d_demo_model-houlab-2025-05-28/labeled-data/20231013_B8_long-anes_awake_100_BC_12-01-00/img01524.png,/data/disk2/home/tony/demo1/model/cheese3d_demo_model/backend/cheese3d_demo_model-houlab-2025-05-28/labeled-data/20231013_B8_long-anes_awake_100_BC_12-01-00/CollectedData_houlab.h5,11,most completely labeled frame in folder
F008,1,20231013_B8_long-anes_awake_100_L_12-01-00,img00047.png,/data/disk2/home/tony/demo1/model/cheese3d_demo_model/backend/cheese3d_demo_model-houlab-2025-05-28/labeled-data/20231013_B8_long-anes_awake_100_L_12-01-00/img00047.png,/data/disk2/home/tony/demo1/model/cheese3d_demo_model/backend/cheese3d_demo_model-houlab-2025-05-28/labeled-data/20231013_B8_long-anes_awake_100_L_12-01-00/CollectedData_houlab.h5,17,most completely labeled frame in folder
F009,1,20231013_B8_long-anes_awake_100_R_12-01-00,img18127.png,/data/disk2/home/tony/demo1/model/cheese3d_demo_model/backend/cheese3d_demo_model-houlab-2025-05-28/labeled-data/20231013_B8_long-anes_awake_100_R_12-01-00/img18127.png,/data/disk2/home/tony/demo1/model/cheese3d_demo_model/backend/cheese3d_demo_model-houlab-2025-05-28/labeled-data/20231013_B8_long-anes_awake_100_R_12-01-00/CollectedData_houlab.h5,16,most completely labeled frame in folder
F010,1,20231013_B8_long-anes_awake_100_TC_12-01-00,img02344.png,/data/disk2/home/tony/demo1/model/cheese3d_demo_model/backend/cheese3d_demo_model-houlab-2025-05-28/labeled-data/20231013_B8_long-anes_awake_100_TC_12-01-00/img02344.png,/data/disk2/home/tony/demo1/model/cheese3d_demo_model/backend/cheese3d_demo_model-houlab-2025-05-28/labeled-data/20231013_B8_long-anes_awake_100_TC_12-01-00/CollectedData_houlab.h5,10,most completely labeled frame in folder
F011,1,20231013_B8_long-anes_awake_100_TL_12-01-00,img15579.png,/data/disk2/home/tony/demo1/model/cheese3d_demo_model/backend/cheese3d_demo_model-houlab-2025-05-28/labeled-data/20231013_B8_long-anes_awake_100_TL_12-01-00/img15579.png,/data/disk2/home/tony/demo1/model/cheese3d_demo_model/backend/cheese3d_demo_model-houlab-2025-05-28/labeled-data/20231013_B8_long-anes_awake_100_TL_12-01-00/CollectedData_houlab.h5,10,most completely labeled frame in folder
F012,1,20231013_B8_long-anes_awake_100_TR_12-01-00,img00462.png,/data/disk2/home/tony/demo1/model/cheese3d_demo_model/backend/cheese3d_demo_model-houlab-2025-05-28/labeled-data/20231013_B8_long-anes_awake_100_TR_12-01-00/img00462.png,/data/disk2/home/tony/demo1/model/cheese3d_demo_model/backend/cheese3d_demo_model-houlab-2025-05-28/labeled-data/20231013_B8_long-anes_awake_100_TR_12-01-00/CollectedData_houlab.h5,10,most completely labeled frame in folder
F013,1,20231019_B15_long-anes_awake_000_L_14-35-11,img24528.png,/data/disk2/home/tony/demo1/model/cheese3d_demo_model/backend/cheese3d_demo_model-houlab-2025-05-28/labeled-data/20231019_B15_long-anes_awake_000_L_14-35-11/img24528.png,/data/disk2/home/tony/demo1/model/cheese3d_demo_model/backend/cheese3d_demo_model-houlab-2025-05-28/labeled-data/20231019_B15_long-anes_awake_000_L_14-35-11/CollectedData_houlab.h5,17,most completely labeled frame in folder
F014,1,20231019_B15_long-anes_awake_000_R_14-35-11,img14612.png,/data/disk2/home/tony/demo1/model/cheese3d_demo_model/backend/cheese3d_demo_model-houlab-2025-05-28/labeled-data/20231019_B15_long-anes_awake_000_R_14-35-11/img14612.png,/data/disk2/home/tony/demo1/model/cheese3d_demo_model/backend/cheese3d_demo_model-houlab-2025-05-28/labeled-data/20231019_B15_long-anes_awake_000_R_14-35-11/CollectedData_houlab.h5,16,most completely labeled frame in folder
F015,1,20231019_B15_long-anes_awake_000_TC_14-35-11,img02476.png,/data/disk2/home/tony/demo1/model/cheese3d_demo_model/backend/cheese3d_demo_model-houlab-2025-05-28/labeled-data/20231019_B15_long-anes_awake_000_TC_14-35-11/img02476.png,/data/disk2/home/tony/demo1/model/cheese3d_demo_model/backend/cheese3d_demo_model-houlab-2025-05-28/labeled-data/20231019_B15_long-anes_awake_000_TC_14-35-11/CollectedData_houlab.h5,10,most completely labeled frame in folder
F016,1,20231019_B15_long-anes_awake_000_TL_14-35-11,img02468.png,/data/disk2/home/tony/demo1/model/cheese3d_demo_model/backend/cheese3d_demo_model-houlab-2025-05-28/labeled-data/20231019_B15_long-anes_awake_000_TL_14-35-11/img02468.png,/data/disk2/home/tony/demo1/model/cheese3d_demo_model/backend/cheese3d_demo_model-houlab-2025-05-28/labeled-data/20231019_B15_long-anes_awake_000_TL_14-35-11/CollectedData_houlab.h5,9,most completely labeled frame in folder
F017,1,20231019_B15_long-anes_awake_000_TR_14-35-11,img14629.png,/data/disk2/home/tony/demo1/model/cheese3d_demo_model/backend/cheese3d_demo_model-houlab-2025-05-28/labeled-data/20231019_B15_long-anes_awake_000_TR_14-35-11/img14629.png,/data/disk2/home/tony/demo1/model/cheese3d_demo_model/backend/cheese3d_demo_model-houlab-2025-05-28/labeled-data/20231019_B15_long-anes_awake_000_TR_14-35-11/CollectedData_houlab.h5,10,most completely labeled frame in folder
F018,1,20231031_B6-B20-B21-B26-B31-B32-B33_chew_rig2_concat_BC,im10039.png,/data/disk2/home/tony/demo1/model/cheese3d_demo_model/backend/cheese3d_demo_model-houlab-2025-05-28/labeled-data/20231031_B6-B20-B21-B26-B31-B32-B33_chew_rig2_concat_BC/im10039.png,/data/disk2/home/tony/demo1/model/cheese3d_demo_model/backend/cheese3d_demo_model-houlab-2025-05-28/labeled-data/20231031_B6-B20-B21-B26-B31-B32-B33_chew_rig2_concat_BC/CollectedData_houlab.h5,11,most completely labeled frame in folder
F019,1,20231031_B6-B20-B21-B26-B31-B32-B33_chew_rig2_concat_L,im10039.png,/data/disk2/home/tony/demo1/model/cheese3d_demo_model/backend/cheese3d_demo_model-houlab-2025-05-28/labeled-data/20231031_B6-B20-B21-B26-B31-B32-B33_chew_rig2_concat_L/im10039.png,/data/disk2/home/tony/demo1/model/cheese3d_demo_model/backend/cheese3d_demo_model-houlab-2025-05-28/labeled-data/20231031_B6-B20-B21-B26-B31-B32-B33_chew_rig2_concat_L/CollectedData_houlab.h5,17,most completely labeled frame in folder
F020,1,20231031_B6-B20-B21-B26-B31-B32-B33_chew_rig2_concat_R,im10039.png,/data/disk2/home/tony/demo1/model/cheese3d_demo_model/backend/cheese3d_demo_model-houlab-2025-05-28/labeled-data/20231031_B6-B20-B21-B26-B31-B32-B33_chew_rig2_concat_R/im10039.png,/data/disk2/home/tony/demo1/model/cheese3d_demo_model/backend/cheese3d_demo_model-houlab-2025-05-28/labeled-data/20231031_B6-B20-B21-B26-B31-B32-B33_chew_rig2_concat_R/CollectedData_houlab.h5,17,most completely labeled frame in folder
F021,1,20231031_B6-B20-B21-B26-B31-B32-B33_chew_rig2_concat_TC,img005384.png,/data/disk2/home/tony/demo1/model/cheese3d_demo_model/backend/cheese3d_demo_model-houlab-2025-05-28/labeled-data/20231031_B6-B20-B21-B26-B31-B32-B33_chew_rig2_concat_TC/img005384.png,/data/disk2/home/tony/demo1/model/cheese3d_demo_model/backend/cheese3d_demo_model-houlab-2025-05-28/labeled-data/20231031_B6-B20-B21-B26-B31-B32-B33_chew_rig2_concat_TC/CollectedData_houlab.h5,10,most completely labeled frame in folder
F022,1,20231031_B6-B20-B21-B26-B31-B32-B33_chew_rig2_concat_TL,img011973.png,/data/disk2/home/tony/demo1/model/cheese3d_demo_model/backend/cheese3d_demo_model-houlab-2025-05-28/labeled-data/20231031_B6-B20-B21-B26-B31-B32-B33_chew_rig2_concat_TL/img011973.png,/data/disk2/home/tony/demo1/model/cheese3d_demo_model/backend/cheese3d_demo_model-houlab-2025-05-28/labeled-data/20231031_B6-B20-B21-B26-B31-B32-B33_chew_rig2_concat_TL/CollectedData_houlab.h5,12,most completely labeled frame in folder
F023,1,20231031_B6-B20-B21-B26-B31-B32-B33_chew_rig2_concat_TR,img012511.png,/data/disk2/home/tony/demo1/model/cheese3d_demo_model/backend/cheese3d_demo_model-houlab-2025-05-28/labeled-data/20231031_B6-B20-B21-B26-B31-B32-B33_chew_rig2_concat_TR/img012511.png,/data/disk2/home/tony/demo1/model/cheese3d_demo_model/backend/cheese3d_demo_model-houlab-2025-05-28/labeled-data/20231031_B6-B20-B21-B26-B31-B32-B33_chew_rig2_concat_TR/CollectedData_houlab.h5,12,most completely labeled frame in folder
F024,1,20231031_chew_record_BC,im10039.png,/data/disk2/home/tony/demo1/model/cheese3d_demo_model/backend/cheese3d_demo_model-houlab-2025-05-28/labeled-data/20231031_chew_record_BC/im10039.png,/data/disk2/home/tony/demo1/model/cheese3d_demo_model/backend/cheese3d_demo_model-houlab-2025-05-28/labeled-data/20231031_chew_record_BC/CollectedData_houlab.h5,11,most completely labeled frame in folder
F025,1,20231031_chew_record_L,im10039.png,/data/disk2/home/tony/demo1/model/cheese3d_demo_model/backend/cheese3d_demo_model-houlab-2025-05-28/labeled-data/20231031_chew_record_L/im10039.png,/data/disk2/home/tony/demo1/model/cheese3d_demo_model/backend/cheese3d_demo_model-houlab-2025-05-28/labeled-data/20231031_chew_record_L/CollectedData_houlab.h5,17,most completely labeled frame in folder
F026,1,20231031_chew_record_R,im10039.png,/data/disk2/home/tony/demo1/model/cheese3d_demo_model/backend/cheese3d_demo_model-houlab-2025-05-28/labeled-data/20231031_chew_record_R/im10039.png,/data/disk2/home/tony/demo1/model/cheese3d_demo_model/backend/cheese3d_demo_model-houlab-2025-05-28/labeled-data/20231031_chew_record_R/CollectedData_houlab.h5,17,most completely labeled frame in folder
F027,1,20231031_chew_record_TC,img005384.png,/data/disk2/home/tony/demo1/model/cheese3d_demo_model/backend/cheese3d_demo_model-houlab-2025-05-28/labeled-data/20231031_chew_record_TC/img005384.png,/data/disk2/home/tony/demo1/model/cheese3d_demo_model/backend/cheese3d_demo_model-houlab-2025-05-28/labeled-data/20231031_chew_record_TC/CollectedData_houlab.h5,10,most completely labeled frame in folder
F028,1,20231031_chew_record_TL,img011973.png,/data/disk2/home/tony/demo1/model/cheese3d_demo_model/backend/cheese3d_demo_model-houlab-2025-05-28/labeled-data/20231031_chew_record_TL/img011973.png,/data/disk2/home/tony/demo1/model/cheese3d_demo_model/backend/cheese3d_demo_model-houlab-2025-05-28/labeled-data/20231031_chew_record_TL/CollectedData_houlab.h5,11,most completely labeled frame in folder
F029,1,20231031_chew_record_TR,img012511.png,/data/disk2/home/tony/demo1/model/cheese3d_demo_model/backend/cheese3d_demo_model-houlab-2025-05-28/labeled-data/20231031_chew_record_TR/img012511.png,/data/disk2/home/tony/demo1/model/cheese3d_demo_model/backend/cheese3d_demo_model-houlab-2025-05-28/labeled-data/20231031_chew_record_TR/CollectedData_houlab.h5,11,most completely labeled frame in folder
F030,1,20231102_B21_3D-structure_awake_000_BC_10-51-06,img01014.png,/data/disk2/home/tony/demo1/model/cheese3d_demo_model/backend/cheese3d_demo_model-houlab-2025-05-28/labeled-data/20231102_B21_3D-structure_awake_000_BC_10-51-06/img01014.png,/data/disk2/home/tony/demo1/model/cheese3d_demo_model/backend/cheese3d_demo_model-houlab-2025-05-28/labeled-data/20231102_B21_3D-structure_awake_000_BC_10-51-06/CollectedData_houlab.h5,9,most completely labeled frame in folder
F031,1,20231102_B21_3D-structure_awake_000_L_10-51-06,img04737.png,/data/disk2/home/tony/demo1/model/cheese3d_demo_model/backend/cheese3d_demo_model-houlab-2025-05-28/labeled-data/20231102_B21_3D-structure_awake_000_L_10-51-06/img04737.png,/data/disk2/home/tony/demo1/model/cheese3d_demo_model/backend/cheese3d_demo_model-houlab-2025-05-28/labeled-data/20231102_B21_3D-structure_awake_000_L_10-51-06/CollectedData_houlab.h5,16,most completely labeled frame in folder
F032,1,20231102_B21_3D-structure_awake_000_R_10-51-06,img05216.png,/data/disk2/home/tony/demo1/model/cheese3d_demo_model/backend/cheese3d_demo_model-houlab-2025-05-28/labeled-data/20231102_B21_3D-structure_awake_000_R_10-51-06/img05216.png,/data/disk2/home/tony/demo1/model/cheese3d_demo_model/backend/cheese3d_demo_model-houlab-2025-05-28/labeled-data/20231102_B21_3D-structure_awake_000_R_10-51-06/CollectedData_houlab.h5,16,most completely labeled frame in folder
F033,1,20231102_B21_3D-structure_awake_000_TC_10-51-06,img02605.png,/data/disk2/home/tony/demo1/model/cheese3d_demo_model/backend/cheese3d_demo_model-houlab-2025-05-28/labeled-data/20231102_B21_3D-structure_awake_000_TC_10-51-06/img02605.png,/data/disk2/home/tony/demo1/model/cheese3d_demo_model/backend/cheese3d_demo_model-houlab-2025-05-28/labeled-data/20231102_B21_3D-structure_awake_000_TC_10-51-06/CollectedData_houlab.h5,10,most completely labeled frame in folder
F034,1,20231102_B21_3D-structure_awake_000_TR_10-51-06,img06747.png,/data/disk2/home/tony/demo1/model/cheese3d_demo_model/backend/cheese3d_demo_model-houlab-2025-05-28/labeled-data/20231102_B21_3D-structure_awake_000_TR_10-51-06/img06747.png,/data/disk2/home/tony/demo1/model/cheese3d_demo_model/backend/cheese3d_demo_model-houlab-2025-05-28/labeled-data/20231102_B21_3D-structure_awake_000_TR_10-51-06/CollectedData_houlab.h5,9,most completely labeled frame in folder
F035,1,20231102_B6-B15-B20-B21-B26-B31-B32-B33_3D-structure_rig2_concat_BC,img003572.png,/data/disk2/home/tony/demo1/model/cheese3d_demo_model/backend/cheese3d_demo_model-houlab-2025-05-28/labeled-data/20231102_B6-B15-B20-B21-B26-B31-B32-B33_3D-structure_rig2_concat_BC/img003572.png,/data/disk2/home/tony/demo1/model/cheese3d_demo_model/backend/cheese3d_demo_model-houlab-2025-05-28/labeled-data/20231102_B6-B15-B20-B21-B26-B31-B32-B33_3D-structure_rig2_concat_BC/CollectedData_houlab.h5,11,most completely labeled frame in folder
F036,1,20231102_B6-B15-B20-B21-B26-B31-B32-B33_3D-structure_rig2_concat_L,img001236.png,/data/disk2/home/tony/demo1/model/cheese3d_demo_model/backend/cheese3d_demo_model-houlab-2025-05-28/labeled-data/20231102_B6-B15-B20-B21-B26-B31-B32-B33_3D-structure_rig2_concat_L/img001236.png,/data/disk2/home/tony/demo1/model/cheese3d_demo_model/backend/cheese3d_demo_model-houlab-2025-05-28/labeled-data/20231102_B6-B15-B20-B21-B26-B31-B32-B33_3D-structure_rig2_concat_L/CollectedData_houlab.h5,17,most completely labeled frame in folder
F037,1,20231102_B6-B15-B20-B21-B26-B31-B32-B33_3D-structure_rig2_concat_R,img005829.png,/data/disk2/home/tony/demo1/model/cheese3d_demo_model/backend/cheese3d_demo_model-houlab-2025-05-28/labeled-data/20231102_B6-B15-B20-B21-B26-B31-B32-B33_3D-structure_rig2_concat_R/img005829.png,/data/disk2/home/tony/demo1/model/cheese3d_demo_model/backend/cheese3d_demo_model-houlab-2025-05-28/labeled-data/20231102_B6-B15-B20-B21-B26-B31-B32-B33_3D-structure_rig2_concat_R/CollectedData_houlab.h5,17,most completely labeled frame in folder
F038,1,20231102_B6-B15-B20-B21-B26-B31-B32-B33_3D-structure_rig2_concat_TC,img003199.png,/data/disk2/home/tony/demo1/model/cheese3d_demo_model/backend/cheese3d_demo_model-houlab-2025-05-28/labeled-data/20231102_B6-B15-B20-B21-B26-B31-B32-B33_3D-structure_rig2_concat_TC/img003199.png,/data/disk2/home/tony/demo1/model/cheese3d_demo_model/backend/cheese3d_demo_model-houlab-2025-05-28/labeled-data/20231102_B6-B15-B20-B21-B26-B31-B32-B33_3D-structure_rig2_concat_TC/CollectedData_houlab.h5,10,most completely labeled frame in folder
F039,1,20231102_B6-B15-B20-B21-B26-B31-B32-B33_3D-structure_rig2_concat_TL,img003113.png,/data/disk2/home/tony/demo1/model/cheese3d_demo_model/backend/cheese3d_demo_model-houlab-2025-05-28/labeled-data/20231102_B6-B15-B20-B21-B26-B31-B32-B33_3D-structure_rig2_concat_TL/img003113.png,/data/disk2/home/tony/demo1/model/cheese3d_demo_model/backend/cheese3d_demo_model-houlab-2025-05-28/labeled-data/20231102_B6-B15-B20-B21-B26-B31-B32-B33_3D-structure_rig2_concat_TL/CollectedData_houlab.h5,14,most completely labeled frame in folder
F040,1,20231102_B6-B15-B20-B21-B26-B31-B32-B33_3D-structure_rig2_concat_TR,img009850.png,/data/disk2/home/tony/demo1/model/cheese3d_demo_model/backend/cheese3d_demo_model-houlab-2025-05-28/labeled-data/20231102_B6-B15-B20-B21-B26-B31-B32-B33_3D-structure_rig2_concat_TR/img009850.png,/data/disk2/home/tony/demo1/model/cheese3d_demo_model/backend/cheese3d_demo_model-houlab-2025-05-28/labeled-data/20231102_B6-B15-B20-B21-B26-B31-B32-B33_3D-structure_rig2_concat_TR/CollectedData_houlab.h5,13,most completely labeled frame in folder
F041,1,20231102_B6-B15-B20-B21-B26-B31-B32-B33_3D-structure_rig3_concat_L,img004839.png,/data/disk2/home/tony/demo1/model/cheese3d_demo_model/backend/cheese3d_demo_model-houlab-2025-05-28/labeled-data/20231102_B6-B15-B20-B21-B26-B31-B32-B33_3D-structure_rig3_concat_L/img004839.png,/data/disk2/home/tony/demo1/model/cheese3d_demo_model/backend/cheese3d_demo_model-houlab-2025-05-28/labeled-data/20231102_B6-B15-B20-B21-B26-B31-B32-B33_3D-structure_rig3_concat_L/CollectedData_houlab.h5,17,most completely labeled frame in folder
F042,1,20231102_B6-B15-B20-B21-B26-B31-B32-B33_3D-structure_rig3_concat_R,img009384.png,/data/disk2/home/tony/demo1/model/cheese3d_demo_model/backend/cheese3d_demo_model-houlab-2025-05-28/labeled-data/20231102_B6-B15-B20-B21-B26-B31-B32-B33_3D-structure_rig3_concat_R/img009384.png,/data/disk2/home/tony/demo1/model/cheese3d_demo_model/backend/cheese3d_demo_model-houlab-2025-05-28/labeled-data/20231102_B6-B15-B20-B21-B26-B31-B32-B33_3D-structure_rig3_concat_R/CollectedData_houlab.h5,17,most completely labeled frame in folder
F043,1,20231102_B6-B15-B20-B21-B26-B31-B32-B33_3D-structure_rig3_concat_TL,img002088.png,/data/disk2/home/tony/demo1/model/cheese3d_demo_model/backend/cheese3d_demo_model-houlab-2025-05-28/labeled-data/20231102_B6-B15-B20-B21-B26-B31-B32-B33_3D-structure_rig3_concat_TL/img002088.png,/data/disk2/home/tony/demo1/model/cheese3d_demo_model/backend/cheese3d_demo_model-houlab-2025-05-28/labeled-data/20231102_B6-B15-B20-B21-B26-B31-B32-B33_3D-structure_rig3_concat_TL/CollectedData_houlab.h5,13,most completely labeled frame in folder
F044,1,20231102_B6-B15-B20-B21-B26-B31-B32-B33_3D-structure_rig3_concat_TR,img002668.png,/data/disk2/home/tony/demo1/model/cheese3d_demo_model/backend/cheese3d_demo_model-houlab-2025-05-28/labeled-data/20231102_B6-B15-B20-B21-B26-B31-B32-B33_3D-structure_rig3_concat_TR/img002668.png,/data/disk2/home/tony/demo1/model/cheese3d_demo_model/backend/cheese3d_demo_model-houlab-2025-05-28/labeled-data/20231102_B6-B15-B20-B21-B26-B31-B32-B33_3D-structure_rig3_concat_TR/CollectedData_houlab.h5,13,most completely labeled frame in folder
F045,1,20231213_B33_long-anes_awake_000_BC_11-57-52,img06952.png,/data/disk2/home/tony/demo1/model/cheese3d_demo_model/backend/cheese3d_demo_model-houlab-2025-05-28/labeled-data/20231213_B33_long-anes_awake_000_BC_11-57-52/img06952.png,/data/disk2/home/tony/demo1/model/cheese3d_demo_model/backend/cheese3d_demo_model-houlab-2025-05-28/labeled-data/20231213_B33_long-anes_awake_000_BC_11-57-52/CollectedData_houlab.h5,9,most completely labeled frame in folder
F046,1,20231213_B33_long-anes_awake_000_L_11-57-52,img05218.png,/data/disk2/home/tony/demo1/model/cheese3d_demo_model/backend/cheese3d_demo_model-houlab-2025-05-28/labeled-data/20231213_B33_long-anes_awake_000_L_11-57-52/img05218.png,/data/disk2/home/tony/demo1/model/cheese3d_demo_model/backend/cheese3d_demo_model-houlab-2025-05-28/labeled-data/20231213_B33_long-anes_awake_000_L_11-57-52/CollectedData_houlab.h5,17,most completely labeled frame in folder
F047,1,20231213_B33_long-anes_awake_000_R_11-57-52,img21327.png,/data/disk2/home/tony/demo1/model/cheese3d_demo_model/backend/cheese3d_demo_model-houlab-2025-05-28/labeled-data/20231213_B33_long-anes_awake_000_R_11-57-52/img21327.png,/data/disk2/home/tony/demo1/model/cheese3d_demo_model/backend/cheese3d_demo_model-houlab-2025-05-28/labeled-data/20231213_B33_long-anes_awake_000_R_11-57-52/CollectedData_houlab.h5,17,most completely labeled frame in folder
F048,1,20231213_B33_long-anes_awake_000_TC_11-57-52,img02269.png,/data/disk2/home/tony/demo1/model/cheese3d_demo_model/backend/cheese3d_demo_model-houlab-2025-05-28/labeled-data/20231213_B33_long-anes_awake_000_TC_11-57-52/img02269.png,/data/disk2/home/tony/demo1/model/cheese3d_demo_model/backend/cheese3d_demo_model-houlab-2025-05-28/labeled-data/20231213_B33_long-anes_awake_000_TC_11-57-52/CollectedData_houlab.h5,10,most completely labeled frame in folder
F049,1,20231213_B33_long-anes_awake_000_TL_11-57-52,img05685.png,/data/disk2/home/tony/demo1/model/cheese3d_demo_model/backend/cheese3d_demo_model-houlab-2025-05-28/labeled-data/20231213_B33_long-anes_awake_000_TL_11-57-52/img05685.png,/data/disk2/home/tony/demo1/model/cheese3d_demo_model/backend/cheese3d_demo_model-houlab-2025-05-28/labeled-data/20231213_B33_long-anes_awake_000_TL_11-57-52/CollectedData_houlab.h5,12,most completely labeled frame in folder
F050,1,20231213_B33_long-anes_awake_000_TR_11-57-52,img06320.png,/data/disk2/home/tony/demo1/model/cheese3d_demo_model/backend/cheese3d_demo_model-houlab-2025-05-28/labeled-data/20231213_B33_long-anes_awake_000_TR_11-57-52/img06320.png,/data/disk2/home/tony/demo1/model/cheese3d_demo_model/backend/cheese3d_demo_model-houlab-2025-05-28/labeled-data/20231213_B33_long-anes_awake_000_TR_11-57-52/CollectedData_houlab.h5,11,most completely labeled frame in folder
F051,1,20231214_B20_long-anes_awake_000_BC_13-08-57,img01730.png,/data/disk2/home/tony/demo1/model/cheese3d_demo_model/backend/cheese3d_demo_model-houlab-2025-05-28/labeled-data/20231214_B20_long-anes_awake_000_BC_13-08-57/img01730.png,/data/disk2/home/tony/demo1/model/cheese3d_demo_model/backend/cheese3d_demo_model-houlab-2025-05-28/labeled-data/20231214_B20_long-anes_awake_000_BC_13-08-57/CollectedData_houlab.h5,9,most completely labeled frame in folder
F052,1,20231214_B20_long-anes_awake_000_L_13-08-57,img01730.png,/data/disk2/home/tony/demo1/model/cheese3d_demo_model/backend/cheese3d_demo_model-houlab-2025-05-28/labeled-data/20231214_B20_long-anes_awake_000_L_13-08-57/img01730.png,/data/disk2/home/tony/demo1/model/cheese3d_demo_model/backend/cheese3d_demo_model-houlab-2025-05-28/labeled-data/20231214_B20_long-anes_awake_000_L_13-08-57/CollectedData_houlab.h5,17,most completely labeled frame in folder
F053,1,20231214_B20_long-anes_awake_000_R_13-08-57,img13787.png,/data/disk2/home/tony/demo1/model/cheese3d_demo_model/backend/cheese3d_demo_model-houlab-2025-05-28/labeled-data/20231214_B20_long-anes_awake_000_R_13-08-57/img13787.png,/data/disk2/home/tony/demo1/model/cheese3d_demo_model/backend/cheese3d_demo_model-houlab-2025-05-28/labeled-data/20231214_B20_long-anes_awake_000_R_13-08-57/CollectedData_houlab.h5,16,most completely labeled frame in folder
F054,1,20231214_B20_long-anes_awake_000_TC_13-08-57,img02187.png,/data/disk2/home/tony/demo1/model/cheese3d_demo_model/backend/cheese3d_demo_model-houlab-2025-05-28/labeled-data/20231214_B20_long-anes_awake_000_TC_13-08-57/img02187.png,/data/disk2/home/tony/demo1/model/cheese3d_demo_model/backend/cheese3d_demo_model-houlab-2025-05-28/labeled-data/20231214_B20_long-anes_awake_000_TC_13-08-57/CollectedData_houlab.h5,10,most completely labeled frame in folder
F055,1,20231214_B20_long-anes_awake_000_TL_13-08-57,img02108.png,/data/disk2/home/tony/demo1/model/cheese3d_demo_model/backend/cheese3d_demo_model-houlab-2025-05-28/labeled-data/20231214_B20_long-anes_awake_000_TL_13-08-57/img02108.png,/data/disk2/home/tony/demo1/model/cheese3d_demo_model/backend/cheese3d_demo_model-houlab-2025-05-28/labeled-data/20231214_B20_long-anes_awake_000_TL_13-08-57/CollectedData_houlab.h5,12,most completely labeled frame in folder
F056,1,20231214_B20_long-anes_awake_000_TR_13-08-57,img04443.png,/data/disk2/home/tony/demo1/model/cheese3d_demo_model/backend/cheese3d_demo_model-houlab-2025-05-28/labeled-data/20231214_B20_long-anes_awake_000_TR_13-08-57/img04443.png,/data/disk2/home/tony/demo1/model/cheese3d_demo_model/backend/cheese3d_demo_model-houlab-2025-05-28/labeled-data/20231214_B20_long-anes_awake_000_TR_13-08-57/CollectedData_houlab.h5,11,most completely labeled frame in folder
F057,1,20231215_B26_long-anes_awake_000_BC_09-50-34,img00047.png,/data/disk2/home/tony/demo1/model/cheese3d_demo_model/backend/cheese3d_demo_model-houlab-2025-05-28/labeled-data/20231215_B26_long-anes_awake_000_BC_09-50-34/img00047.png,/data/disk2/home/tony/demo1/model/cheese3d_demo_model/backend/cheese3d_demo_model-houlab-2025-05-28/labeled-data/20231215_B26_long-anes_awake_000_BC_09-50-34/CollectedData_houlab.h5,9,most completely labeled frame in folder
F058,1,20231215_B26_long-anes_awake_000_L_09-50-34,img00065.png,/data/disk2/home/tony/demo1/model/cheese3d_demo_model/backend/cheese3d_demo_model-houlab-2025-05-28/labeled-data/20231215_B26_long-anes_awake_000_L_09-50-34/img00065.png,/data/disk2/home/tony/demo1/model/cheese3d_demo_model/backend/cheese3d_demo_model-houlab-2025-05-28/labeled-data/20231215_B26_long-anes_awake_000_L_09-50-34/CollectedData_houlab.h5,17,most completely labeled frame in folder
F059,1,20231215_B26_long-anes_awake_000_R_09-50-34,img00085.png,/data/disk2/home/tony/demo1/model/cheese3d_demo_model/backend/cheese3d_demo_model-houlab-2025-05-28/labeled-data/20231215_B26_long-anes_awake_000_R_09-50-34/img00085.png,/data/disk2/home/tony/demo1/model/cheese3d_demo_model/backend/cheese3d_demo_model-houlab-2025-05-28/labeled-data/20231215_B26_long-anes_awake_000_R_09-50-34/CollectedData_houlab.h5,17,most completely labeled frame in folder
F060,1,20231215_B26_long-anes_awake_000_TC_09-50-34,img05827.png,/data/disk2/home/tony/demo1/model/cheese3d_demo_model/backend/cheese3d_demo_model-houlab-2025-05-28/labeled-data/20231215_B26_long-anes_awake_000_TC_09-50-34/img05827.png,/data/disk2/home/tony/demo1/model/cheese3d_demo_model/backend/cheese3d_demo_model-houlab-2025-05-28/labeled-data/20231215_B26_long-anes_awake_000_TC_09-50-34/CollectedData_houlab.h5,10,most completely labeled frame in folder
F061,1,20231215_B26_long-anes_awake_000_TL_09-50-34,img00074.png,/data/disk2/home/tony/demo1/model/cheese3d_demo_model/backend/cheese3d_demo_model-houlab-2025-05-28/labeled-data/20231215_B26_long-anes_awake_000_TL_09-50-34/img00074.png,/data/disk2/home/tony/demo1/model/cheese3d_demo_model/backend/cheese3d_demo_model-houlab-2025-05-28/labeled-data/20231215_B26_long-anes_awake_000_TL_09-50-34/CollectedData_houlab.h5,12,most completely labeled frame in folder
F062,1,20231215_B26_long-anes_awake_000_TR_09-50-34,img14929.png,/data/disk2/home/tony/demo1/model/cheese3d_demo_model/backend/cheese3d_demo_model-houlab-2025-05-28/labeled-data/20231215_B26_long-anes_awake_000_TR_09-50-34/img14929.png,/data/disk2/home/tony/demo1/model/cheese3d_demo_model/backend/cheese3d_demo_model-houlab-2025-05-28/labeled-data/20231215_B26_long-anes_awake_000_TR_09-50-34/CollectedData_houlab.h5,12,most completely labeled frame in folder
F063,1,20240326_R17_rec_anes_004_BC_17-03-46,img000271.png,/data/disk2/home/tony/demo1/model/cheese3d_demo_model/backend/cheese3d_demo_model-houlab-2025-05-28/labeled-data/20240326_R17_rec_anes_004_BC_17-03-46/img000271.png,/data/disk2/home/tony/demo1/model/cheese3d_demo_model/backend/cheese3d_demo_model-houlab-2025-05-28/labeled-data/20240326_R17_rec_anes_004_BC_17-03-46/CollectedData_houlab.h5,11,most completely labeled frame in folder
F064,1,20240326_R17_rec_anes_004_L_17-03-46,img011329.png,/data/disk2/home/tony/demo1/model/cheese3d_demo_model/backend/cheese3d_demo_model-houlab-2025-05-28/labeled-data/20240326_R17_rec_anes_004_L_17-03-46/img011329.png,/data/disk2/home/tony/demo1/model/cheese3d_demo_model/backend/cheese3d_demo_model-houlab-2025-05-28/labeled-data/20240326_R17_rec_anes_004_L_17-03-46/CollectedData_houlab.h5,16,most completely labeled frame in folder
F065,1,20240326_R17_rec_anes_004_R_17-03-46,img000002.png,/data/disk2/home/tony/demo1/model/cheese3d_demo_model/backend/cheese3d_demo_model-houlab-2025-05-28/labeled-data/20240326_R17_rec_anes_004_R_17-03-46/img000002.png,/data/disk2/home/tony/demo1/model/cheese3d_demo_model/backend/cheese3d_demo_model-houlab-2025-05-28/labeled-data/20240326_R17_rec_anes_004_R_17-03-46/CollectedData_houlab.h5,16,most completely labeled frame in folder
F066,1,20240326_R17_rec_anes_004_TC_17-03-46,img000071.png,/data/disk2/home/tony/demo1/model/cheese3d_demo_model/backend/cheese3d_demo_model-houlab-2025-05-28/labeled-data/20240326_R17_rec_anes_004_TC_17-03-46/img000071.png,/data/disk2/home/tony/demo1/model/cheese3d_demo_model/backend/cheese3d_demo_model-houlab-2025-05-28/labeled-data/20240326_R17_rec_anes_004_TC_17-03-46/CollectedData_houlab.h5,12,most completely labeled frame in folder
F067,1,20240326_R17_rec_anes_004_TL_17-03-46,img002507.png,/data/disk2/home/tony/demo1/model/cheese3d_demo_model/backend/cheese3d_demo_model-houlab-2025-05-28/labeled-data/20240326_R17_rec_anes_004_TL_17-03-46/img002507.png,/data/disk2/home/tony/demo1/model/cheese3d_demo_model/backend/cheese3d_demo_model-houlab-2025-05-28/labeled-data/20240326_R17_rec_anes_004_TL_17-03-46/CollectedData_houlab.h5,12,most completely labeled frame in folder
F068,1,20240326_R17_rec_anes_004_TR_17-03-46,img003957.png,/data/disk2/home/tony/demo1/model/cheese3d_demo_model/backend/cheese3d_demo_model-houlab-2025-05-28/labeled-data/20240326_R17_rec_anes_004_TR_17-03-46/img003957.png,/data/disk2/home/tony/demo1/model/cheese3d_demo_model/backend/cheese3d_demo_model-houlab-2025-05-28/labeled-data/20240326_R17_rec_anes_004_TR_17-03-46/CollectedData_houlab.h5,12,most completely labeled frame in folder
F069,1,20240326_R17_rec_awake_000_BC_11-14-17,img00236.png,/data/disk2/home/tony/demo1/model/cheese3d_demo_model/backend/cheese3d_demo_model-houlab-2025-05-28/labeled-data/20240326_R17_rec_awake_000_BC_11-14-17/img00236.png,/data/disk2/home/tony/demo1/model/cheese3d_demo_model/backend/cheese3d_demo_model-houlab-2025-05-28/labeled-data/20240326_R17_rec_awake_000_BC_11-14-17/CollectedData_houlab.h5,11,most completely labeled frame in folder
F070,1,20240326_R17_rec_awake_000_L_11-14-17,img00366.png,/data/disk2/home/tony/demo1/model/cheese3d_demo_model/backend/cheese3d_demo_model-houlab-2025-05-28/labeled-data/20240326_R17_rec_awake_000_L_11-14-17/img00366.png,/data/disk2/home/tony/demo1/model/cheese3d_demo_model/backend/cheese3d_demo_model-houlab-2025-05-28/labeled-data/20240326_R17_rec_awake_000_L_11-14-17/CollectedData_houlab.h5,16,most completely labeled frame in folder
F071,1,20240326_R17_rec_awake_000_R_11-14-17,img00051.png,/data/disk2/home/tony/demo1/model/cheese3d_demo_model/backend/cheese3d_demo_model-houlab-2025-05-28/labeled-data/20240326_R17_rec_awake_000_R_11-14-17/img00051.png,/data/disk2/home/tony/demo1/model/cheese3d_demo_model/backend/cheese3d_demo_model-houlab-2025-05-28/labeled-data/20240326_R17_rec_awake_000_R_11-14-17/CollectedData_houlab.h5,16,most completely labeled frame in folder
F072,1,20240326_R17_rec_awake_000_TC_11-14-17,img00288.png,/data/disk2/home/tony/demo1/model/cheese3d_demo_model/backend/cheese3d_demo_model-houlab-2025-05-28/labeled-data/20240326_R17_rec_awake_000_TC_11-14-17/img00288.png,/data/disk2/home/tony/demo1/model/cheese3d_demo_model/backend/cheese3d_demo_model-houlab-2025-05-28/labeled-data/20240326_R17_rec_awake_000_TC_11-14-17/CollectedData_houlab.h5,12,most completely labeled frame in folder
F073,1,20240326_R17_rec_awake_000_TL_11-14-17,img00368.png,/data/disk2/home/tony/demo1/model/cheese3d_demo_model/backend/cheese3d_demo_model-houlab-2025-05-28/labeled-data/20240326_R17_rec_awake_000_TL_11-14-17/img00368.png,/data/disk2/home/tony/demo1/model/cheese3d_demo_model/backend/cheese3d_demo_model-houlab-2025-05-28/labeled-data/20240326_R17_rec_awake_000_TL_11-14-17/CollectedData_houlab.h5,12,most completely labeled frame in folder
F074,1,20240326_R17_rec_awake_000_TR_11-14-17,img18335.png,/data/disk2/home/tony/demo1/model/cheese3d_demo_model/backend/cheese3d_demo_model-houlab-2025-05-28/labeled-data/20240326_R17_rec_awake_000_TR_11-14-17/img18335.png,/data/disk2/home/tony/demo1/model/cheese3d_demo_model/backend/cheese3d_demo_model-houlab-2025-05-28/labeled-data/20240326_R17_rec_awake_000_TR_11-14-17/CollectedData_houlab.h5,12,most completely labeled frame in folder
F075,1,20240326_R17_rec_awake_001_BC_11-19-22,img00700.png,/data/disk2/home/tony/demo1/model/cheese3d_demo_model/backend/cheese3d_demo_model-houlab-2025-05-28/labeled-data/20240326_R17_rec_awake_001_BC_11-19-22/img00700.png,/data/disk2/home/tony/demo1/model/cheese3d_demo_model/backend/cheese3d_demo_model-houlab-2025-05-28/labeled-data/20240326_R17_rec_awake_001_BC_11-19-22/CollectedData_houlab.h5,11,most completely labeled frame in folder
F076,1,20240326_R17_rec_awake_001_L_11-19-22,img01590.png,/data/disk2/home/tony/demo1/model/cheese3d_demo_model/backend/cheese3d_demo_model-houlab-2025-05-28/labeled-data/20240326_R17_rec_awake_001_L_11-19-22/img01590.png,/data/disk2/home/tony/demo1/model/cheese3d_demo_model/backend/cheese3d_demo_model-houlab-2025-05-28/labeled-data/20240326_R17_rec_awake_001_L_11-19-22/CollectedData_houlab.h5,16,most completely labeled frame in folder
F077,1,20240326_R17_rec_awake_001_R_11-19-22,img01559.png,/data/disk2/home/tony/demo1/model/cheese3d_demo_model/backend/cheese3d_demo_model-houlab-2025-05-28/labeled-data/20240326_R17_rec_awake_001_R_11-19-22/img01559.png,/data/disk2/home/tony/demo1/model/cheese3d_demo_model/backend/cheese3d_demo_model-houlab-2025-05-28/labeled-data/20240326_R17_rec_awake_001_R_11-19-22/CollectedData_houlab.h5,16,most completely labeled frame in folder
F078,1,20240326_R17_rec_awake_001_TC_11-19-22,img01004.png,/data/disk2/home/tony/demo1/model/cheese3d_demo_model/backend/cheese3d_demo_model-houlab-2025-05-28/labeled-data/20240326_R17_rec_awake_001_TC_11-19-22/img01004.png,/data/disk2/home/tony/demo1/model/cheese3d_demo_model/backend/cheese3d_demo_model-houlab-2025-05-28/labeled-data/20240326_R17_rec_awake_001_TC_11-19-22/CollectedData_houlab.h5,12,most completely labeled frame in folder
F079,1,20240326_R17_rec_awake_001_TL_11-19-22,img00595.png,/data/disk2/home/tony/demo1/model/cheese3d_demo_model/backend/cheese3d_demo_model-houlab-2025-05-28/labeled-data/20240326_R17_rec_awake_001_TL_11-19-22/img00595.png,/data/disk2/home/tony/demo1/model/cheese3d_demo_model/backend/cheese3d_demo_model-houlab-2025-05-28/labeled-data/20240326_R17_rec_awake_001_TL_11-19-22/CollectedData_houlab.h5,12,most completely labeled frame in folder
F080,2,20240326_R17_rec_awake_001_TR_11-19-22,img00533.png,/data/disk2/home/tony/demo1/model/cheese3d_demo_model/backend/cheese3d_demo_model-houlab-2025-05-28/labeled-data/20240326_R17_rec_awake_001_TR_11-19-22/img00533.png,/data/disk2/home/tony/demo1/model/cheese3d_demo_model/backend/cheese3d_demo_model-houlab-2025-05-28/labeled-data/20240326_R17_rec_awake_001_TR_11-19-22/CollectedData_houlab.h5,12,most completely labeled frame in folder
F081,2,20240326_R17_rec_awake_002_BC_11-24-23,img00261.png,/data/disk2/home/tony/demo1/model/cheese3d_demo_model/backend/cheese3d_demo_model-houlab-2025-05-28/labeled-data/20240326_R17_rec_awake_002_BC_11-24-23/img00261.png,/data/disk2/home/tony/demo1/model/cheese3d_demo_model/backend/cheese3d_demo_model-houlab-2025-05-28/labeled-data/20240326_R17_rec_awake_002_BC_11-24-23/CollectedData_houlab.h5,11,most completely labeled frame in folder
F082,2,20240326_R17_rec_awake_002_L_11-24-23,img00811.png,/data/disk2/home/tony/demo1/model/cheese3d_demo_model/backend/cheese3d_demo_model-houlab-2025-05-28/labeled-data/20240326_R17_rec_awake_002_L_11-24-23/img00811.png,/data/disk2/home/tony/demo1/model/cheese3d_demo_model/backend/cheese3d_demo_model-houlab-2025-05-28/labeled-data/20240326_R17_rec_awake_002_L_11-24-23/CollectedData_houlab.h5,16,most completely labeled frame in folder
F083,2,20240326_R17_rec_awake_002_R_11-24-23,img01104.png,/data/disk2/home/tony/demo1/model/cheese3d_demo_model/backend/cheese3d_demo_model-houlab-2025-05-28/labeled-data/20240326_R17_rec_awake_002_R_11-24-23/img01104.png,/data/disk2/home/tony/demo1/model/cheese3d_demo_model/backend/cheese3d_demo_model-houlab-2025-05-28/labeled-data/20240326_R17_rec_awake_002_R_11-24-23/CollectedData_houlab.h5,16,most completely labeled frame in folder
F084,2,20240326_R17_rec_awake_002_TC_11-24-23,img00768.png,/data/disk2/home/tony/demo1/model/cheese3d_demo_model/backend/cheese3d_demo_model-houlab-2025-05-28/labeled-data/20240326_R17_rec_awake_002_TC_11-24-23/img00768.png,/data/disk2/home/tony/demo1/model/cheese3d_demo_model/backend/cheese3d_demo_model-houlab-2025-05-28/labeled-data/20240326_R17_rec_awake_002_TC_11-24-23/CollectedData_houlab.h5,12,most completely labeled frame in folder
F085,2,20240326_R17_rec_awake_002_TL_11-24-23,img00040.png,/data/disk2/home/tony/demo1/model/cheese3d_demo_model/backend/cheese3d_demo_model-houlab-2025-05-28/labeled-data/20240326_R17_rec_awake_002_TL_11-24-23/img00040.png,/data/disk2/home/tony/demo1/model/cheese3d_demo_model/backend/cheese3d_demo_model-houlab-2025-05-28/labeled-data/20240326_R17_rec_awake_002_TL_11-24-23/CollectedData_houlab.h5,12,most completely labeled frame in folder
F086,2,20240326_R17_rec_awake_002_TR_11-24-23,img00291.png,/data/disk2/home/tony/demo1/model/cheese3d_demo_model/backend/cheese3d_demo_model-houlab-2025-05-28/labeled-data/20240326_R17_rec_awake_002_TR_11-24-23/img00291.png,/data/disk2/home/tony/demo1/model/cheese3d_demo_model/backend/cheese3d_demo_model-houlab-2025-05-28/labeled-data/20240326_R17_rec_awake_002_TR_11-24-23/CollectedData_houlab.h5,12,most completely labeled frame in folder
F087,2,20240326_R17_rec_awake_003_BC_11-29-46,img01657.png,/data/disk2/home/tony/demo1/model/cheese3d_demo_model/backend/cheese3d_demo_model-houlab-2025-05-28/labeled-data/20240326_R17_rec_awake_003_BC_11-29-46/img01657.png,/data/disk2/home/tony/demo1/model/cheese3d_demo_model/backend/cheese3d_demo_model-houlab-2025-05-28/labeled-data/20240326_R17_rec_awake_003_BC_11-29-46/CollectedData_houlab.h5,11,most completely labeled frame in folder
F088,2,20240326_R17_rec_awake_003_L_11-29-46,img00585.png,/data/disk2/home/tony/demo1/model/cheese3d_demo_model/backend/cheese3d_demo_model-houlab-2025-05-28/labeled-data/20240326_R17_rec_awake_003_L_11-29-46/img00585.png,/data/disk2/home/tony/demo1/model/cheese3d_demo_model/backend/cheese3d_demo_model-houlab-2025-05-28/labeled-data/20240326_R17_rec_awake_003_L_11-29-46/CollectedData_houlab.h5,16,most completely labeled frame in folder
F089,2,20240326_R17_rec_awake_003_R_11-29-46,img00865.png,/data/disk2/home/tony/demo1/model/cheese3d_demo_model/backend/cheese3d_demo_model-houlab-2025-05-28/labeled-data/20240326_R17_rec_awake_003_R_11-29-46/img00865.png,/data/disk2/home/tony/demo1/model/cheese3d_demo_model/backend/cheese3d_demo_model-houlab-2025-05-28/labeled-data/20240326_R17_rec_awake_003_R_11-29-46/CollectedData_houlab.h5,16,most completely labeled frame in folder
F090,2,20240326_R17_rec_awake_003_TC_11-29-46,img00427.png,/data/disk2/home/tony/demo1/model/cheese3d_demo_model/backend/cheese3d_demo_model-houlab-2025-05-28/labeled-data/20240326_R17_rec_awake_003_TC_11-29-46/img00427.png,/data/disk2/home/tony/demo1/model/cheese3d_demo_model/backend/cheese3d_demo_model-houlab-2025-05-28/labeled-data/20240326_R17_rec_awake_003_TC_11-29-46/CollectedData_houlab.h5,12,most completely labeled frame in folder
F091,2,20240326_R17_rec_awake_003_TL_11-29-46,img01236.png,/data/disk2/home/tony/demo1/model/cheese3d_demo_model/backend/cheese3d_demo_model-houlab-2025-05-28/labeled-data/20240326_R17_rec_awake_003_TL_11-29-46/img01236.png,/data/disk2/home/tony/demo1/model/cheese3d_demo_model/backend/cheese3d_demo_model-houlab-2025-05-28/labeled-data/20240326_R17_rec_awake_003_TL_11-29-46/CollectedData_houlab.h5,12,most completely labeled frame in folder
F092,2,20240326_R17_rec_awake_003_TR_11-29-46,img01724.png,/data/disk2/home/tony/demo1/model/cheese3d_demo_model/backend/cheese3d_demo_model-houlab-2025-05-28/labeled-data/20240326_R17_rec_awake_003_TR_11-29-46/img01724.png,/data/disk2/home/tony/demo1/model/cheese3d_demo_model/backend/cheese3d_demo_model-houlab-2025-05-28/labeled-data/20240326_R17_rec_awake_003_TR_11-29-46/CollectedData_houlab.h5,12,most completely labeled frame in folder
F093,2,20240328_R17_rec_anes_005_BC_15-56-07,img00794.png,/data/disk2/home/tony/demo1/model/cheese3d_demo_model/backend/cheese3d_demo_model-houlab-2025-05-28/labeled-data/20240328_R17_rec_anes_005_BC_15-56-07/img00794.png,/data/disk2/home/tony/demo1/model/cheese3d_demo_model/backend/cheese3d_demo_model-houlab-2025-05-28/labeled-data/20240328_R17_rec_anes_005_BC_15-56-07/CollectedData_houlab.h5,11,most completely labeled frame in folder
F094,2,20240328_R17_rec_anes_005_L_15-56-07,img03767.png,/data/disk2/home/tony/demo1/model/cheese3d_demo_model/backend/cheese3d_demo_model-houlab-2025-05-28/labeled-data/20240328_R17_rec_anes_005_L_15-56-07/img03767.png,/data/disk2/home/tony/demo1/model/cheese3d_demo_model/backend/cheese3d_demo_model-houlab-2025-05-28/labeled-data/20240328_R17_rec_anes_005_L_15-56-07/CollectedData_houlab.h5,16,most completely labeled frame in folder
F095,2,20240328_R17_rec_anes_005_R_15-56-07,img00898.png,/data/disk2/home/tony/demo1/model/cheese3d_demo_model/backend/cheese3d_demo_model-houlab-2025-05-28/labeled-data/20240328_R17_rec_anes_005_R_15-56-07/img00898.png,/data/disk2/home/tony/demo1/model/cheese3d_demo_model/backend/cheese3d_demo_model-houlab-2025-05-28/labeled-data/20240328_R17_rec_anes_005_R_15-56-07/CollectedData_houlab.h5,16,most completely labeled frame in folder
F096,2,20240328_R17_rec_anes_005_TC_15-56-07,img00016.png,/data/disk2/home/tony/demo1/model/cheese3d_demo_model/backend/cheese3d_demo_model-houlab-2025-05-28/labeled-data/20240328_R17_rec_anes_005_TC_15-56-07/img00016.png,/data/disk2/home/tony/demo1/model/cheese3d_demo_model/backend/cheese3d_demo_model-houlab-2025-05-28/labeled-data/20240328_R17_rec_anes_005_TC_15-56-07/CollectedData_houlab.h5,12,most completely labeled frame in folder
F097,2,20240328_R17_rec_anes_005_TL_15-56-07,img02351.png,/data/disk2/home/tony/demo1/model/cheese3d_demo_model/backend/cheese3d_demo_model-houlab-2025-05-28/labeled-data/20240328_R17_rec_anes_005_TL_15-56-07/img02351.png,/data/disk2/home/tony/demo1/model/cheese3d_demo_model/backend/cheese3d_demo_model-houlab-2025-05-28/labeled-data/20240328_R17_rec_anes_005_TL_15-56-07/CollectedData_houlab.h5,12,most completely labeled frame in folder
F098,2,20240328_R17_rec_anes_005_TR_15-56-07,img02776.png,/data/disk2/home/tony/demo1/model/cheese3d_demo_model/backend/cheese3d_demo_model-houlab-2025-05-28/labeled-data/20240328_R17_rec_anes_005_TR_15-56-07/img02776.png,/data/disk2/home/tony/demo1/model/cheese3d_demo_model/backend/cheese3d_demo_model-houlab-2025-05-28/labeled-data/20240328_R17_rec_anes_005_TR_15-56-07/CollectedData_houlab.h5,12,most completely labeled frame in folder
F099,2,20240328_R17_rec_anes_006_BC_16-05-57,img0261.png,/data/disk2/home/tony/demo1/model/cheese3d_demo_model/backend/cheese3d_demo_model-houlab-2025-05-28/labeled-data/20240328_R17_rec_anes_006_BC_16-05-57/img0261.png,/data/disk2/home/tony/demo1/model/cheese3d_demo_model/backend/cheese3d_demo_model-houlab-2025-05-28/labeled-data/20240328_R17_rec_anes_006_BC_16-05-57/CollectedData_houlab.h5,11,most completely labeled frame in folder
F100,2,20240328_R17_rec_anes_006_L_16-05-57,img0115.png,/data/disk2/home/tony/demo1/model/cheese3d_demo_model/backend/cheese3d_demo_model-houlab-2025-05-28/labeled-data/20240328_R17_rec_anes_006_L_16-05-57/img0115.png,/data/disk2/home/tony/demo1/model/cheese3d_demo_model/backend/cheese3d_demo_model-houlab-2025-05-28/labeled-data/20240328_R17_rec_anes_006_L_16-05-57/CollectedData_houlab.h5,16,most completely labeled frame in folder
F101,2,20240328_R17_rec_anes_006_R_16-05-57,img0108.png,/data/disk2/home/tony/demo1/model/cheese3d_demo_model/backend/cheese3d_demo_model-houlab-2025-05-28/labeled-data/20240328_R17_rec_anes_006_R_16-05-57/img0108.png,/data/disk2/home/tony/demo1/model/cheese3d_demo_model/backend/cheese3d_demo_model-houlab-2025-05-28/labeled-data/20240328_R17_rec_anes_006_R_16-05-57/CollectedData_houlab.h5,16,most completely labeled frame in folder
F102,2,20240328_R17_rec_anes_006_TC_16-05-57,img0029.png,/data/disk2/home/tony/demo1/model/cheese3d_demo_model/backend/cheese3d_demo_model-houlab-2025-05-28/labeled-data/20240328_R17_rec_anes_006_TC_16-05-57/img0029.png,/data/disk2/home/tony/demo1/model/cheese3d_demo_model/backend/cheese3d_demo_model-houlab-2025-05-28/labeled-data/20240328_R17_rec_anes_006_TC_16-05-57/CollectedData_houlab.h5,13,most completely labeled frame in folder
F103,2,20240328_R17_rec_anes_006_TL_16-05-57,img0037.png,/data/disk2/home/tony/demo1/model/cheese3d_demo_model/backend/cheese3d_demo_model-houlab-2025-05-28/labeled-data/20240328_R17_rec_anes_006_TL_16-05-57/img0037.png,/data/disk2/home/tony/demo1/model/cheese3d_demo_model/backend/cheese3d_demo_model-houlab-2025-05-28/labeled-data/20240328_R17_rec_anes_006_TL_16-05-57/CollectedData_houlab.h5,12,most completely labeled frame in folder
F104,2,20240328_R17_rec_anes_006_TR_16-05-57,img0146.png,/data/disk2/home/tony/demo1/model/cheese3d_demo_model/backend/cheese3d_demo_model-houlab-2025-05-28/labeled-data/20240328_R17_rec_anes_006_TR_16-05-57/img0146.png,/data/disk2/home/tony/demo1/model/cheese3d_demo_model/backend/cheese3d_demo_model-houlab-2025-05-28/labeled-data/20240328_R17_rec_anes_006_TR_16-05-57/CollectedData_houlab.h5,12,most completely labeled frame in folder
F105,2,20240328_R17_rec_anes_007_BC_16-07-25,img00072.png,/data/disk2/home/tony/demo1/model/cheese3d_demo_model/backend/cheese3d_demo_model-houlab-2025-05-28/labeled-data/20240328_R17_rec_anes_007_BC_16-07-25/img00072.png,/data/disk2/home/tony/demo1/model/cheese3d_demo_model/backend/cheese3d_demo_model-houlab-2025-05-28/labeled-data/20240328_R17_rec_anes_007_BC_16-07-25/CollectedData_houlab.h5,11,most completely labeled frame in folder
F106,2,20240328_R17_rec_anes_007_L_16-07-25,img01138.png,/data/disk2/home/tony/demo1/model/cheese3d_demo_model/backend/cheese3d_demo_model-houlab-2025-05-28/labeled-data/20240328_R17_rec_anes_007_L_16-07-25/img01138.png,/data/disk2/home/tony/demo1/model/cheese3d_demo_model/backend/cheese3d_demo_model-houlab-2025-05-28/labeled-data/20240328_R17_rec_anes_007_L_16-07-25/CollectedData_houlab.h5,16,most completely labeled frame in folder
F107,2,20240328_R17_rec_anes_007_R_16-07-25,img00274.png,/data/disk2/home/tony/demo1/model/cheese3d_demo_model/backend/cheese3d_demo_model-houlab-2025-05-28/labeled-data/20240328_R17_rec_anes_007_R_16-07-25/img00274.png,/data/disk2/home/tony/demo1/model/cheese3d_demo_model/backend/cheese3d_demo_model-houlab-2025-05-28/labeled-data/20240328_R17_rec_anes_007_R_16-07-25/CollectedData_houlab.h5,16,most completely labeled frame in folder
F108,2,20240328_R17_rec_anes_007_TC_16-07-25,img01005.png,/data/disk2/home/tony/demo1/model/cheese3d_demo_model/backend/cheese3d_demo_model-houlab-2025-05-28/labeled-data/20240328_R17_rec_anes_007_TC_16-07-25/img01005.png,/data/disk2/home/tony/demo1/model/cheese3d_demo_model/backend/cheese3d_demo_model-houlab-2025-05-28/labeled-data/20240328_R17_rec_anes_007_TC_16-07-25/CollectedData_houlab.h5,12,most completely labeled frame in folder
F109,2,20240328_R17_rec_anes_007_TL_16-07-25,img02254.png,/data/disk2/home/tony/demo1/model/cheese3d_demo_model/backend/cheese3d_demo_model-houlab-2025-05-28/labeled-data/20240328_R17_rec_anes_007_TL_16-07-25/img02254.png,/data/disk2/home/tony/demo1/model/cheese3d_demo_model/backend/cheese3d_demo_model-houlab-2025-05-28/labeled-data/20240328_R17_rec_anes_007_TL_16-07-25/CollectedData_houlab.h5,12,most completely labeled frame in folder
F110,2,20240328_R17_rec_anes_007_TR_16-07-25,img02145.png,/data/disk2/home/tony/demo1/model/cheese3d_demo_model/backend/cheese3d_demo_model-houlab-2025-05-28/labeled-data/20240328_R17_rec_anes_007_TR_16-07-25/img02145.png,/data/disk2/home/tony/demo1/model/cheese3d_demo_model/backend/cheese3d_demo_model-houlab-2025-05-28/labeled-data/20240328_R17_rec_anes_007_TR_16-07-25/CollectedData_houlab.h5,12,most completely labeled frame in folder
F111,2,20240328_R17_rec_anes_008_BC_16-13-14,img0527.png,/data/disk2/home/tony/demo1/model/cheese3d_demo_model/backend/cheese3d_demo_model-houlab-2025-05-28/labeled-data/20240328_R17_rec_anes_008_BC_16-13-14/img0527.png,/data/disk2/home/tony/demo1/model/cheese3d_demo_model/backend/cheese3d_demo_model-houlab-2025-05-28/labeled-data/20240328_R17_rec_anes_008_BC_16-13-14/CollectedData_houlab.h5,11,most completely labeled frame in folder
F112,2,20240328_R17_rec_anes_008_L_16-13-14,img0228.png,/data/disk2/home/tony/demo1/model/cheese3d_demo_model/backend/cheese3d_demo_model-houlab-2025-05-28/labeled-data/20240328_R17_rec_anes_008_L_16-13-14/img0228.png,/data/disk2/home/tony/demo1/model/cheese3d_demo_model/backend/cheese3d_demo_model-houlab-2025-05-28/labeled-data/20240328_R17_rec_anes_008_L_16-13-14/CollectedData_houlab.h5,16,most completely labeled frame in folder
F113,2,20240328_R17_rec_anes_008_R_16-13-14,img0267.png,/data/disk2/home/tony/demo1/model/cheese3d_demo_model/backend/cheese3d_demo_model-houlab-2025-05-28/labeled-data/20240328_R17_rec_anes_008_R_16-13-14/img0267.png,/data/disk2/home/tony/demo1/model/cheese3d_demo_model/backend/cheese3d_demo_model-houlab-2025-05-28/labeled-data/20240328_R17_rec_anes_008_R_16-13-14/CollectedData_houlab.h5,16,most completely labeled frame in folder
F114,2,20240328_R17_rec_anes_008_TC_16-13-14,img0037.png,/data/disk2/home/tony/demo1/model/cheese3d_demo_model/backend/cheese3d_demo_model-houlab-2025-05-28/labeled-data/20240328_R17_rec_anes_008_TC_16-13-14/img0037.png,/data/disk2/home/tony/demo1/model/cheese3d_demo_model/backend/cheese3d_demo_model-houlab-2025-05-28/labeled-data/20240328_R17_rec_anes_008_TC_16-13-14/CollectedData_houlab.h5,12,most completely labeled frame in folder
F115,2,20240328_R17_rec_anes_008_TL_16-13-14,img0143.png,/data/disk2/home/tony/demo1/model/cheese3d_demo_model/backend/cheese3d_demo_model-houlab-2025-05-28/labeled-data/20240328_R17_rec_anes_008_TL_16-13-14/img0143.png,/data/disk2/home/tony/demo1/model/cheese3d_demo_model/backend/cheese3d_demo_model-houlab-2025-05-28/labeled-data/20240328_R17_rec_anes_008_TL_16-13-14/CollectedData_houlab.h5,12,most completely labeled frame in folder
F116,2,20240328_R17_rec_anes_008_TR_16-13-14,img0006.png,/data/disk2/home/tony/demo1/model/cheese3d_demo_model/backend/cheese3d_demo_model-houlab-2025-05-28/labeled-data/20240328_R17_rec_anes_008_TR_16-13-14/img0006.png,/data/disk2/home/tony/demo1/model/cheese3d_demo_model/backend/cheese3d_demo_model-houlab-2025-05-28/labeled-data/20240328_R17_rec_anes_008_TR_16-13-14/CollectedData_houlab.h5,12,most completely labeled frame in folder
F117,2,20240328_R17_rec_anes_009_BC_16-29-28,img00969.png,/data/disk2/home/tony/demo1/model/cheese3d_demo_model/backend/cheese3d_demo_model-houlab-2025-05-28/labeled-data/20240328_R17_rec_anes_009_BC_16-29-28/img00969.png,/data/disk2/home/tony/demo1/model/cheese3d_demo_model/backend/cheese3d_demo_model-houlab-2025-05-28/labeled-data/20240328_R17_rec_anes_009_BC_16-29-28/CollectedData_houlab.h5,11,most completely labeled frame in folder
F118,2,20240328_R17_rec_anes_009_L_16-29-28,img00775.png,/data/disk2/home/tony/demo1/model/cheese3d_demo_model/backend/cheese3d_demo_model-houlab-2025-05-28/labeled-data/20240328_R17_rec_anes_009_L_16-29-28/img00775.png,/data/disk2/home/tony/demo1/model/cheese3d_demo_model/backend/cheese3d_demo_model-houlab-2025-05-28/labeled-data/20240328_R17_rec_anes_009_L_16-29-28/CollectedData_houlab.h5,16,most completely labeled frame in folder
F119,2,20240328_R17_rec_anes_009_R_16-29-28,img00325.png,/data/disk2/home/tony/demo1/model/cheese3d_demo_model/backend/cheese3d_demo_model-houlab-2025-05-28/labeled-data/20240328_R17_rec_anes_009_R_16-29-28/img00325.png,/data/disk2/home/tony/demo1/model/cheese3d_demo_model/backend/cheese3d_demo_model-houlab-2025-05-28/labeled-data/20240328_R17_rec_anes_009_R_16-29-28/CollectedData_houlab.h5,16,most completely labeled frame in folder
F120,2,20240328_R17_rec_anes_009_TC_16-29-28,img01309.png,/data/disk2/home/tony/demo1/model/cheese3d_demo_model/backend/cheese3d_demo_model-houlab-2025-05-28/labeled-data/20240328_R17_rec_anes_009_TC_16-29-28/img01309.png,/data/disk2/home/tony/demo1/model/cheese3d_demo_model/backend/cheese3d_demo_model-houlab-2025-05-28/labeled-data/20240328_R17_rec_anes_009_TC_16-29-28/CollectedData_houlab.h5,13,most completely labeled frame in folder
F121,2,20240328_R17_rec_anes_009_TL_16-29-28,img08135.png,/data/disk2/home/tony/demo1/model/cheese3d_demo_model/backend/cheese3d_demo_model-houlab-2025-05-28/labeled-data/20240328_R17_rec_anes_009_TL_16-29-28/img08135.png,/data/disk2/home/tony/demo1/model/cheese3d_demo_model/backend/cheese3d_demo_model-houlab-2025-05-28/labeled-data/20240328_R17_rec_anes_009_TL_16-29-28/CollectedData_houlab.h5,12,most completely labeled frame in folder
F122,2,20240328_R17_rec_anes_009_TR_16-29-28,img00579.png,/data/disk2/home/tony/demo1/model/cheese3d_demo_model/backend/cheese3d_demo_model-houlab-2025-05-28/labeled-data/20240328_R17_rec_anes_009_TR_16-29-28/img00579.png,/data/disk2/home/tony/demo1/model/cheese3d_demo_model/backend/cheese3d_demo_model-houlab-2025-05-28/labeled-data/20240328_R17_rec_anes_009_TR_16-29-28/CollectedData_houlab.h5,12,most completely labeled frame in folder
F123,2,20240328_R17_rec_anes_010_BC_16-43-43,img0549.png,/data/disk2/home/tony/demo1/model/cheese3d_demo_model/backend/cheese3d_demo_model-houlab-2025-05-28/labeled-data/20240328_R17_rec_anes_010_BC_16-43-43/img0549.png,/data/disk2/home/tony/demo1/model/cheese3d_demo_model/backend/cheese3d_demo_model-houlab-2025-05-28/labeled-data/20240328_R17_rec_anes_010_BC_16-43-43/CollectedData_houlab.h5,11,most completely labeled frame in folder
F124,2,20240328_R17_rec_anes_010_L_16-43-43,img0131.png,/data/disk2/home/tony/demo1/model/cheese3d_demo_model/backend/cheese3d_demo_model-houlab-2025-05-28/labeled-data/20240328_R17_rec_anes_010_L_16-43-43/img0131.png,/data/disk2/home/tony/demo1/model/cheese3d_demo_model/backend/cheese3d_demo_model-houlab-2025-05-28/labeled-data/20240328_R17_rec_anes_010_L_16-43-43/CollectedData_houlab.h5,16,most completely labeled frame in folder
F125,2,20240328_R17_rec_anes_010_R_16-43-43,img0707.png,/data/disk2/home/tony/demo1/model/cheese3d_demo_model/backend/cheese3d_demo_model-houlab-2025-05-28/labeled-data/20240328_R17_rec_anes_010_R_16-43-43/img0707.png,/data/disk2/home/tony/demo1/model/cheese3d_demo_model/backend/cheese3d_demo_model-houlab-2025-05-28/labeled-data/20240328_R17_rec_anes_010_R_16-43-43/CollectedData_houlab.h5,16,most completely labeled frame in folder
F126,2,20240328_R17_rec_anes_010_TC_16-43-43,img0006.png,/data/disk2/home/tony/demo1/model/cheese3d_demo_model/backend/cheese3d_demo_model-houlab-2025-05-28/labeled-data/20240328_R17_rec_anes_010_TC_16-43-43/img0006.png,/data/disk2/home/tony/demo1/model/cheese3d_demo_model/backend/cheese3d_demo_model-houlab-2025-05-28/labeled-data/20240328_R17_rec_anes_010_TC_16-43-43/CollectedData_houlab.h5,12,most completely labeled frame in folder
F127,2,20240328_R17_rec_anes_010_TL_16-43-43,img0517.png,/data/disk2/home/tony/demo1/model/cheese3d_demo_model/backend/cheese3d_demo_model-houlab-2025-05-28/labeled-data/20240328_R17_rec_anes_010_TL_16-43-43/img0517.png,/data/disk2/home/tony/demo1/model/cheese3d_demo_model/backend/cheese3d_demo_model-houlab-2025-05-28/labeled-data/20240328_R17_rec_anes_010_TL_16-43-43/CollectedData_houlab.h5,12,most completely labeled frame in folder
F128,2,20240328_R17_rec_anes_010_TR_16-43-43,img0020.png,/data/disk2/home/tony/demo1/model/cheese3d_demo_model/backend/cheese3d_demo_model-houlab-2025-05-28/labeled-data/20240328_R17_rec_anes_010_TR_16-43-43/img0020.png,/data/disk2/home/tony/demo1/model/cheese3d_demo_model/backend/cheese3d_demo_model-houlab-2025-05-28/labeled-data/20240328_R17_rec_anes_010_TR_16-43-43/CollectedData_houlab.h5,12,most completely labeled frame in folder
F129,2,20240328_R17_rec_rec_000_BC_08-45-58,img00107.png,/data/disk2/home/tony/demo1/model/cheese3d_demo_model/backend/cheese3d_demo_model-houlab-2025-05-28/labeled-data/20240328_R17_rec_rec_000_BC_08-45-58/img00107.png,/data/disk2/home/tony/demo1/model/cheese3d_demo_model/backend/cheese3d_demo_model-houlab-2025-05-28/labeled-data/20240328_R17_rec_rec_000_BC_08-45-58/CollectedData_houlab.h5,11,most completely labeled frame in folder
F130,2,20240328_R17_rec_rec_000_L_08-45-58,img00177.png,/data/disk2/home/tony/demo1/model/cheese3d_demo_model/backend/cheese3d_demo_model-houlab-2025-05-28/labeled-data/20240328_R17_rec_rec_000_L_08-45-58/img00177.png,/data/disk2/home/tony/demo1/model/cheese3d_demo_model/backend/cheese3d_demo_model-houlab-2025-05-28/labeled-data/20240328_R17_rec_rec_000_L_08-45-58/CollectedData_houlab.h5,16,most completely labeled frame in folder
F131,2,20240328_R17_rec_rec_000_R_08-45-58,img01913.png,/data/disk2/home/tony/demo1/model/cheese3d_demo_model/backend/cheese3d_demo_model-houlab-2025-05-28/labeled-data/20240328_R17_rec_rec_000_R_08-45-58/img01913.png,/data/disk2/home/tony/demo1/model/cheese3d_demo_model/backend/cheese3d_demo_model-houlab-2025-05-28/labeled-data/20240328_R17_rec_rec_000_R_08-45-58/CollectedData_houlab.h5,16,most completely labeled frame in folder
F132,2,20240328_R17_rec_rec_000_TC_08-45-58,img00372.png,/data/disk2/home/tony/demo1/model/cheese3d_demo_model/backend/cheese3d_demo_model-houlab-2025-05-28/labeled-data/20240328_R17_rec_rec_000_TC_08-45-58/img00372.png,/data/disk2/home/tony/demo1/model/cheese3d_demo_model/backend/cheese3d_demo_model-houlab-2025-05-28/labeled-data/20240328_R17_rec_rec_000_TC_08-45-58/CollectedData_houlab.h5,12,most completely labeled frame in folder
F133,2,20240328_R17_rec_rec_000_TL_08-45-58,img00004.png,/data/disk2/home/tony/demo1/model/cheese3d_demo_model/backend/cheese3d_demo_model-houlab-2025-05-28/labeled-data/20240328_R17_rec_rec_000_TL_08-45-58/img00004.png,/data/disk2/home/tony/demo1/model/cheese3d_demo_model/backend/cheese3d_demo_model-houlab-2025-05-28/labeled-data/20240328_R17_rec_rec_000_TL_08-45-58/CollectedData_houlab.h5,12,most completely labeled frame in folder
F134,2,20240328_R17_rec_rec_000_TR_08-45-58,img00026.png,/data/disk2/home/tony/demo1/model/cheese3d_demo_model/backend/cheese3d_demo_model-houlab-2025-05-28/labeled-data/20240328_R17_rec_rec_000_TR_08-45-58/img00026.png,/data/disk2/home/tony/demo1/model/cheese3d_demo_model/backend/cheese3d_demo_model-houlab-2025-05-28/labeled-data/20240328_R17_rec_rec_000_TR_08-45-58/CollectedData_houlab.h5,12,most completely labeled frame in folder
F135,2,20240328_R17_rec_rec_001_BC_08-50-45,img00880.png,/data/disk2/home/tony/demo1/model/cheese3d_demo_model/backend/cheese3d_demo_model-houlab-2025-05-28/labeled-data/20240328_R17_rec_rec_001_BC_08-50-45/img00880.png,/data/disk2/home/tony/demo1/model/cheese3d_demo_model/backend/cheese3d_demo_model-houlab-2025-05-28/labeled-data/20240328_R17_rec_rec_001_BC_08-50-45/CollectedData_houlab.h5,11,most completely labeled frame in folder
F136,2,20240328_R17_rec_rec_001_L_08-50-45,img00486.png,/data/disk2/home/tony/demo1/model/cheese3d_demo_model/backend/cheese3d_demo_model-houlab-2025-05-28/labeled-data/20240328_R17_rec_rec_001_L_08-50-45/img00486.png,/data/disk2/home/tony/demo1/model/cheese3d_demo_model/backend/cheese3d_demo_model-houlab-2025-05-28/labeled-data/20240328_R17_rec_rec_001_L_08-50-45/CollectedData_houlab.h5,16,most completely labeled frame in folder
F137,2,20240328_R17_rec_rec_001_R_08-50-45,img00183.png,/data/disk2/home/tony/demo1/model/cheese3d_demo_model/backend/cheese3d_demo_model-houlab-2025-05-28/labeled-data/20240328_R17_rec_rec_001_R_08-50-45/img00183.png,/data/disk2/home/tony/demo1/model/cheese3d_demo_model/backend/cheese3d_demo_model-houlab-2025-05-28/labeled-data/20240328_R17_rec_rec_001_R_08-50-45/CollectedData_houlab.h5,16,most completely labeled frame in folder
F138,2,20240328_R17_rec_rec_001_TC_08-50-45,img00017.png,/data/disk2/home/tony/demo1/model/cheese3d_demo_model/backend/cheese3d_demo_model-houlab-2025-05-28/labeled-data/20240328_R17_rec_rec_001_TC_08-50-45/img00017.png,/data/disk2/home/tony/demo1/model/cheese3d_demo_model/backend/cheese3d_demo_model-houlab-2025-05-28/labeled-data/20240328_R17_rec_rec_001_TC_08-50-45/CollectedData_houlab.h5,12,most completely labeled frame in folder
F139,2,20240328_R17_rec_rec_001_TL_08-50-45,img00320.png,/data/disk2/home/tony/demo1/model/cheese3d_demo_model/backend/cheese3d_demo_model-houlab-2025-05-28/labeled-data/20240328_R17_rec_rec_001_TL_08-50-45/img00320.png,/data/disk2/home/tony/demo1/model/cheese3d_demo_model/backend/cheese3d_demo_model-houlab-2025-05-28/labeled-data/20240328_R17_rec_rec_001_TL_08-50-45/CollectedData_houlab.h5,12,most completely labeled frame in folder
F140,2,20240328_R17_rec_rec_001_TR_08-50-45,img00344.png,/data/disk2/home/tony/demo1/model/cheese3d_demo_model/backend/cheese3d_demo_model-houlab-2025-05-28/labeled-data/20240328_R17_rec_rec_001_TR_08-50-45/img00344.png,/data/disk2/home/tony/demo1/model/cheese3d_demo_model/backend/cheese3d_demo_model-houlab-2025-05-28/labeled-data/20240328_R17_rec_rec_001_TR_08-50-45/CollectedData_houlab.h5,12,most completely labeled frame in folder
F141,2,20240328_R17_rec_rec_002_BC_08-56-09,img00001.png,/data/disk2/home/tony/demo1/model/cheese3d_demo_model/backend/cheese3d_demo_model-houlab-2025-05-28/labeled-data/20240328_R17_rec_rec_002_BC_08-56-09/img00001.png,/data/disk2/home/tony/demo1/model/cheese3d_demo_model/backend/cheese3d_demo_model-houlab-2025-05-28/labeled-data/20240328_R17_rec_rec_002_BC_08-56-09/CollectedData_houlab.h5,11,most completely labeled frame in folder
F142,2,20240328_R17_rec_rec_002_L_08-56-09,img00060.png,/data/disk2/home/tony/demo1/model/cheese3d_demo_model/backend/cheese3d_demo_model-houlab-2025-05-28/labeled-data/20240328_R17_rec_rec_002_L_08-56-09/img00060.png,/data/disk2/home/tony/demo1/model/cheese3d_demo_model/backend/cheese3d_demo_model-houlab-2025-05-28/labeled-data/20240328_R17_rec_rec_002_L_08-56-09/CollectedData_houlab.h5,16,most completely labeled frame in folder
F143,2,20240328_R17_rec_rec_002_R_08-56-09,img01315.png,/data/disk2/home/tony/demo1/model/cheese3d_demo_model/backend/cheese3d_demo_model-houlab-2025-05-28/labeled-data/20240328_R17_rec_rec_002_R_08-56-09/img01315.png,/data/disk2/home/tony/demo1/model/cheese3d_demo_model/backend/cheese3d_demo_model-houlab-2025-05-28/labeled-data/20240328_R17_rec_rec_002_R_08-56-09/CollectedData_houlab.h5,16,most completely labeled frame in folder
F144,2,20240328_R17_rec_rec_002_TC_08-56-09,img00028.png,/data/disk2/home/tony/demo1/model/cheese3d_demo_model/backend/cheese3d_demo_model-houlab-2025-05-28/labeled-data/20240328_R17_rec_rec_002_TC_08-56-09/img00028.png,/data/disk2/home/tony/demo1/model/cheese3d_demo_model/backend/cheese3d_demo_model-houlab-2025-05-28/labeled-data/20240328_R17_rec_rec_002_TC_08-56-09/CollectedData_houlab.h5,12,most completely labeled frame in folder
F145,2,20240328_R17_rec_rec_002_TL_08-56-09,img00349.png,/data/disk2/home/tony/demo1/model/cheese3d_demo_model/backend/cheese3d_demo_model-houlab-2025-05-28/labeled-data/20240328_R17_rec_rec_002_TL_08-56-09/img00349.png,/data/disk2/home/tony/demo1/model/cheese3d_demo_model/backend/cheese3d_demo_model-houlab-2025-05-28/labeled-data/20240328_R17_rec_rec_002_TL_08-56-09/CollectedData_houlab.h5,12,most completely labeled frame in folder
F146,2,20240328_R17_rec_rec_002_TR_08-56-09,img00089.png,/data/disk2/home/tony/demo1/model/cheese3d_demo_model/backend/cheese3d_demo_model-houlab-2025-05-28/labeled-data/20240328_R17_rec_rec_002_TR_08-56-09/img00089.png,/data/disk2/home/tony/demo1/model/cheese3d_demo_model/backend/cheese3d_demo_model-houlab-2025-05-28/labeled-data/20240328_R17_rec_rec_002_TR_08-56-09/CollectedData_houlab.h5,12,most completely labeled frame in folder
F147,2,20240328_R17_rec_rec_003_BC_09-00-06,img00837.png,/data/disk2/home/tony/demo1/model/cheese3d_demo_model/backend/cheese3d_demo_model-houlab-2025-05-28/labeled-data/20240328_R17_rec_rec_003_BC_09-00-06/img00837.png,/data/disk2/home/tony/demo1/model/cheese3d_demo_model/backend/cheese3d_demo_model-houlab-2025-05-28/labeled-data/20240328_R17_rec_rec_003_BC_09-00-06/CollectedData_houlab.h5,11,most completely labeled frame in folder
F148,2,20240328_R17_rec_rec_003_L_09-00-06,img00456.png,/data/disk2/home/tony/demo1/model/cheese3d_demo_model/backend/cheese3d_demo_model-houlab-2025-05-28/labeled-data/20240328_R17_rec_rec_003_L_09-00-06/img00456.png,/data/disk2/home/tony/demo1/model/cheese3d_demo_model/backend/cheese3d_demo_model-houlab-2025-05-28/labeled-data/20240328_R17_rec_rec_003_L_09-00-06/CollectedData_houlab.h5,16,most completely labeled frame in folder
F149,2,20240328_R17_rec_rec_003_R_09-00-06,img00165.png,/data/disk2/home/tony/demo1/model/cheese3d_demo_model/backend/cheese3d_demo_model-houlab-2025-05-28/labeled-data/20240328_R17_rec_rec_003_R_09-00-06/img00165.png,/data/disk2/home/tony/demo1/model/cheese3d_demo_model/backend/cheese3d_demo_model-houlab-2025-05-28/labeled-data/20240328_R17_rec_rec_003_R_09-00-06/CollectedData_houlab.h5,16,most completely labeled frame in folder
F150,2,20240328_R17_rec_rec_003_TC_09-00-06,img00048.png,/data/disk2/home/tony/demo1/model/cheese3d_demo_model/backend/cheese3d_demo_model-houlab-2025-05-28/labeled-data/20240328_R17_rec_rec_003_TC_09-00-06/img00048.png,/data/disk2/home/tony/demo1/model/cheese3d_demo_model/backend/cheese3d_demo_model-houlab-2025-05-28/labeled-data/20240328_R17_rec_rec_003_TC_09-00-06/CollectedData_houlab.h5,12,most completely labeled frame in folder
F151,2,20240328_R17_rec_rec_003_TL_09-00-06,img01317.png,/data/disk2/home/tony/demo1/model/cheese3d_demo_model/backend/cheese3d_demo_model-houlab-2025-05-28/labeled-data/20240328_R17_rec_rec_003_TL_09-00-06/img01317.png,/data/disk2/home/tony/demo1/model/cheese3d_demo_model/backend/cheese3d_demo_model-houlab-2025-05-28/labeled-data/20240328_R17_rec_rec_003_TL_09-00-06/CollectedData_houlab.h5,12,most completely labeled frame in folder
F152,2,20240328_R17_rec_rec_003_TR_09-00-06,img01057.png,/data/disk2/home/tony/demo1/model/cheese3d_demo_model/backend/cheese3d_demo_model-houlab-2025-05-28/labeled-data/20240328_R17_rec_rec_003_TR_09-00-06/img01057.png,/data/disk2/home/tony/demo1/model/cheese3d_demo_model/backend/cheese3d_demo_model-houlab-2025-05-28/labeled-data/20240328_R17_rec_rec_003_TR_09-00-06/CollectedData_houlab.h5,12,most completely labeled frame in folder
F153,2,20240328_R17_rec_rec_004_BC_09-03-48,img0148.png,/data/disk2/home/tony/demo1/model/cheese3d_demo_model/backend/cheese3d_demo_model-houlab-2025-05-28/labeled-data/20240328_R17_rec_rec_004_BC_09-03-48/img0148.png,/data/disk2/home/tony/demo1/model/cheese3d_demo_model/backend/cheese3d_demo_model-houlab-2025-05-28/labeled-data/20240328_R17_rec_rec_004_BC_09-03-48/CollectedData_houlab.h5,11,most completely labeled frame in folder
F154,2,20240328_R17_rec_rec_004_L_09-03-48,img0011.png,/data/disk2/home/tony/demo1/model/cheese3d_demo_model/backend/cheese3d_demo_model-houlab-2025-05-28/labeled-data/20240328_R17_rec_rec_004_L_09-03-48/img0011.png,/data/disk2/home/tony/demo1/model/cheese3d_demo_model/backend/cheese3d_demo_model-houlab-2025-05-28/labeled-data/20240328_R17_rec_rec_004_L_09-03-48/CollectedData_houlab.h5,16,most completely labeled frame in folder
F155,2,20240328_R17_rec_rec_004_R_09-03-48,img1305.png,/data/disk2/home/tony/demo1/model/cheese3d_demo_model/backend/cheese3d_demo_model-houlab-2025-05-28/labeled-data/20240328_R17_rec_rec_004_R_09-03-48/img1305.png,/data/disk2/home/tony/demo1/model/cheese3d_demo_model/backend/cheese3d_demo_model-houlab-2025-05-28/labeled-data/20240328_R17_rec_rec_004_R_09-03-48/CollectedData_houlab.h5,16,most completely labeled frame in folder
F156,2,20240328_R17_rec_rec_004_TC_09-03-48,img0020.png,/data/disk2/home/tony/demo1/model/cheese3d_demo_model/backend/cheese3d_demo_model-houlab-2025-05-28/labeled-data/20240328_R17_rec_rec_004_TC_09-03-48/img0020.png,/data/disk2/home/tony/demo1/model/cheese3d_demo_model/backend/cheese3d_demo_model-houlab-2025-05-28/labeled-data/20240328_R17_rec_rec_004_TC_09-03-48/CollectedData_houlab.h5,12,most completely labeled frame in folder
F157,2,20240328_R17_rec_rec_004_TL_09-03-48,img0139.png,/data/disk2/home/tony/demo1/model/cheese3d_demo_model/backend/cheese3d_demo_model-houlab-2025-05-28/labeled-data/20240328_R17_rec_rec_004_TL_09-03-48/img0139.png,/data/disk2/home/tony/demo1/model/cheese3d_demo_model/backend/cheese3d_demo_model-houlab-2025-05-28/labeled-data/20240328_R17_rec_rec_004_TL_09-03-48/CollectedData_houlab.h5,12,most completely labeled frame in folder
F158,2,20240328_R17_rec_rec_004_TR_09-03-48,img0098.png,/data/disk2/home/tony/demo1/model/cheese3d_demo_model/backend/cheese3d_demo_model-houlab-2025-05-28/labeled-data/20240328_R17_rec_rec_004_TR_09-03-48/img0098.png,/data/disk2/home/tony/demo1/model/cheese3d_demo_model/backend/cheese3d_demo_model-houlab-2025-05-28/labeled-data/20240328_R17_rec_rec_004_TR_09-03-48/CollectedData_houlab.h5,12,most completely labeled frame in folder
F159,3,20240523_R15_awake_awake_001_BC_13-01-40,img00173.png,/data/disk2/home/tony/demo1/model/cheese3d_demo_model/backend/cheese3d_demo_model-houlab-2025-05-28/labeled-data/20240523_R15_awake_awake_001_BC_13-01-40/img00173.png,/data/disk2/home/tony/demo1/model/cheese3d_demo_model/backend/cheese3d_demo_model-houlab-2025-05-28/labeled-data/20240523_R15_awake_awake_001_BC_13-01-40/CollectedData_houlab.h5,11,most completely labeled frame in folder
F160,3,20240523_R15_awake_awake_001_L_13-01-40,img01671.png,/data/disk2/home/tony/demo1/model/cheese3d_demo_model/backend/cheese3d_demo_model-houlab-2025-05-28/labeled-data/20240523_R15_awake_awake_001_L_13-01-40/img01671.png,/data/disk2/home/tony/demo1/model/cheese3d_demo_model/backend/cheese3d_demo_model-houlab-2025-05-28/labeled-data/20240523_R15_awake_awake_001_L_13-01-40/CollectedData_houlab.h5,16,most completely labeled frame in folder
F161,3,20240523_R15_awake_awake_001_R_13-01-40,img00830.png,/data/disk2/home/tony/demo1/model/cheese3d_demo_model/backend/cheese3d_demo_model-houlab-2025-05-28/labeled-data/20240523_R15_awake_awake_001_R_13-01-40/img00830.png,/data/disk2/home/tony/demo1/model/cheese3d_demo_model/backend/cheese3d_demo_model-houlab-2025-05-28/labeled-data/20240523_R15_awake_awake_001_R_13-01-40/CollectedData_houlab.h5,16,most completely labeled frame in folder
F162,3,20240523_R15_awake_awake_001_TC_13-01-40,img00199.png,/data/disk2/home/tony/demo1/model/cheese3d_demo_model/backend/cheese3d_demo_model-houlab-2025-05-28/labeled-data/20240523_R15_awake_awake_001_TC_13-01-40/img00199.png,/data/disk2/home/tony/demo1/model/cheese3d_demo_model/backend/cheese3d_demo_model-houlab-2025-05-28/labeled-data/20240523_R15_awake_awake_001_TC_13-01-40/CollectedData_houlab.h5,12,most completely labeled frame in folder
F163,3,20240523_R15_awake_awake_001_TL_13-01-40,img00024.png,/data/disk2/home/tony/demo1/model/cheese3d_demo_model/backend/cheese3d_demo_model-houlab-2025-05-28/labeled-data/20240523_R15_awake_awake_001_TL_13-01-40/img00024.png,/data/disk2/home/tony/demo1/model/cheese3d_demo_model/backend/cheese3d_demo_model-houlab-2025-05-28/labeled-data/20240523_R15_awake_awake_001_TL_13-01-40/CollectedData_houlab.h5,12,most completely labeled frame in folder
F164,3,20240523_R15_awake_awake_001_TR_13-01-40,img01970.png,/data/disk2/home/tony/demo1/model/cheese3d_demo_model/backend/cheese3d_demo_model-houlab-2025-05-28/labeled-data/20240523_R15_awake_awake_001_TR_13-01-40/img01970.png,/data/disk2/home/tony/demo1/model/cheese3d_demo_model/backend/cheese3d_demo_model-houlab-2025-05-28/labeled-data/20240523_R15_awake_awake_001_TR_13-01-40/CollectedData_houlab.h5,12,most completely labeled frame in folder
F165,3,20240523_R15_awake_awake_002_BC_13-18-51,img02228.png,/data/disk2/home/tony/demo1/model/cheese3d_demo_model/backend/cheese3d_demo_model-houlab-2025-05-28/labeled-data/20240523_R15_awake_awake_002_BC_13-18-51/img02228.png,/data/disk2/home/tony/demo1/model/cheese3d_demo_model/backend/cheese3d_demo_model-houlab-2025-05-28/labeled-data/20240523_R15_awake_awake_002_BC_13-18-51/CollectedData_houlab.h5,11,most completely labeled frame in folder
F166,3,20240523_R15_awake_awake_002_L_13-18-51,img02153.png,/data/disk2/home/tony/demo1/model/cheese3d_demo_model/backend/cheese3d_demo_model-houlab-2025-05-28/labeled-data/20240523_R15_awake_awake_002_L_13-18-51/img02153.png,/data/disk2/home/tony/demo1/model/cheese3d_demo_model/backend/cheese3d_demo_model-houlab-2025-05-28/labeled-data/20240523_R15_awake_awake_002_L_13-18-51/CollectedData_houlab.h5,16,most completely labeled frame in folder
F167,3,20240523_R15_awake_awake_002_R_13-18-51,img00592.png,/data/disk2/home/tony/demo1/model/cheese3d_demo_model/backend/cheese3d_demo_model-houlab-2025-05-28/labeled-data/20240523_R15_awake_awake_002_R_13-18-51/img00592.png,/data/disk2/home/tony/demo1/model/cheese3d_demo_model/backend/cheese3d_demo_model-houlab-2025-05-28/labeled-data/20240523_R15_awake_awake_002_R_13-18-51/CollectedData_houlab.h5,16,most completely labeled frame in folder
F168,3,20240523_R15_awake_awake_002_TC_13-18-51,img00656.png,/data/disk2/home/tony/demo1/model/cheese3d_demo_model/backend/cheese3d_demo_model-houlab-2025-05-28/labeled-data/20240523_R15_awake_awake_002_TC_13-18-51/img00656.png,/data/disk2/home/tony/demo1/model/cheese3d_demo_model/backend/cheese3d_demo_model-houlab-2025-05-28/labeled-data/20240523_R15_awake_awake_002_TC_13-18-51/CollectedData_houlab.h5,12,most completely labeled frame in folder
F169,3,20240523_R15_awake_awake_002_TL_13-18-51,img00371.png,/data/disk2/home/tony/demo1/model/cheese3d_demo_model/backend/cheese3d_demo_model-houlab-2025-05-28/labeled-data/20240523_R15_awake_awake_002_TL_13-18-51/img00371.png,/data/disk2/home/tony/demo1/model/cheese3d_demo_model/backend/cheese3d_demo_model-houlab-2025-05-28/labeled-data/20240523_R15_awake_awake_002_TL_13-18-51/CollectedData_houlab.h5,12,most completely labeled frame in folder
F170,3,20240523_R15_awake_awake_002_TR_13-18-51,img25130.png,/data/disk2/home/tony/demo1/model/cheese3d_demo_model/backend/cheese3d_demo_model-houlab-2025-05-28/labeled-data/20240523_R15_awake_awake_002_TR_13-18-51/img25130.png,/data/disk2/home/tony/demo1/model/cheese3d_demo_model/backend/cheese3d_demo_model-houlab-2025-05-28/labeled-data/20240523_R15_awake_awake_002_TR_13-18-51/CollectedData_houlab.h5,12,most completely labeled frame in folder
F171,3,20240524_R15_awake_awake_000_BC_14-30-26,img00929.png,/data/disk2/home/tony/demo1/model/cheese3d_demo_model/backend/cheese3d_demo_model-houlab-2025-05-28/labeled-data/20240524_R15_awake_awake_000_BC_14-30-26/img00929.png,/data/disk2/home/tony/demo1/model/cheese3d_demo_model/backend/cheese3d_demo_model-houlab-2025-05-28/labeled-data/20240524_R15_awake_awake_000_BC_14-30-26/CollectedData_houlab.h5,11,most completely labeled frame in folder
F172,3,20240524_R15_awake_awake_000_L_14-30-26,img03644.png,/data/disk2/home/tony/demo1/model/cheese3d_demo_model/backend/cheese3d_demo_model-houlab-2025-05-28/labeled-data/20240524_R15_awake_awake_000_L_14-30-26/img03644.png,/data/disk2/home/tony/demo1/model/cheese3d_demo_model/backend/cheese3d_demo_model-houlab-2025-05-28/labeled-data/20240524_R15_awake_awake_000_L_14-30-26/CollectedData_houlab.h5,16,most completely labeled frame in folder
F173,3,20240524_R15_awake_awake_000_R_14-30-26,img03034.png,/data/disk2/home/tony/demo1/model/cheese3d_demo_model/backend/cheese3d_demo_model-houlab-2025-05-28/labeled-data/20240524_R15_awake_awake_000_R_14-30-26/img03034.png,/data/disk2/home/tony/demo1/model/cheese3d_demo_model/backend/cheese3d_demo_model-houlab-2025-05-28/labeled-data/20240524_R15_awake_awake_000_R_14-30-26/CollectedData_houlab.h5,16,most completely labeled frame in folder
F174,3,20240524_R15_awake_awake_000_TC_14-30-26,img06392.png,/data/disk2/home/tony/demo1/model/cheese3d_demo_model/backend/cheese3d_demo_model-houlab-2025-05-28/labeled-data/20240524_R15_awake_awake_000_TC_14-30-26/img06392.png,/data/disk2/home/tony/demo1/model/cheese3d_demo_model/backend/cheese3d_demo_model-houlab-2025-05-28/labeled-data/20240524_R15_awake_awake_000_TC_14-30-26/CollectedData_houlab.h5,12,most completely labeled frame in folder
F175,3,20240524_R15_awake_awake_000_TL_14-30-26,img06497.png,/data/disk2/home/tony/demo1/model/cheese3d_demo_model/backend/cheese3d_demo_model-houlab-2025-05-28/labeled-data/20240524_R15_awake_awake_000_TL_14-30-26/img06497.png,/data/disk2/home/tony/demo1/model/cheese3d_demo_model/backend/cheese3d_demo_model-houlab-2025-05-28/labeled-data/20240524_R15_awake_awake_000_TL_14-30-26/CollectedData_houlab.h5,12,most completely labeled frame in folder
F176,3,20240524_R15_awake_awake_000_TR_14-30-26,img15239.png,/data/disk2/home/tony/demo1/model/cheese3d_demo_model/backend/cheese3d_demo_model-houlab-2025-05-28/labeled-data/20240524_R15_awake_awake_000_TR_14-30-26/img15239.png,/data/disk2/home/tony/demo1/model/cheese3d_demo_model/backend/cheese3d_demo_model-houlab-2025-05-28/labeled-data/20240524_R15_awake_awake_000_TR_14-30-26/CollectedData_houlab.h5,12,most completely labeled frame in folder
F177,3,20240524_R15_awake_awake_001_BC_15-25-07,img01765.png,/data/disk2/home/tony/demo1/model/cheese3d_demo_model/backend/cheese3d_demo_model-houlab-2025-05-28/labeled-data/20240524_R15_awake_awake_001_BC_15-25-07/img01765.png,/data/disk2/home/tony/demo1/model/cheese3d_demo_model/backend/cheese3d_demo_model-houlab-2025-05-28/labeled-data/20240524_R15_awake_awake_001_BC_15-25-07/CollectedData_houlab.h5,11,most completely labeled frame in folder
F178,3,20240524_R15_awake_awake_001_L_15-25-07,img00683.png,/data/disk2/home/tony/demo1/model/cheese3d_demo_model/backend/cheese3d_demo_model-houlab-2025-05-28/labeled-data/20240524_R15_awake_awake_001_L_15-25-07/img00683.png,/data/disk2/home/tony/demo1/model/cheese3d_demo_model/backend/cheese3d_demo_model-houlab-2025-05-28/labeled-data/20240524_R15_awake_awake_001_L_15-25-07/CollectedData_houlab.h5,16,most completely labeled frame in folder
F179,3,20240524_R15_awake_awake_001_R_15-25-07,img01251.png,/data/disk2/home/tony/demo1/model/cheese3d_demo_model/backend/cheese3d_demo_model-houlab-2025-05-28/labeled-data/20240524_R15_awake_awake_001_R_15-25-07/img01251.png,/data/disk2/home/tony/demo1/model/cheese3d_demo_model/backend/cheese3d_demo_model-houlab-2025-05-28/labeled-data/20240524_R15_awake_awake_001_R_15-25-07/CollectedData_houlab.h5,16,most completely labeled frame in folder
F180,3,20240524_R15_awake_awake_001_TC_15-25-07,img00200.png,/data/disk2/home/tony/demo1/model/cheese3d_demo_model/backend/cheese3d_demo_model-houlab-2025-05-28/labeled-data/20240524_R15_awake_awake_001_TC_15-25-07/img00200.png,/data/disk2/home/tony/demo1/model/cheese3d_demo_model/backend/cheese3d_demo_model-houlab-2025-05-28/labeled-data/20240524_R15_awake_awake_001_TC_15-25-07/CollectedData_houlab.h5,12,most completely labeled frame in folder
F181,3,20240524_R15_awake_awake_001_TL_15-25-07,img00423.png,/data/disk2/home/tony/demo1/model/cheese3d_demo_model/backend/cheese3d_demo_model-houlab-2025-05-28/labeled-data/20240524_R15_awake_awake_001_TL_15-25-07/img00423.png,/data/disk2/home/tony/demo1/model/cheese3d_demo_model/backend/cheese3d_demo_model-houlab-2025-05-28/labeled-data/20240524_R15_awake_awake_001_TL_15-25-07/CollectedData_houlab.h5,12,most completely labeled frame in folder
F182,3,20240524_R15_awake_awake_001_TR_15-25-07,img01288.png,/data/disk2/home/tony/demo1/model/cheese3d_demo_model/backend/cheese3d_demo_model-houlab-2025-05-28/labeled-data/20240524_R15_awake_awake_001_TR_15-25-07/img01288.png,/data/disk2/home/tony/demo1/model/cheese3d_demo_model/backend/cheese3d_demo_model-houlab-2025-05-28/labeled-data/20240524_R15_awake_awake_001_TR_15-25-07/CollectedData_houlab.h5,11,most completely labeled frame in folder
F183,3,20240524_R15_awake_awake_002_BC_15-40-29,img00004.png,/data/disk2/home/tony/demo1/model/cheese3d_demo_model/backend/cheese3d_demo_model-houlab-2025-05-28/labeled-data/20240524_R15_awake_awake_002_BC_15-40-29/img00004.png,/data/disk2/home/tony/demo1/model/cheese3d_demo_model/backend/cheese3d_demo_model-houlab-2025-05-28/labeled-data/20240524_R15_awake_awake_002_BC_15-40-29/CollectedData_houlab.h5,11,most completely labeled frame in folder
F184,3,20240524_R15_awake_awake_002_L_15-40-29,img08350.png,/data/disk2/home/tony/demo1/model/cheese3d_demo_model/backend/cheese3d_demo_model-houlab-2025-05-28/labeled-data/20240524_R15_awake_awake_002_L_15-40-29/img08350.png,/data/disk2/home/tony/demo1/model/cheese3d_demo_model/backend/cheese3d_demo_model-houlab-2025-05-28/labeled-data/20240524_R15_awake_awake_002_L_15-40-29/CollectedData_houlab.h5,16,most completely labeled frame in folder
F185,3,20240524_R15_awake_awake_002_R_15-40-29,img00019.png,/data/disk2/home/tony/demo1/model/cheese3d_demo_model/backend/cheese3d_demo_model-houlab-2025-05-28/labeled-data/20240524_R15_awake_awake_002_R_15-40-29/img00019.png,/data/disk2/home/tony/demo1/model/cheese3d_demo_model/backend/cheese3d_demo_model-houlab-2025-05-28/labeled-data/20240524_R15_awake_awake_002_R_15-40-29/CollectedData_houlab.h5,16,most completely labeled frame in folder
F186,3,20240524_R15_awake_awake_002_TC_15-40-29,img00099.png,/data/disk2/home/tony/demo1/model/cheese3d_demo_model/backend/cheese3d_demo_model-houlab-2025-05-28/labeled-data/20240524_R15_awake_awake_002_TC_15-40-29/img00099.png,/data/disk2/home/tony/demo1/model/cheese3d_demo_model/backend/cheese3d_demo_model-houlab-2025-05-28/labeled-data/20240524_R15_awake_awake_002_TC_15-40-29/CollectedData_houlab.h5,12,most completely labeled frame in folder
F187,3,20240524_R15_awake_awake_002_TL_15-40-29,img01209.png,/data/disk2/home/tony/demo1/model/cheese3d_demo_model/backend/cheese3d_demo_model-houlab-2025-05-28/labeled-data/20240524_R15_awake_awake_002_TL_15-40-29/img01209.png,/data/disk2/home/tony/demo1/model/cheese3d_demo_model/backend/cheese3d_demo_model-houlab-2025-05-28/labeled-data/20240524_R15_awake_awake_002_TL_15-40-29/CollectedData_houlab.h5,12,most completely labeled frame in folder
F188,3,20240524_R15_awake_awake_002_TR_15-40-29,img03514.png,/data/disk2/home/tony/demo1/model/cheese3d_demo_model/backend/cheese3d_demo_model-houlab-2025-05-28/labeled-data/20240524_R15_awake_awake_002_TR_15-40-29/img03514.png,/data/disk2/home/tony/demo1/model/cheese3d_demo_model/backend/cheese3d_demo_model-houlab-2025-05-28/labeled-data/20240524_R15_awake_awake_002_TR_15-40-29/CollectedData_houlab.h5,12,most completely labeled frame in folder
F189,3,20240724_R15_awake_awake_000_BC_11-26-59,img12226.png,/data/disk2/home/tony/demo1/model/cheese3d_demo_model/backend/cheese3d_demo_model-houlab-2025-05-28/labeled-data/20240724_R15_awake_awake_000_BC_11-26-59/img12226.png,/data/disk2/home/tony/demo1/model/cheese3d_demo_model/backend/cheese3d_demo_model-houlab-2025-05-28/labeled-data/20240724_R15_awake_awake_000_BC_11-26-59/CollectedData_houlab.h5,11,most completely labeled frame in folder
F190,3,20240724_R15_awake_awake_000_L_11-26-59,img16684.png,/data/disk2/home/tony/demo1/model/cheese3d_demo_model/backend/cheese3d_demo_model-houlab-2025-05-28/labeled-data/20240724_R15_awake_awake_000_L_11-26-59/img16684.png,/data/disk2/home/tony/demo1/model/cheese3d_demo_model/backend/cheese3d_demo_model-houlab-2025-05-28/labeled-data/20240724_R15_awake_awake_000_L_11-26-59/CollectedData_houlab.h5,16,most completely labeled frame in folder
F191,3,20240724_R15_awake_awake_000_R_11-26-59,img00261.png,/data/disk2/home/tony/demo1/model/cheese3d_demo_model/backend/cheese3d_demo_model-houlab-2025-05-28/labeled-data/20240724_R15_awake_awake_000_R_11-26-59/img00261.png,/data/disk2/home/tony/demo1/model/cheese3d_demo_model/backend/cheese3d_demo_model-houlab-2025-05-28/labeled-data/20240724_R15_awake_awake_000_R_11-26-59/CollectedData_houlab.h5,16,most completely labeled frame in folder
F192,3,20240724_R15_awake_awake_000_TC_11-26-59,img14702.png,/data/disk2/home/tony/demo1/model/cheese3d_demo_model/backend/cheese3d_demo_model-houlab-2025-05-28/labeled-data/20240724_R15_awake_awake_000_TC_11-26-59/img14702.png,/data/disk2/home/tony/demo1/model/cheese3d_demo_model/backend/cheese3d_demo_model-houlab-2025-05-28/labeled-data/20240724_R15_awake_awake_000_TC_11-26-59/CollectedData_houlab.h5,12,most completely labeled frame in folder
F193,3,20240724_R15_awake_awake_000_TL_11-26-59,img15371.png,/data/disk2/home/tony/demo1/model/cheese3d_demo_model/backend/cheese3d_demo_model-houlab-2025-05-28/labeled-data/20240724_R15_awake_awake_000_TL_11-26-59/img15371.png,/data/disk2/home/tony/demo1/model/cheese3d_demo_model/backend/cheese3d_demo_model-houlab-2025-05-28/labeled-data/20240724_R15_awake_awake_000_TL_11-26-59/CollectedData_houlab.h5,12,most completely labeled frame in folder
F194,3,20240724_R15_awake_awake_000_TR_11-26-59,img06170.png,/data/disk2/home/tony/demo1/model/cheese3d_demo_model/backend/cheese3d_demo_model-houlab-2025-05-28/labeled-data/20240724_R15_awake_awake_000_TR_11-26-59/img06170.png,/data/disk2/home/tony/demo1/model/cheese3d_demo_model/backend/cheese3d_demo_model-houlab-2025-05-28/labeled-data/20240724_R15_awake_awake_000_TR_11-26-59/CollectedData_houlab.h5,12,most completely labeled frame in folder
F195,3,20240724_R20_awake_awake_000_BC_10-58-21,img021564.png,/data/disk2/home/tony/demo1/model/cheese3d_demo_model/backend/cheese3d_demo_model-houlab-2025-05-28/labeled-data/20240724_R20_awake_awake_000_BC_10-58-21/img021564.png,/data/disk2/home/tony/demo1/model/cheese3d_demo_model/backend/cheese3d_demo_model-houlab-2025-05-28/labeled-data/20240724_R20_awake_awake_000_BC_10-58-21/CollectedData_houlab.h5,11,most completely labeled frame in folder
F196,3,20240724_R20_awake_awake_000_L_10-58-21,img016535.png,/data/disk2/home/tony/demo1/model/cheese3d_demo_model/backend/cheese3d_demo_model-houlab-2025-05-28/labeled-data/20240724_R20_awake_awake_000_L_10-58-21/img016535.png,/data/disk2/home/tony/demo1/model/cheese3d_demo_model/backend/cheese3d_demo_model-houlab-2025-05-28/labeled-data/20240724_R20_awake_awake_000_L_10-58-21/CollectedData_houlab.h5,16,most completely labeled frame in folder
F197,3,20240724_R20_awake_awake_000_R_10-58-21,img068535.png,/data/disk2/home/tony/demo1/model/cheese3d_demo_model/backend/cheese3d_demo_model-houlab-2025-05-28/labeled-data/20240724_R20_awake_awake_000_R_10-58-21/img068535.png,/data/disk2/home/tony/demo1/model/cheese3d_demo_model/backend/cheese3d_demo_model-houlab-2025-05-28/labeled-data/20240724_R20_awake_awake_000_R_10-58-21/CollectedData_houlab.h5,16,most completely labeled frame in folder
F198,3,20240724_R20_awake_awake_000_TC_10-58-21,img013803.png,/data/disk2/home/tony/demo1/model/cheese3d_demo_model/backend/cheese3d_demo_model-houlab-2025-05-28/labeled-data/20240724_R20_awake_awake_000_TC_10-58-21/img013803.png,/data/disk2/home/tony/demo1/model/cheese3d_demo_model/backend/cheese3d_demo_model-houlab-2025-05-28/labeled-data/20240724_R20_awake_awake_000_TC_10-58-21/CollectedData_houlab.h5,12,most completely labeled frame in folder
F199,3,20240724_R20_awake_awake_000_TL_10-58-21,img026347.png,/data/disk2/home/tony/demo1/model/cheese3d_demo_model/backend/cheese3d_demo_model-houlab-2025-05-28/labeled-data/20240724_R20_awake_awake_000_TL_10-58-21/img026347.png,/data/disk2/home/tony/demo1/model/cheese3d_demo_model/backend/cheese3d_demo_model-houlab-2025-05-28/labeled-data/20240724_R20_awake_awake_000_TL_10-58-21/CollectedData_houlab.h5,12,most completely labeled frame in folder
F200,3,20240724_R20_awake_awake_000_TR_10-58-21,img090034.png,/data/disk2/home/tony/demo1/model/cheese3d_demo_model/backend/cheese3d_demo_model-houlab-2025-05-28/labeled-data/20240724_R20_awake_awake_000_TR_10-58-21/img090034.png,/data/disk2/home/tony/demo1/model/cheese3d_demo_model/backend/cheese3d_demo_model-houlab-2025-05-28/labeled-data/20240724_R20_awake_awake_000_TR_10-58-21/CollectedData_houlab.h5,12,most completely labeled frame in folder
F201,3,20240724_R22_awake_awake_000_BC_10-44-56,img14356.png,/data/disk2/home/tony/demo1/model/cheese3d_demo_model/backend/cheese3d_demo_model-houlab-2025-05-28/labeled-data/20240724_R22_awake_awake_000_BC_10-44-56/img14356.png,/data/disk2/home/tony/demo1/model/cheese3d_demo_model/backend/cheese3d_demo_model-houlab-2025-05-28/labeled-data/20240724_R22_awake_awake_000_BC_10-44-56/CollectedData_houlab.h5,11,most completely labeled frame in folder
F202,3,20240724_R22_awake_awake_000_L_10-44-56,img09512.png,/data/disk2/home/tony/demo1/model/cheese3d_demo_model/backend/cheese3d_demo_model-houlab-2025-05-28/labeled-data/20240724_R22_awake_awake_000_L_10-44-56/img09512.png,/data/disk2/home/tony/demo1/model/cheese3d_demo_model/backend/cheese3d_demo_model-houlab-2025-05-28/labeled-data/20240724_R22_awake_awake_000_L_10-44-56/CollectedData_houlab.h5,16,most completely labeled frame in folder
F203,3,20240724_R22_awake_awake_000_R_10-44-56,img12968.png,/data/disk2/home/tony/demo1/model/cheese3d_demo_model/backend/cheese3d_demo_model-houlab-2025-05-28/labeled-data/20240724_R22_awake_awake_000_R_10-44-56/img12968.png,/data/disk2/home/tony/demo1/model/cheese3d_demo_model/backend/cheese3d_demo_model-houlab-2025-05-28/labeled-data/20240724_R22_awake_awake_000_R_10-44-56/CollectedData_houlab.h5,16,most completely labeled frame in folder
F204,3,20240724_R22_awake_awake_000_TC_10-44-56,img24909.png,/data/disk2/home/tony/demo1/model/cheese3d_demo_model/backend/cheese3d_demo_model-houlab-2025-05-28/labeled-data/20240724_R22_awake_awake_000_TC_10-44-56/img24909.png,/data/disk2/home/tony/demo1/model/cheese3d_demo_model/backend/cheese3d_demo_model-houlab-2025-05-28/labeled-data/20240724_R22_awake_awake_000_TC_10-44-56/CollectedData_houlab.h5,12,most completely labeled frame in folder
F205,3,20240724_R22_awake_awake_000_TL_10-44-56,img02068.png,/data/disk2/home/tony/demo1/model/cheese3d_demo_model/backend/cheese3d_demo_model-houlab-2025-05-28/labeled-data/20240724_R22_awake_awake_000_TL_10-44-56/img02068.png,/data/disk2/home/tony/demo1/model/cheese3d_demo_model/backend/cheese3d_demo_model-houlab-2025-05-28/labeled-data/20240724_R22_awake_awake_000_TL_10-44-56/CollectedData_houlab.h5,12,most completely labeled frame in folder
F206,3,20240724_R22_awake_awake_000_TR_10-44-56,img17669.png,/data/disk2/home/tony/demo1/model/cheese3d_demo_model/backend/cheese3d_demo_model-houlab-2025-05-28/labeled-data/20240724_R22_awake_awake_000_TR_10-44-56/img17669.png,/data/disk2/home/tony/demo1/model/cheese3d_demo_model/backend/cheese3d_demo_model-houlab-2025-05-28/labeled-data/20240724_R22_awake_awake_000_TR_10-44-56/CollectedData_houlab.h5,12,most completely labeled frame in folder
F207,3,20250518_B1_ephys-record_awake_002_BC_01-14-48,000.png,/data/disk2/home/tony/demo1/model/cheese3d_demo_model/backend/cheese3d_demo_model-houlab-2025-05-28/labeled-data/20250518_B1_ephys-record_awake_002_BC_01-14-48/000.png,/data/disk2/home/tony/demo1/model/cheese3d_demo_model/backend/cheese3d_demo_model-houlab-2025-05-28/labeled-data/20250518_B1_ephys-record_awake_002_BC_01-14-48/CollectedData_houlab.h5,27,most completely labeled frame in folder
F208,3,20250518_B1_ephys-record_awake_002_L_01-14-48,000.png,/data/disk2/home/tony/demo1/model/cheese3d_demo_model/backend/cheese3d_demo_model-houlab-2025-05-28/labeled-data/20250518_B1_ephys-record_awake_002_L_01-14-48/000.png,/data/disk2/home/tony/demo1/model/cheese3d_demo_model/backend/cheese3d_demo_model-houlab-2025-05-28/labeled-data/20250518_B1_ephys-record_awake_002_L_01-14-48/CollectedData_houlab.h5,17,most completely labeled frame in folder
F209,3,20250518_B1_ephys-record_awake_002_R_01-14-48,000.png,/data/disk2/home/tony/demo1/model/cheese3d_demo_model/backend/cheese3d_demo_model-houlab-2025-05-28/labeled-data/20250518_B1_ephys-record_awake_002_R_01-14-48/000.png,/data/disk2/home/tony/demo1/model/cheese3d_demo_model/backend/cheese3d_demo_model-houlab-2025-05-28/labeled-data/20250518_B1_ephys-record_awake_002_R_01-14-48/CollectedData_houlab.h5,17,most completely labeled frame in folder
F210,3,20250518_B1_ephys-record_awake_002_TC_01-14-48,000.png,/data/disk2/home/tony/demo1/model/cheese3d_demo_model/backend/cheese3d_demo_model-houlab-2025-05-28/labeled-data/20250518_B1_ephys-record_awake_002_TC_01-14-48/000.png,/data/disk2/home/tony/demo1/model/cheese3d_demo_model/backend/cheese3d_demo_model-houlab-2025-05-28/labeled-data/20250518_B1_ephys-record_awake_002_TC_01-14-48/CollectedData_houlab.h5,16,most completely labeled frame in folder
F211,3,20250518_B1_ephys-record_awake_002_TL_01-14-48,000.png,/data/disk2/home/tony/demo1/model/cheese3d_demo_model/backend/cheese3d_demo_model-houlab-2025-05-28/labeled-data/20250518_B1_ephys-record_awake_002_TL_01-14-48/000.png,/data/disk2/home/tony/demo1/model/cheese3d_demo_model/backend/cheese3d_demo_model-houlab-2025-05-28/labeled-data/20250518_B1_ephys-record_awake_002_TL_01-14-48/CollectedData_houlab.h5,14,most completely labeled frame in folder
F212,3,20250518_B1_ephys-record_awake_002_TR_01-14-48,000.png,/data/disk2/home/tony/demo1/model/cheese3d_demo_model/backend/cheese3d_demo_model-houlab-2025-05-28/labeled-data/20250518_B1_ephys-record_awake_002_TR_01-14-48/000.png,/data/disk2/home/tony/demo1/model/cheese3d_demo_model/backend/cheese3d_demo_model-houlab-2025-05-28/labeled-data/20250518_B1_ephys-record_awake_002_TR_01-14-48/CollectedData_houlab.h5,13,most completely labeled frame in folder
F213,3,20250521_B1_ephys-record_awake_000_BC_19-43-23,img016248.png,/data/disk2/home/tony/demo1/model/cheese3d_demo_model/backend/cheese3d_demo_model-houlab-2025-05-28/labeled-data/20250521_B1_ephys-record_awake_000_BC_19-43-23/img016248.png,/data/disk2/home/tony/demo1/model/cheese3d_demo_model/backend/cheese3d_demo_model-houlab-2025-05-28/labeled-data/20250521_B1_ephys-record_awake_000_BC_19-43-23/CollectedData_houlab.h5,11,most completely labeled frame in folder
F214,3,20250521_B1_ephys-record_awake_000_L_19-43-23,img038215.png,/data/disk2/home/tony/demo1/model/cheese3d_demo_model/backend/cheese3d_demo_model-houlab-2025-05-28/labeled-data/20250521_B1_ephys-record_awake_000_L_19-43-23/img038215.png,/data/disk2/home/tony/demo1/model/cheese3d_demo_model/backend/cheese3d_demo_model-houlab-2025-05-28/labeled-data/20250521_B1_ephys-record_awake_000_L_19-43-23/CollectedData_houlab.h5,16,most completely labeled frame in folder
F215,3,20250521_B1_ephys-record_awake_000_R_19-43-23,img016115.png,/data/disk2/home/tony/demo1/model/cheese3d_demo_model/backend/cheese3d_demo_model-houlab-2025-05-28/labeled-data/20250521_B1_ephys-record_awake_000_R_19-43-23/img016115.png,/data/disk2/home/tony/demo1/model/cheese3d_demo_model/backend/cheese3d_demo_model-houlab-2025-05-28/labeled-data/20250521_B1_ephys-record_awake_000_R_19-43-23/CollectedData_houlab.h5,16,most completely labeled frame in folder
F216,3,20250521_B1_ephys-record_awake_000_TC_19-43-23,img010302.png,/data/disk2/home/tony/demo1/model/cheese3d_demo_model/backend/cheese3d_demo_model-houlab-2025-05-28/labeled-data/20250521_B1_ephys-record_awake_000_TC_19-43-23/img010302.png,/data/disk2/home/tony/demo1/model/cheese3d_demo_model/backend/cheese3d_demo_model-houlab-2025-05-28/labeled-data/20250521_B1_ephys-record_awake_000_TC_19-43-23/CollectedData_houlab.h5,10,most completely labeled frame in folder
F217,3,20250521_B1_ephys-record_awake_000_TL_19-43-23,img005593.png,/data/disk2/home/tony/demo1/model/cheese3d_demo_model/backend/cheese3d_demo_model-houlab-2025-05-28/labeled-data/20250521_B1_ephys-record_awake_000_TL_19-43-23/img005593.png,/data/disk2/home/tony/demo1/model/cheese3d_demo_model/backend/cheese3d_demo_model-houlab-2025-05-28/labeled-data/20250521_B1_ephys-record_awake_000_TL_19-43-23/CollectedData_houlab.h5,12,most completely labeled frame in folder
F218,3,20250521_B1_ephys-record_awake_000_TR_19-43-23,img003912.png,/data/disk2/home/tony/demo1/model/cheese3d_demo_model/backend/cheese3d_demo_model-houlab-2025-05-28/labeled-data/20250521_B1_ephys-record_awake_000_TR_19-43-23/img003912.png,/data/disk2/home/tony/demo1/model/cheese3d_demo_model/backend/cheese3d_demo_model-houlab-2025-05-28/labeled-data/20250521_B1_ephys-record_awake_000_TR_19-43-23/CollectedData_houlab.h5,12,most completely labeled frame in folder
F219,3,20250521_B1_ephys-record_stim_002_BC_20-11-54,img00287.png,/data/disk2/home/tony/demo1/model/cheese3d_demo_model/backend/cheese3d_demo_model-houlab-2025-05-28/labeled-data/20250521_B1_ephys-record_stim_002_BC_20-11-54/img00287.png,/data/disk2/home/tony/demo1/model/cheese3d_demo_model/backend/cheese3d_demo_model-houlab-2025-05-28/labeled-data/20250521_B1_ephys-record_stim_002_BC_20-11-54/CollectedData_houlab.h5,11,most completely labeled frame in folder
F220,3,20250521_B1_ephys-record_stim_002_L_20-11-54,img01943.png,/data/disk2/home/tony/demo1/model/cheese3d_demo_model/backend/cheese3d_demo_model-houlab-2025-05-28/labeled-data/20250521_B1_ephys-record_stim_002_L_20-11-54/img01943.png,/data/disk2/home/tony/demo1/model/cheese3d_demo_model/backend/cheese3d_demo_model-houlab-2025-05-28/labeled-data/20250521_B1_ephys-record_stim_002_L_20-11-54/CollectedData_houlab.h5,16,most completely labeled frame in folder
F221,3,20250521_B1_ephys-record_stim_002_R_20-11-54,img00757.png,/data/disk2/home/tony/demo1/model/cheese3d_demo_model/backend/cheese3d_demo_model-houlab-2025-05-28/labeled-data/20250521_B1_ephys-record_stim_002_R_20-11-54/img00757.png,/data/disk2/home/tony/demo1/model/cheese3d_demo_model/backend/cheese3d_demo_model-houlab-2025-05-28/labeled-data/20250521_B1_ephys-record_stim_002_R_20-11-54/CollectedData_houlab.h5,16,most completely labeled frame in folder
F222,3,20250521_B1_ephys-record_stim_002_TC_20-11-54,img00417.png,/data/disk2/home/tony/demo1/model/cheese3d_demo_model/backend/cheese3d_demo_model-houlab-2025-05-28/labeled-data/20250521_B1_ephys-record_stim_002_TC_20-11-54/img00417.png,/data/disk2/home/tony/demo1/model/cheese3d_demo_model/backend/cheese3d_demo_model-houlab-2025-05-28/labeled-data/20250521_B1_ephys-record_stim_002_TC_20-11-54/CollectedData_houlab.h5,10,most completely labeled frame in folder
F223,3,20250521_B1_ephys-record_stim_002_TL_20-11-54,img02315.png,/data/disk2/home/tony/demo1/model/cheese3d_demo_model/backend/cheese3d_demo_model-houlab-2025-05-28/labeled-data/20250521_B1_ephys-record_stim_002_TL_20-11-54/img02315.png,/data/disk2/home/tony/demo1/model/cheese3d_demo_model/backend/cheese3d_demo_model-houlab-2025-05-28/labeled-data/20250521_B1_ephys-record_stim_002_TL_20-11-54/CollectedData_houlab.h5,12,most completely labeled frame in folder
F224,3,20250521_B1_ephys-record_stim_002_TR_20-11-54,img00012.png,/data/disk2/home/tony/demo1/model/cheese3d_demo_model/backend/cheese3d_demo_model-houlab-2025-05-28/labeled-data/20250521_B1_ephys-record_stim_002_TR_20-11-54/img00012.png,/data/disk2/home/tony/demo1/model/cheese3d_demo_model/backend/cheese3d_demo_model-houlab-2025-05-28/labeled-data/20250521_B1_ephys-record_stim_002_TR_20-11-54/CollectedData_houlab.h5,12,most completely labeled frame in folder
F225,3,20250522_B1_ephys-record_awake_000_R_17-53-48,img021905.png,/data/disk2/home/tony/demo1/model/cheese3d_demo_model/backend/cheese3d_demo_model-houlab-2025-05-28/labeled-data/20250522_B1_ephys-record_awake_000_R_17-53-48/img021905.png,/data/disk2/home/tony/demo1/model/cheese3d_demo_model/backend/cheese3d_demo_model-houlab-2025-05-28/labeled-data/20250522_B1_ephys-record_awake_000_R_17-53-48/CollectedData_houlab.h5,16,most completely labeled frame in folder
F226,3,20250522_B1_ephys-record_awake_000_TC_17-53-48,img012068.png,/data/disk2/home/tony/demo1/model/cheese3d_demo_model/backend/cheese3d_demo_model-houlab-2025-05-28/labeled-data/20250522_B1_ephys-record_awake_000_TC_17-53-48/img012068.png,/data/disk2/home/tony/demo1/model/cheese3d_demo_model/backend/cheese3d_demo_model-houlab-2025-05-28/labeled-data/20250522_B1_ephys-record_awake_000_TC_17-53-48/CollectedData_houlab.h5,10,most completely labeled frame in folder
F227,3,20250617_B2_ephys-record_awake_000_BC_16-35-06,img007651.png,/data/disk2/home/tony/demo1/model/cheese3d_demo_model/backend/cheese3d_demo_model-houlab-2025-05-28/labeled-data/20250617_B2_ephys-record_awake_000_BC_16-35-06/img007651.png,/data/disk2/home/tony/demo1/model/cheese3d_demo_model/backend/cheese3d_demo_model-houlab-2025-05-28/labeled-data/20250617_B2_ephys-record_awake_000_BC_16-35-06/CollectedData_houlab.h5,11,most completely labeled frame in folder
F228,3,20250617_B2_ephys-record_awake_000_L_16-35-06,img002974.png,/data/disk2/home/tony/demo1/model/cheese3d_demo_model/backend/cheese3d_demo_model-houlab-2025-05-28/labeled-data/20250617_B2_ephys-record_awake_000_L_16-35-06/img002974.png,/data/disk2/home/tony/demo1/model/cheese3d_demo_model/backend/cheese3d_demo_model-houlab-2025-05-28/labeled-data/20250617_B2_ephys-record_awake_000_L_16-35-06/CollectedData_houlab.h5,16,most completely labeled frame in folder
F229,3,20250617_B2_ephys-record_awake_000_R_16-35-06,img029733.png,/data/disk2/home/tony/demo1/model/cheese3d_demo_model/backend/cheese3d_demo_model-houlab-2025-05-28/labeled-data/20250617_B2_ephys-record_awake_000_R_16-35-06/img029733.png,/data/disk2/home/tony/demo1/model/cheese3d_demo_model/backend/cheese3d_demo_model-houlab-2025-05-28/labeled-data/20250617_B2_ephys-record_awake_000_R_16-35-06/CollectedData_houlab.h5,16,most completely labeled frame in folder
F230,3,20250617_B2_ephys-record_awake_000_TC_16-35-06,img007203.png,/data/disk2/home/tony/demo1/model/cheese3d_demo_model/backend/cheese3d_demo_model-houlab-2025-05-28/labeled-data/20250617_B2_ephys-record_awake_000_TC_16-35-06/img007203.png,/data/disk2/home/tony/demo1/model/cheese3d_demo_model/backend/cheese3d_demo_model-houlab-2025-05-28/labeled-data/20250617_B2_ephys-record_awake_000_TC_16-35-06/CollectedData_houlab.h5,10,most completely labeled frame in folder
F231,3,20250617_B2_ephys-record_awake_000_TL_16-35-06,img028678.png,/data/disk2/home/tony/demo1/model/cheese3d_demo_model/backend/cheese3d_demo_model-houlab-2025-05-28/labeled-data/20250617_B2_ephys-record_awake_000_TL_16-35-06/img028678.png,/data/disk2/home/tony/demo1/model/cheese3d_demo_model/backend/cheese3d_demo_model-houlab-2025-05-28/labeled-data/20250617_B2_ephys-record_awake_000_TL_16-35-06/CollectedData_houlab.h5,12,most completely labeled frame in folder
F232,3,20250617_B2_ephys-record_awake_002_BC_17-48-16,img013528.png,/data/disk2/home/tony/demo1/model/cheese3d_demo_model/backend/cheese3d_demo_model-houlab-2025-05-28/labeled-data/20250617_B2_ephys-record_awake_002_BC_17-48-16/img013528.png,/data/disk2/home/tony/demo1/model/cheese3d_demo_model/backend/cheese3d_demo_model-houlab-2025-05-28/labeled-data/20250617_B2_ephys-record_awake_002_BC_17-48-16/CollectedData_houlab.h5,11,most completely labeled frame in folder
F233,3,20250617_B2_ephys-record_awake_002_L_17-48-16,img029237.png,/data/disk2/home/tony/demo1/model/cheese3d_demo_model/backend/cheese3d_demo_model-houlab-2025-05-28/labeled-data/20250617_B2_ephys-record_awake_002_L_17-48-16/img029237.png,/data/disk2/home/tony/demo1/model/cheese3d_demo_model/backend/cheese3d_demo_model-houlab-2025-05-28/labeled-data/20250617_B2_ephys-record_awake_002_L_17-48-16/CollectedData_houlab.h5,16,most completely labeled frame in folder
F234,3,20250617_B2_ephys-record_awake_002_R_17-48-16,img019315.png,/data/disk2/home/tony/demo1/model/cheese3d_demo_model/backend/cheese3d_demo_model-houlab-2025-05-28/labeled-data/20250617_B2_ephys-record_awake_002_R_17-48-16/img019315.png,/data/disk2/home/tony/demo1/model/cheese3d_demo_model/backend/cheese3d_demo_model-houlab-2025-05-28/labeled-data/20250617_B2_ephys-record_awake_002_R_17-48-16/CollectedData_houlab.h5,16,most completely labeled frame in folder
F235,3,20250617_B2_ephys-record_awake_002_TC_17-48-16,img033103.png,/data/disk2/home/tony/demo1/model/cheese3d_demo_model/backend/cheese3d_demo_model-houlab-2025-05-28/labeled-data/20250617_B2_ephys-record_awake_002_TC_17-48-16/img033103.png,/data/disk2/home/tony/demo1/model/cheese3d_demo_model/backend/cheese3d_demo_model-houlab-2025-05-28/labeled-data/20250617_B2_ephys-record_awake_002_TC_17-48-16/CollectedData_houlab.h5,10,most completely labeled frame in folder
F236,3,20250617_B2_ephys-record_awake_002_TL_17-48-16,img004603.png,/data/disk2/home/tony/demo1/model/cheese3d_demo_model/backend/cheese3d_demo_model-houlab-2025-05-28/labeled-data/20250617_B2_ephys-record_awake_002_TL_17-48-16/img004603.png,/data/disk2/home/tony/demo1/model/cheese3d_demo_model/backend/cheese3d_demo_model-houlab-2025-05-28/labeled-data/20250617_B2_ephys-record_awake_002_TL_17-48-16/CollectedData_houlab.h5,12,most completely labeled frame in folder
