code,sheet,recording,image,image_path,label_table,labeled_keypoints,total_keypoints
Q0001,1,20231013_B6_long-anes_awake_000_BC_09-36-00,img02337.png,/data/disk2/home/tony/demo1/model/cheese3d_demo_model/backend/cheese3d_demo_model-houlab-2025-05-28/labeled-data/20231013_B6_long-anes_awake_000_BC_09-36-00/img02337.png,/data/disk2/home/tony/demo1/model/cheese3d_demo_model/backend/cheese3d_demo_model-houlab-2025-05-28/labeled-data/20231013_B6_long-anes_awake_000_BC_09-36-00/CollectedData_houlab.h5,11,28
Q0002,1,20231013_B6_long-anes_awake_000_BC_09-36-00,img06863.png,/data/disk2/home/tony/demo1/model/cheese3d_demo_model/backend/cheese3d_demo_model-houlab-2025-05-28/labeled-data/20231013_B6_long-anes_awake_000_BC_09-36-00/img06863.png,/data/disk2/home/tony/demo1/model/cheese3d_demo_model/backend/cheese3d_demo_model-houlab-2025-05-28/labeled-data/20231013_B6_long-anes_awake_000_BC_09-36-00/CollectedData_houlab.h5,11,28
Q0003,1,20231013_B6_long-anes_awake_000_BC_09-36-00,img20451.png,/data/disk2/home/tony/demo1/model/cheese3d_demo_model/backend/cheese3d_demo_model-houlab-2025-05-28/labeled-data/20231013_B6_long-anes_awake_000_BC_09-36-00/img20451.png,/data/disk2/home/tony/demo1/model/cheese3d_demo_model/backend/cheese3d_demo_model-houlab-2025-05-28/labeled-data/20231013_B6_long-anes_awake_000_BC_09-36-00/CollectedData_houlab.h5,11,28
Q0004,1,20231013_B6_long-anes_awake_000_BC_09-36-00,img27366.png,/data/disk2/home/tony/demo1/model/cheese3d_demo_model/backend/cheese3d_demo_model-houlab-2025-05-28/labeled-data/20231013_B6_long-anes_awake_000_BC_09-36-00/img27366.png,/data/disk2/home/tony/demo1/model/cheese3d_demo_model/backend/cheese3d_demo_model-houlab-2025-05-28/labeled-data/20231013_B6_long-anes_awake_000_BC_09-36-00/CollectedData_houlab.h5,11,28
Q0005,1,20231013_B6_long-anes_awake_000_BC_09-36-00,img30476.png,/data/disk2/home/tony/demo1/model/cheese3d_demo_model/backend/cheese3d_demo_model-houlab-2025-05-28/labeled-data/20231013_B6_long-anes_awake_000_BC_09-36-00/img30476.png,/data/disk2/home/tony/demo1/model/cheese3d_demo_model/backend/cheese3d_demo_model-houlab-2025-05-28/labeled-data/20231013_B6_long-anes_awake_000_BC_09-36-00/CollectedData_houlab.h5,11,28
Q0006,1,20231013_B6_long-anes_awake_000_L_09-36-00,img01415.png,/data/disk2/home/tony/demo1/model/cheese3d_demo_model/backend/cheese3d_demo_model-houlab-2025-05-28/labeled-data/20231013_B6_long-anes_awake_000_L_09-36-00/img01415.png,/data/disk2/home/tony/demo1/model/cheese3d_demo_model/backend/cheese3d_demo_model-houlab-2025-05-28/labeled-data/20231013_B6_long-anes_awake_000_L_09-36-00/CollectedData_houlab.h5,17,28
Q0007,1,20231013_B6_long-anes_awake_000_L_09-36-00,img06842.png,/data/disk2/home/tony/demo1/model/cheese3d_demo_model/backend/cheese3d_demo_model-houlab-2025-05-28/labeled-data/20231013_B6_long-anes_awake_000_L_09-36-00/img06842.png,/data/disk2/home/tony/demo1/model/cheese3d_demo_model/backend/cheese3d_demo_model-houlab-2025-05-28/labeled-data/20231013_B6_long-anes_awake_000_L_09-36-00/CollectedData_houlab.h5,17,28
Q0008,1,20231013_B6_long-anes_awake_000_L_09-36-00,img12504.png,/data/disk2/home/tony/demo1/model/cheese3d_demo_model/backend/cheese3d_demo_model-houlab-2025-05-28/labeled-data/20231013_B6_long-anes_awake_000_L_09-36-00/img12504.png,/data/disk2/home/tony/demo1/model/cheese3d_demo_model/backend/cheese3d_demo_model-houlab-2025-05-28/labeled-data/20231013_B6_long-anes_awake_000_L_09-36-00/CollectedData_houlab.h5,17,28
Q0009,1,20231013_B6_long-anes_awake_000_L_09-36-00,img25591.png,/data/disk2/home/tony/demo1/model/cheese3d_demo_model/backend/cheese3d_demo_model-houlab-2025-05-28/labeled-data/20231013_B6_long-anes_awake_000_L_09-36-00/img25591.png,/data/disk2/home/tony/demo1/model/cheese3d_demo_model/backend/cheese3d_demo_model-houlab-2025-05-28/labeled-data/20231013_B6_long-anes_awake_000_L_09-36-00/CollectedData_houlab.h5,17,28
Q0010,1,20231013_B6_long-anes_awake_000_L_09-36-00,img27184.png,/data/disk2/home/tony/demo1/model/cheese3d_demo_model/backend/cheese3d_demo_model-houlab-2025-05-28/labeled-data/20231013_B6_long-anes_awake_000_L_09-36-00/img27184.png,/data/disk2/home/tony/demo1/model/cheese3d_demo_model/backend/cheese3d_demo_model-houlab-2025-05-28/labeled-data/20231013_B6_long-anes_awake_000_L_09-36-00/CollectedData_houlab.h5,17,28
Q0011,1,20231013_B6_long-anes_awake_000_R_09-36-00,img10786.png,/data/disk2/home/tony/demo1/model/cheese3d_demo_model/backend/cheese3d_demo_model-houlab-2025-05-28/labeled-data/20231013_B6_long-anes_awake_000_R_09-36-00/img10786.png,/data/disk2/home/tony/demo1/model/cheese3d_demo_model/backend/cheese3d_demo_model-houlab-2025-05-28/labeled-data/20231013_B6_long-anes_awake_000_R_09-36-00/CollectedData_houlab.h5,17,28
Q0012,1,20231013_B6_long-anes_awake_000_R_09-36-00,img13911.png,/data/disk2/home/tony/demo1/model/cheese3d_demo_model/backend/cheese3d_demo_model-houlab-2025-05-28/labeled-data/20231013_B6_long-anes_awake_000_R_09-36-00/img13911.png,/data/disk2/home/tony/demo1/model/cheese3d_demo_model/backend/cheese3d_demo_model-houlab-2025-05-28/labeled-data/20231013_B6_long-anes_awake_000_R_09-36-00/CollectedData_houlab.h5,17,28
Q0013,1,20231013_B6_long-anes_awake_000_R_09-36-00,img17186.png,/data/disk2/home/tony/demo1/model/cheese3d_demo_model/backend/cheese3d_demo_model-houlab-2025-05-28/labeled-data/20231013_B6_long-anes_awake_000_R_09-36-00/img17186.png,/data/disk2/home/tony/demo1/model/cheese3d_demo_model/backend/cheese3d_demo_model-houlab-2025-05-28/labeled-data/20231013_B6_long-anes_awake_000_R_09-36-00/CollectedData_houlab.h5,17,28
Q0014,1,20231013_B6_long-anes_awake_000_R_09-36-00,img20432.png,/data/disk2/home/tony/demo1/model/cheese3d_demo_model/backend/cheese3d_demo_model-houlab-2025-05-28/labeled-data/20231013_B6_long-anes_awake_000_R_09-36-00/img20432.png,/data/disk2/home/tony/demo1/model/cheese3d_demo_model/backend/cheese3d_demo_model-houlab-2025-05-28/labeled-data/20231013_B6_long-anes_awake_000_R_09-36-00/CollectedData_houlab.h5,17,28
Q0015,1,20231013_B6_long-anes_awake_000_R_09-36-00,img28176.png,/data/disk2/home/tony/demo1/model/cheese3d_demo_model/backend/cheese3d_demo_model-houlab-2025-05-28/labeled-data/20231013_B6_long-anes_awake_000_R_09-36-00/img28176.png,/data/disk2/home/tony/demo1/model/cheese3d_demo_model/backend/cheese3d_demo_model-houlab-2025-05-28/labeled-data/20231013_B6_long-anes_awake_000_R_09-36-00/CollectedData_houlab.h5,17,28
Q0016,1,20231013_B6_long-anes_awake_000_TC_09-36-00,img11690.png,/data/disk2/home/tony/demo1/model/cheese3d_demo_model/backend/cheese3d_demo_model-houlab-2025-05-28/labeled-data/20231013_B6_long-anes_awake_000_TC_09-36-00/img11690.png,/data/disk2/home/tony/demo1/model/cheese3d_demo_model/backend/cheese3d_demo_model-houlab-2025-05-28/labeled-data/20231013_B6_long-anes_awake_000_TC_09-36-00/CollectedData_houlab.h5,10,28
Q0017,1,20231013_B6_long-anes_awake_000_TC_09-36-00,img14242.png,/data/disk2/home/tony/demo1/model/cheese3d_demo_model/backend/cheese3d_demo_model-houlab-2025-05-28/labeled-data/20231013_B6_long-anes_awake_000_TC_09-36-00/img14242.png,/data/disk2/home/tony/demo1/model/cheese3d_demo_model/backend/cheese3d_demo_model-houlab-2025-05-28/labeled-data/20231013_B6_long-anes_awake_000_TC_09-36-00/CollectedData_houlab.h5,10,28
Q0018,1,20231013_B6_long-anes_awake_000_TC_09-36-00,img15174.png,/data/disk2/home/tony/demo1/model/cheese3d_demo_model/backend/cheese3d_demo_model-houlab-2025-05-28/labeled-data/20231013_B6_long-anes_awake_000_TC_09-36-00/img15174.png,/data/disk2/home/tony/demo1/model/cheese3d_demo_model/backend/cheese3d_demo_model-houlab-2025-05-28/labeled-data/20231013_B6_long-anes_awake_000_TC_09-36-00/CollectedData_houlab.h5,10,28
Q0019,1,20231013_B6_long-anes_awake_000_TC_09-36-00,img20984.png,/data/disk2/home/tony/demo1/model/cheese3d_demo_model/backend/cheese3d_demo_model-houlab-2025-05-28/labeled-data/20231013_B6_long-anes_awake_000_TC_09-36-00/img20984.png,/data/disk2/home/tony/demo1/model/cheese3d_demo_model/backend/cheese3d_demo_model-houlab-2025-05-28/labeled-data/20231013_B6_long-anes_awake_000_TC_09-36-00/CollectedData_houlab.h5,10,28
Q0020,1,20231013_B6_long-anes_awake_000_TC_09-36-00,img29922.png,/data/disk2/home/tony/demo1/model/cheese3d_demo_model/backend/cheese3d_demo_model-houlab-2025-05-28/labeled-data/20231013_B6_long-anes_awake_000_TC_09-36-00/img29922.png,/data/disk2/home/tony/demo1/model/cheese3d_demo_model/backend/cheese3d_demo_model-houlab-2025-05-28/labeled-data/20231013_B6_long-anes_awake_000_TC_09-36-00/CollectedData_houlab.h5,10,28
Q0021,1,20231013_B6_long-anes_awake_000_TL_09-36-00,img00674.png,/data/disk2/home/tony/demo1/model/cheese3d_demo_model/backend/cheese3d_demo_model-houlab-2025-05-28/labeled-data/20231013_B6_long-anes_awake_000_TL_09-36-00/img00674.png,/data/disk2/home/tony/demo1/model/cheese3d_demo_model/backend/cheese3d_demo_model-houlab-2025-05-28/labeled-data/20231013_B6_long-anes_awake_000_TL_09-36-00/CollectedData_houlab.h5,10,28
Q0022,1,20231013_B6_long-anes_awake_000_TL_09-36-00,img14497.png,/data/disk2/home/tony/demo1/model/cheese3d_demo_model/backend/cheese3d_demo_model-houlab-2025-05-28/labeled-data/20231013_B6_long-anes_awake_000_TL_09-36-00/img14497.png,/data/disk2/home/tony/demo1/model/cheese3d_demo_model/backend/cheese3d_demo_model-houlab-2025-05-28/labeled-data/20231013_B6_long-anes_awake_000_TL_09-36-00/CollectedData_houlab.h5,10,28
Q0023,1,20231013_B6_long-anes_awake_000_TL_09-36-00,img14568.png,/data/disk2/home/tony/demo1/model/cheese3d_demo_model/backend/cheese3d_demo_model-houlab-2025-05-28/labeled-data/20231013_B6_long-anes_awake_000_TL_09-36-00/img14568.png,/data/disk2/home/tony/demo1/model/cheese3d_demo_model/backend/cheese3d_demo_model-houlab-2025-05-28/labeled-data/20231013_B6_long-anes_awake_000_TL_09-36-00/CollectedData_houlab.h5,10,28
Q0024,1,20231013_B6_long-anes_awake_000_TL_09-36-00,img14588.png,/data/disk2/home/tony/demo1/model/cheese3d_demo_model/backend/cheese3d_demo_model-houlab-2025-05-28/labeled-data/20231013_B6_long-anes_awake_000_TL_09-36-00/img14588.png,/data/disk2/home/tony/demo1/model/cheese3d_demo_model/backend/cheese3d_demo_model-houlab-2025-05-28/labeled-data/20231013_B6_long-anes_awake_000_TL_09-36-00/CollectedData_houlab.h5,10,28
Q0025,1,20231013_B6_long-anes_awake_000_TL_09-36-00,img14686.png,/data/disk2/home/tony/demo1/model/cheese3d_demo_model/backend/cheese3d_demo_model-houlab-2025-05-28/labeled-data/20231013_B6_long-anes_awake_000_TL_09-36-00/img14686.png,/data/disk2/home/tony/demo1/model/cheese3d_demo_model/backend/cheese3d_demo_model-houlab-2025-05-28/labeled-data/20231013_B6_long-anes_awake_000_TL_09-36-00/CollectedData_houlab.h5,10,28
Q0026,1,20231013_B6_long-anes_awake_000_TR_09-36-00,img14496.png,/data/disk2/home/tony/demo1/model/cheese3d_demo_model/backend/cheese3d_demo_model-houlab-2025-05-28/labeled-data/20231013_B6_long-anes_awake_000_TR_09-36-00/img14496.png,/data/disk2/home/tony/demo1/model/cheese3d_demo_model/backend/cheese3d_demo_model-houlab-2025-05-28/labeled-data/20231013_B6_long-anes_awake_000_TR_09-36-00/CollectedData_houlab.h5,10,28
Q0027,1,20231013_B6_long-anes_awake_000_TR_09-36-00,img14602.png,/data/disk2/home/tony/demo1/model/cheese3d_demo_model/backend/cheese3d_demo_model-houlab-2025-05-28/labeled-data/20231013_B6_long-anes_awake_000_TR_09-36-00/img14602.png,/data/disk2/home/tony/demo1/model/cheese3d_demo_model/backend/cheese3d_demo_model-houlab-2025-05-28/labeled-data/20231013_B6_long-anes_awake_000_TR_09-36-00/CollectedData_houlab.h5,10,28
Q0028,1,20231013_B6_long-anes_awake_000_TR_09-36-00,img14649.png,/data/disk2/home/tony/demo1/model/cheese3d_demo_model/backend/cheese3d_demo_model-houlab-2025-05-28/labeled-data/20231013_B6_long-anes_awake_000_TR_09-36-00/img14649.png,/data/disk2/home/tony/demo1/model/cheese3d_demo_model/backend/cheese3d_demo_model-houlab-2025-05-28/labeled-data/20231013_B6_long-anes_awake_000_TR_09-36-00/CollectedData_houlab.h5,10,28
Q0029,1,20231013_B6_long-anes_awake_000_TR_09-36-00,img16691.png,/data/disk2/home/tony/demo1/model/cheese3d_demo_model/backend/cheese3d_demo_model-houlab-2025-05-28/labeled-data/20231013_B6_long-anes_awake_000_TR_09-36-00/img16691.png,/data/disk2/home/tony/demo1/model/cheese3d_demo_model/backend/cheese3d_demo_model-houlab-2025-05-28/labeled-data/20231013_B6_long-anes_awake_000_TR_09-36-00/CollectedData_houlab.h5,10,28
Q0030,1,20231013_B6_long-anes_awake_000_TR_09-36-00,img16863.png,/data/disk2/home/tony/demo1/model/cheese3d_demo_model/backend/cheese3d_demo_model-houlab-2025-05-28/labeled-data/20231013_B6_long-anes_awake_000_TR_09-36-00/img16863.png,/data/disk2/home/tony/demo1/model/cheese3d_demo_model/backend/cheese3d_demo_model-houlab-2025-05-28/labeled-data/20231013_B6_long-anes_awake_000_TR_09-36-00/CollectedData_houlab.h5,10,28
Q0031,1,20231013_B8_long-anes_awake_100_BC_12-01-00,img01524.png,/data/disk2/home/tony/demo1/model/cheese3d_demo_model/backend/cheese3d_demo_model-houlab-2025-05-28/labeled-data/20231013_B8_long-anes_awake_100_BC_12-01-00/img01524.png,/data/disk2/home/tony/demo1/model/cheese3d_demo_model/backend/cheese3d_demo_model-houlab-2025-05-28/labeled-data/20231013_B8_long-anes_awake_100_BC_12-01-00/CollectedData_houlab.h5,11,28
Q0032,1,20231013_B8_long-anes_awake_100_BC_12-01-00,img09441.png,/data/disk2/home/tony/demo1/model/cheese3d_demo_model/backend/cheese3d_demo_model-houlab-2025-05-28/labeled-data/20231013_B8_long-anes_awake_100_BC_12-01-00/img09441.png,/data/disk2/home/tony/demo1/model/cheese3d_demo_model/backend/cheese3d_demo_model-houlab-2025-05-28/labeled-data/20231013_B8_long-anes_awake_100_BC_12-01-00/CollectedData_houlab.h5,11,28
Q0033,1,20231013_B8_long-anes_awake_100_BC_12-01-00,img16902.png,/data/disk2/home/tony/demo1/model/cheese3d_demo_model/backend/cheese3d_demo_model-houlab-2025-05-28/labeled-data/20231013_B8_long-anes_awake_100_BC_12-01-00/img16902.png,/data/disk2/home/tony/demo1/model/cheese3d_demo_model/backend/cheese3d_demo_model-houlab-2025-05-28/labeled-data/20231013_B8_long-anes_awake_100_BC_12-01-00/CollectedData_houlab.h5,11,28
Q0034,1,20231013_B8_long-anes_awake_100_BC_12-01-00,img18126.png,/data/disk2/home/tony/demo1/model/cheese3d_demo_model/backend/cheese3d_demo_model-houlab-2025-05-28/labeled-data/20231013_B8_long-anes_awake_100_BC_12-01-00/img18126.png,/data/disk2/home/tony/demo1/model/cheese3d_demo_model/backend/cheese3d_demo_model-houlab-2025-05-28/labeled-data/20231013_B8_long-anes_awake_100_BC_12-01-00/CollectedData_houlab.h5,11,28
Q0035,1,20231013_B8_long-anes_awake_100_BC_12-01-00,img18200.png,/data/disk2/home/tony/demo1/model/cheese3d_demo_model/backend/cheese3d_demo_model-houlab-2025-05-28/labeled-data/20231013_B8_long-anes_awake_100_BC_12-01-00/img18200.png,/data/disk2/home/tony/demo1/model/cheese3d_demo_model/backend/cheese3d_demo_model-houlab-2025-05-28/labeled-data/20231013_B8_long-anes_awake_100_BC_12-01-00/CollectedData_houlab.h5,7,28
Q0036,1,20231013_B8_long-anes_awake_100_L_12-01-00,img00047.png,/data/disk2/home/tony/demo1/model/cheese3d_demo_model/backend/cheese3d_demo_model-houlab-2025-05-28/labeled-data/20231013_B8_long-anes_awake_100_L_12-01-00/img00047.png,/data/disk2/home/tony/demo1/model/cheese3d_demo_model/backend/cheese3d_demo_model-houlab-2025-05-28/labeled-data/20231013_B8_long-anes_awake_100_L_12-01-00/CollectedData_houlab.h5,17,28
Q0037,1,20231013_B8_long-anes_awake_100_L_12-01-00,img04298.png,/data/disk2/home/tony/demo1/model/cheese3d_demo_model/backend/cheese3d_demo_model-houlab-2025-05-28/labeled-data/20231013_B8_long-anes_awake_100_L_12-01-00/img04298.png,/data/disk2/home/tony/demo1/model/cheese3d_demo_model/backend/cheese3d_demo_model-houlab-2025-05-28/labeled-data/20231013_B8_long-anes_awake_100_L_12-01-00/CollectedData_houlab.h5,17,28
Q0038,1,20231013_B8_long-anes_awake_100_L_12-01-00,img10166.png,/data/disk2/home/tony/demo1/model/cheese3d_demo_model/backend/cheese3d_demo_model-houlab-2025-05-28/labeled-data/20231013_B8_long-anes_awake_100_L_12-01-00/img10166.png,/data/disk2/home/tony/demo1/model/cheese3d_demo_model/backend/cheese3d_demo_model-houlab-2025-05-28/labeled-data/20231013_B8_long-anes_awake_100_L_12-01-00/CollectedData_houlab.h5,17,28
Q0039,1,20231013_B8_long-anes_awake_100_L_12-01-00,img19001.png,/data/disk2/home/tony/demo1/model/cheese3d_demo_model/backend/cheese3d_demo_model-houlab-2025-05-28/labeled-data/20231013_B8_long-anes_awake_100_L_12-01-00/img19001.png,/data/disk2/home/tony/demo1/model/cheese3d_demo_model/backend/cheese3d_demo_model-houlab-2025-05-28/labeled-data/20231013_B8_long-anes_awake_100_L_12-01-00/CollectedData_houlab.h5,17,28
Q0040,1,20231013_B8_long-anes_awake_100_L_12-01-00,img28549.png,/data/disk2/home/tony/demo1/model/cheese3d_demo_model/backend/cheese3d_demo_model-houlab-2025-05-28/labeled-data/20231013_B8_long-anes_awake_100_L_12-01-00/img28549.png,/data/disk2/home/tony/demo1/model/cheese3d_demo_model/backend/cheese3d_demo_model-houlab-2025-05-28/labeled-data/20231013_B8_long-anes_awake_100_L_12-01-00/CollectedData_houlab.h5,16,28
Q0041,1,20231013_B8_long-anes_awake_100_R_12-01-00,img18127.png,/data/disk2/home/tony/demo1/model/cheese3d_demo_model/backend/cheese3d_demo_model-houlab-2025-05-28/labeled-data/20231013_B8_long-anes_awake_100_R_12-01-00/img18127.png,/data/disk2/home/tony/demo1/model/cheese3d_demo_model/backend/cheese3d_demo_model-houlab-2025-05-28/labeled-data/20231013_B8_long-anes_awake_100_R_12-01-00/CollectedData_houlab.h5,16,28
Q0042,1,20231013_B8_long-anes_awake_100_R_12-01-00,img18142.png,/data/disk2/home/tony/demo1/model/cheese3d_demo_model/backend/cheese3d_demo_model-houlab-2025-05-28/labeled-data/20231013_B8_long-anes_awake_100_R_12-01-00/img18142.png,/data/disk2/home/tony/demo1/model/cheese3d_demo_model/backend/cheese3d_demo_model-houlab-2025-05-28/labeled-data/20231013_B8_long-anes_awake_100_R_12-01-00/CollectedData_houlab.h5,16,28
Q0043,1,20231013_B8_long-anes_awake_100_R_12-01-00,img18199.png,/data/disk2/home/tony/demo1/model/cheese3d_demo_model/backend/cheese3d_demo_model-houlab-2025-05-28/labeled-data/20231013_B8_long-anes_awake_100_R_12-01-00/img18199.png,/data/disk2/home/tony/demo1/model/cheese3d_demo_model/backend/cheese3d_demo_model-houlab-2025-05-28/labeled-data/20231013_B8_long-anes_awake_100_R_12-01-00/CollectedData_houlab.h5,14,28
Q0044,1,20231013_B8_long-anes_awake_100_R_12-01-00,img18235.png,/data/disk2/home/tony/demo1/model/cheese3d_demo_model/backend/cheese3d_demo_model-houlab-2025-05-28/labeled-data/20231013_B8_long-anes_awake_100_R_12-01-00/img18235.png,/data/disk2/home/tony/demo1/model/cheese3d_demo_model/backend/cheese3d_demo_model-houlab-2025-05-28/labeled-data/20231013_B8_long-anes_awake_100_R_12-01-00/CollectedData_houlab.h5,13,28
Q0045,1,20231013_B8_long-anes_awake_100_R_12-01-00,img18293.png,/data/disk2/home/tony/demo1/model/cheese3d_demo_model/backend/cheese3d_demo_model-houlab-2025-05-28/labeled-data/20231013_B8_long-anes_awake_100_R_12-01-00/img18293.png,/data/disk2/home/tony/demo1/model/cheese3d_demo_model/backend/cheese3d_demo_model-houlab-2025-05-28/labeled-data/20231013_B8_long-anes_awake_100_R_12-01-00/CollectedData_houlab.h5,11,28
Q0046,1,20231013_B8_long-anes_awake_100_TC_12-01-00,img02344.png,/data/disk2/home/tony/demo1/model/cheese3d_demo_model/backend/cheese3d_demo_model-houlab-2025-05-28/labeled-data/20231013_B8_long-anes_awake_100_TC_12-01-00/img02344.png,/data/disk2/home/tony/demo1/model/cheese3d_demo_model/backend/cheese3d_demo_model-houlab-2025-05-28/labeled-data/20231013_B8_long-anes_awake_100_TC_12-01-00/CollectedData_houlab.h5,10,28
Q0047,1,20231013_B8_long-anes_awake_100_TC_12-01-00,img11093.png,/data/disk2/home/tony/demo1/model/cheese3d_demo_model/backend/cheese3d_demo_model-houlab-2025-05-28/labeled-data/20231013_B8_long-anes_awake_100_TC_12-01-00/img11093.png,/data/disk2/home/tony/demo1/model/cheese3d_demo_model/backend/cheese3d_demo_model-houlab-2025-05-28/labeled-data/20231013_B8_long-anes_awake_100_TC_12-01-00/CollectedData_houlab.h5,10,28
Q0048,1,20231013_B8_long-anes_awake_100_TC_12-01-00,img15416.png,/data/disk2/home/tony/demo1/model/cheese3d_demo_model/backend/cheese3d_demo_model-houlab-2025-05-28/labeled-data/20231013_B8_long-anes_awake_100_TC_12-01-00/img15416.png,/data/disk2/home/tony/demo1/model/cheese3d_demo_model/backend/cheese3d_demo_model-houlab-2025-05-28/labeled-data/20231013_B8_long-anes_awake_100_TC_12-01-00/CollectedData_houlab.h5,10,28
Q0049,1,20231013_B8_long-anes_awake_100_TC_12-01-00,img16078.png,/data/disk2/home/tony/demo1/model/cheese3d_demo_model/backend/cheese3d_demo_model-houlab-2025-05-28/labeled-data/20231013_B8_long-anes_awake_100_TC_12-01-00/img16078.png,/data/disk2/home/tony/demo1/model/cheese3d_demo_model/backend/cheese3d_demo_model-houlab-2025-05-28/labeled-data/20231013_B8_long-anes_awake_100_TC_12-01-00/CollectedData_houlab.h5,10,28
Q0050,1,20231013_B8_long-anes_awake_100_TC_12-01-00,img25315.png,/data/disk2/home/tony/demo1/model/cheese3d_demo_model/backend/cheese3d_demo_model-houlab-2025-05-28/labeled-data/20231013_B8_long-anes_awake_100_TC_12-01-00/img25315.png,/data/disk2/home/tony/demo1/model/cheese3d_demo_model/backend/cheese3d_demo_model-houlab-2025-05-28/labeled-data/20231013_B8_long-anes_awake_100_TC_12-01-00/CollectedData_houlab.h5,10,28
Q0051,1,20231013_B8_long-anes_awake_100_TL_12-01-00,img15264.png,/data/disk2/home/tony/demo1/model/cheese3d_demo_model/backend/cheese3d_demo_model-houlab-2025-05-28/labeled-data/20231013_B8_long-anes_awake_100_TL_12-01-00/img15264.png,/data/disk2/home/tony/demo1/model/cheese3d_demo_model/backend/cheese3d_demo_model-houlab-2025-05-28/labeled-data/20231013_B8_long-anes_awake_100_TL_12-01-00/CollectedData_houlab.h5,9,28
Q0052,1,20231013_B8_long-anes_awake_100_TL_12-01-00,img15579.png,/data/disk2/home/tony/demo1/model/cheese3d_demo_model/backend/cheese3d_demo_model-houlab-2025-05-28/labeled-data/20231013_B8_long-anes_awake_100_TL_12-01-00/img15579.png,/data/disk2/home/tony/demo1/model/cheese3d_demo_model/backend/cheese3d_demo_model-houlab-2025-05-28/labeled-data/20231013_B8_long-anes_awake_100_TL_12-01-00/CollectedData_houlab.h5,10,28
Q0053,1,20231013_B8_long-anes_awake_100_TL_12-01-00,img16566.png,/data/disk2/home/tony/demo1/model/cheese3d_demo_model/backend/cheese3d_demo_model-houlab-2025-05-28/labeled-data/20231013_B8_long-anes_awake_100_TL_12-01-00/img16566.png,/data/disk2/home/tony/demo1/model/cheese3d_demo_model/backend/cheese3d_demo_model-houlab-2025-05-28/labeled-data/20231013_B8_long-anes_awake_100_TL_12-01-00/CollectedData_houlab.h5,10,28
Q0054,1,20231013_B8_long-anes_awake_100_TL_12-01-00,img18219.png,/data/disk2/home/tony/demo1/model/cheese3d_demo_model/backend/cheese3d_demo_model-houlab-2025-05-28/labeled-data/20231013_B8_long-anes_awake_100_TL_12-01-00/img18219.png,/data/disk2/home/tony/demo1/model/cheese3d_demo_model/backend/cheese3d_demo_model-houlab-2025-05-28/labeled-data/20231013_B8_long-anes_awake_100_TL_12-01-00/CollectedData_houlab.h5,10,28
Q0055,1,20231013_B8_long-anes_awake_100_TL_12-01-00,img27988.png,/data/disk2/home/tony/demo1/model/cheese3d_demo_model/backend/cheese3d_demo_model-houlab-2025-05-28/labeled-data/20231013_B8_long-anes_awake_100_TL_12-01-00/img27988.png,/data/disk2/home/tony/demo1/model/cheese3d_demo_model/backend/cheese3d_demo_model-houlab-2025-05-28/labeled-data/20231013_B8_long-anes_awake_100_TL_12-01-00/CollectedData_houlab.h5,10,28
Q0056,1,20231013_B8_long-anes_awake_100_TR_12-01-00,img00462.png,/data/disk2/home/tony/demo1/model/cheese3d_demo_model/backend/cheese3d_demo_model-houlab-2025-05-28/labeled-data/20231013_B8_long-anes_awake_100_TR_12-01-00/img00462.png,/data/disk2/home/tony/demo1/model/cheese3d_demo_model/backend/cheese3d_demo_model-houlab-2025-05-28/labeled-data/20231013_B8_long-anes_awake_100_TR_12-01-00/CollectedData_houlab.h5,10,28
Q0057,1,20231013_B8_long-anes_awake_100_TR_12-01-00,img02807.png,/data/disk2/home/tony/demo1/model/cheese3d_demo_model/backend/cheese3d_demo_model-houlab-2025-05-28/labeled-data/20231013_B8_long-anes_awake_100_TR_12-01-00/img02807.png,/data/disk2/home/tony/demo1/model/cheese3d_demo_model/backend/cheese3d_demo_model-houlab-2025-05-28/labeled-data/20231013_B8_long-anes_awake_100_TR_12-01-00/CollectedData_houlab.h5,10,28
Q0058,1,20231013_B8_long-anes_awake_100_TR_12-01-00,img16512.png,/data/disk2/home/tony/demo1/model/cheese3d_demo_model/backend/cheese3d_demo_model-houlab-2025-05-28/labeled-data/20231013_B8_long-anes_awake_100_TR_12-01-00/img16512.png,/data/disk2/home/tony/demo1/model/cheese3d_demo_model/backend/cheese3d_demo_model-houlab-2025-05-28/labeled-data/20231013_B8_long-anes_awake_100_TR_12-01-00/CollectedData_houlab.h5,10,28
Q0059,1,20231013_B8_long-anes_awake_100_TR_12-01-00,img21203.png,/data/disk2/home/tony/demo1/model/cheese3d_demo_model/backend/cheese3d_demo_model-houlab-2025-05-28/labeled-data/20231013_B8_long-anes_awake_100_TR_12-01-00/img21203.png,/data/disk2/home/tony/demo1/model/cheese3d_demo_model/backend/cheese3d_demo_model-houlab-2025-05-28/labeled-data/20231013_B8_long-anes_awake_100_TR_12-01-00/CollectedData_houlab.h5,10,28
Q0060,1,20231013_B8_long-anes_awake_100_TR_12-01-00,img22669.png,/data/disk2/home/tony/demo1/model/cheese3d_demo_model/backend/cheese3d_demo_model-houlab-2025-05-28/labeled-data/20231013_B8_long-anes_awake_100_TR_12-01-00/img22669.png,/data/disk2/home/tony/demo1/model/cheese3d_demo_model/backend/cheese3d_demo_model-houlab-2025-05-28/labeled-data/20231013_B8_long-anes_awake_100_TR_12-01-00/CollectedData_houlab.h5,10,28
Q0061,1,20231019_B15_long-anes_awake_000_L_14-35-11,img02470.png,/data/disk2/home/tony/demo1/model/cheese3d_demo_model/backend/cheese3d_demo_model-houlab-2025-05-28/labeled-data/20231019_B15_long-anes_awake_000_L_14-35-11/img02470.png,/data/disk2/home/tony/demo1/model/cheese3d_demo_model/backend/cheese3d_demo_model-houlab-2025-05-28/labeled-data/20231019_B15_long-anes_awake_000_L_14-35-11/CollectedData_houlab.h5,15,28
Q0062,1,20231019_B15_long-anes_awake_000_L_14-35-11,img17488.png,/data/disk2/home/tony/demo1/model/cheese3d_demo_model/backend/cheese3d_demo_model-houlab-2025-05-28/labeled-data/20231019_B15_long-anes_awake_000_L_14-35-11/img17488.png,/data/disk2/home/tony/demo1/model/cheese3d_demo_model/backend/cheese3d_demo_model-houlab-2025-05-28/labeled-data/20231019_B15_long-anes_awake_000_L_14-35-11/CollectedData_houlab.h5,15,28
Q0063,1,20231019_B15_long-anes_awake_000_L_14-35-11,img24528.png,/data/disk2/home/tony/demo1/model/cheese3d_demo_model/backend/cheese3d_demo_model-houlab-2025-05-28/labeled-data/20231019_B15_long-anes_awake_000_L_14-35-11/img24528.png,/data/disk2/home/tony/demo1/model/cheese3d_demo_model/backend/cheese3d_demo_model-houlab-2025-05-28/labeled-data/20231019_B15_long-anes_awake_000_L_14-35-11/CollectedData_houlab.h5,17,28
Q0064,1,20231019_B15_long-anes_awake_000_L_14-35-11,img26124.png,/data/disk2/home/tony/demo1/model/cheese3d_demo_model/backend/cheese3d_demo_model-houlab-2025-05-28/labeled-data/20231019_B15_long-anes_awake_000_L_14-35-11/img26124.png,/data/disk2/home/tony/demo1/model/cheese3d_demo_model/backend/cheese3d_demo_model-houlab-2025-05-28/labeled-data/20231019_B15_long-anes_awake_000_L_14-35-11/CollectedData_houlab.h5,15,28
Q0065,1,20231019_B15_long-anes_awake_000_L_14-35-11,img29851.png,/data/disk2/home/tony/demo1/model/cheese3d_demo_model/backend/cheese3d_demo_model-houlab-2025-05-28/labeled-data/20231019_B15_long-anes_awake_000_L_14-35-11/img29851.png,/data/disk2/home/tony/demo1/model/cheese3d_demo_model/backend/cheese3d_demo_model-houlab-2025-05-28/labeled-data/20231019_B15_long-anes_awake_000_L_14-35-11/CollectedData_houlab.h5,16,28
Q0066,1,20231019_B15_long-anes_awake_000_R_14-35-11,img11442.png,/data/disk2/home/tony/demo1/model/cheese3d_demo_model/backend/cheese3d_demo_model-houlab-2025-05-28/labeled-data/20231019_B15_long-anes_awake_000_R_14-35-11/img11442.png,/data/disk2/home/tony/demo1/model/cheese3d_demo_model/backend/cheese3d_demo_model-houlab-2025-05-28/labeled-data/20231019_B15_long-anes_awake_000_R_14-35-11/CollectedData_houlab.h5,15,28
Q0067,1,20231019_B15_long-anes_awake_000_R_14-35-11,img14604.png,/data/disk2/home/tony/demo1/model/cheese3d_demo_model/backend/cheese3d_demo_model-houlab-2025-05-28/labeled-data/20231019_B15_long-anes_awake_000_R_14-35-11/img14604.png,/data/disk2/home/tony/demo1/model/cheese3d_demo_model/backend/cheese3d_demo_model-houlab-2025-05-28/labeled-data/20231019_B15_long-anes_awake_000_R_14-35-11/CollectedData_houlab.h5,15,28
Q0068,1,20231019_B15_long-anes_awake_000_R_14-35-11,img14612.png,/data/disk2/home/tony/demo1/model/cheese3d_demo_model/backend/cheese3d_demo_model-houlab-2025-05-28/labeled-data/20231019_B15_long-anes_awake_000_R_14-35-11/img14612.png,/data/disk2/home/tony/demo1/model/cheese3d_demo_model/backend/cheese3d_demo_model-houlab-2025-05-28/labeled-data/20231019_B15_long-anes_awake_000_R_14-35-11/CollectedData_houlab.h5,16,28
Q0069,1,20231019_B15_long-anes_awake_000_R_14-35-11,img22005.png,/data/disk2/home/tony/demo1/model/cheese3d_demo_model/backend/cheese3d_demo_model-houlab-2025-05-28/labeled-data/20231019_B15_long-anes_awake_000_R_14-35-11/img22005.png,/data/disk2/home/tony/demo1/model/cheese3d_demo_model/backend/cheese3d_demo_model-houlab-2025-05-28/labeled-data/20231019_B15_long-anes_awake_000_R_14-35-11/CollectedData_houlab.h5,16,28
Q0070,1,20231019_B15_long-anes_awake_000_R_14-35-11,img25257.png,/data/disk2/home/tony/demo1/model/cheese3d_demo_model/backend/cheese3d_demo_model-houlab-2025-05-28/labeled-data/20231019_B15_long-anes_awake_000_R_14-35-11/img25257.png,/data/disk2/home/tony/demo1/model/cheese3d_demo_model/backend/cheese3d_demo_model-houlab-2025-05-28/labeled-data/20231019_B15_long-anes_awake_000_R_14-35-11/CollectedData_houlab.h5,15,28
Q0071,1,20231019_B15_long-anes_awake_000_TC_14-35-11,img02476.png,/data/disk2/home/tony/demo1/model/cheese3d_demo_model/backend/cheese3d_demo_model-houlab-2025-05-28/labeled-data/20231019_B15_long-anes_awake_000_TC_14-35-11/img02476.png,/data/disk2/home/tony/demo1/model/cheese3d_demo_model/backend/cheese3d_demo_model-houlab-2025-05-28/labeled-data/20231019_B15_long-anes_awake_000_TC_14-35-11/CollectedData_houlab.h5,10,28
Q0072,1,20231019_B15_long-anes_awake_000_TC_14-35-11,img03252.png,/data/disk2/home/tony/demo1/model/cheese3d_demo_model/backend/cheese3d_demo_model-houlab-2025-05-28/labeled-data/20231019_B15_long-anes_awake_000_TC_14-35-11/img03252.png,/data/disk2/home/tony/demo1/model/cheese3d_demo_model/backend/cheese3d_demo_model-houlab-2025-05-28/labeled-data/20231019_B15_long-anes_awake_000_TC_14-35-11/CollectedData_houlab.h5,10,28
Q0073,1,20231019_B15_long-anes_awake_000_TC_14-35-11,img10581.png,/data/disk2/home/tony/demo1/model/cheese3d_demo_model/backend/cheese3d_demo_model-houlab-2025-05-28/labeled-data/20231019_B15_long-anes_awake_000_TC_14-35-11/img10581.png,/data/disk2/home/tony/demo1/model/cheese3d_demo_model/backend/cheese3d_demo_model-houlab-2025-05-28/labeled-data/20231019_B15_long-anes_awake_000_TC_14-35-11/CollectedData_houlab.h5,10,28
Q0074,1,20231019_B15_long-anes_awake_000_TC_14-35-11,img12907.png,/data/disk2/home/tony/demo1/model/cheese3d_demo_model/backend/cheese3d_demo_model-houlab-2025-05-28/labeled-data/20231019_B15_long-anes_awake_000_TC_14-35-11/img12907.png,/data/disk2/home/tony/demo1/model/cheese3d_demo_model/backend/cheese3d_demo_model-houlab-2025-05-28/labeled-data/20231019_B15_long-anes_awake_000_TC_14-35-11/CollectedData_houlab.h5,10,28
Q0075,1,20231019_B15_long-anes_awake_000_TC_14-35-11,img14884.png,/data/disk2/home/tony/demo1/model/cheese3d_demo_model/backend/cheese3d_demo_model-houlab-2025-05-28/labeled-data/20231019_B15_long-anes_awake_000_TC_14-35-11/img14884.png,/data/disk2/home/tony/demo1/model/cheese3d_demo_model/backend/cheese3d_demo_model-houlab-2025-05-28/labeled-data/20231019_B15_long-anes_awake_000_TC_14-35-11/CollectedData_houlab.h5,10,28
Q0076,1,20231019_B15_long-anes_awake_000_TL_14-35-11,img02468.png,/data/disk2/home/tony/demo1/model/cheese3d_demo_model/backend/cheese3d_demo_model-houlab-2025-05-28/labeled-data/20231019_B15_long-anes_awake_000_TL_14-35-11/img02468.png,/data/disk2/home/tony/demo1/model/cheese3d_demo_model/backend/cheese3d_demo_model-houlab-2025-05-28/labeled-data/20231019_B15_long-anes_awake_000_TL_14-35-11/CollectedData_houlab.h5,9,28
Q0077,1,20231019_B15_long-anes_awake_000_TL_14-35-11,img02487.png,/data/disk2/home/tony/demo1/model/cheese3d_demo_model/backend/cheese3d_demo_model-houlab-2025-05-28/labeled-data/20231019_B15_long-anes_awake_000_TL_14-35-11/img02487.png,/data/disk2/home/tony/demo1/model/cheese3d_demo_model/backend/cheese3d_demo_model-houlab-2025-05-28/labeled-data/20231019_B15_long-anes_awake_000_TL_14-35-11/CollectedData_houlab.h5,9,28
Q0078,1,20231019_B15_long-anes_awake_000_TL_14-35-11,img02491.png,/data/disk2/home/tony/demo1/model/cheese3d_demo_model/backend/cheese3d_demo_model-houlab-2025-05-28/labeled-data/20231019_B15_long-anes_awake_000_TL_14-35-11/img02491.png,/data/disk2/home/tony/demo1/model/cheese3d_demo_model/backend/cheese3d_demo_model-houlab-2025-05-28/labeled-data/20231019_B15_long-anes_awake_000_TL_14-35-11/CollectedData_houlab.h5,9,28
Q0079,1,20231019_B15_long-anes_awake_000_TL_14-35-11,img14585.png,/data/disk2/home/tony/demo1/model/cheese3d_demo_model/backend/cheese3d_demo_model-houlab-2025-05-28/labeled-data/20231019_B15_long-anes_awake_000_TL_14-35-11/img14585.png,/data/disk2/home/tony/demo1/model/cheese3d_demo_model/backend/cheese3d_demo_model-houlab-2025-05-28/labeled-data/20231019_B15_long-anes_awake_000_TL_14-35-11/CollectedData_houlab.h5,9,28
Q0080,1,20231019_B15_long-anes_awake_000_TL_14-35-11,img14593.png,/data/disk2/home/tony/demo1/model/cheese3d_demo_model/backend/cheese3d_demo_model-houlab-2025-05-28/labeled-data/20231019_B15_long-anes_awake_000_TL_14-35-11/img14593.png,/data/disk2/home/tony/demo1/model/cheese3d_demo_model/backend/cheese3d_demo_model-houlab-2025-05-28/labeled-data/20231019_B15_long-anes_awake_000_TL_14-35-11/CollectedData_houlab.h5,9,28
Q0081,1,20231019_B15_long-anes_awake_000_TR_14-35-11,img11456.png,/data/disk2/home/tony/demo1/model/cheese3d_demo_model/backend/cheese3d_demo_model-houlab-2025-05-28/labeled-data/20231019_B15_long-anes_awake_000_TR_14-35-11/img11456.png,/data/disk2/home/tony/demo1/model/cheese3d_demo_model/backend/cheese3d_demo_model-houlab-2025-05-28/labeled-data/20231019_B15_long-anes_awake_000_TR_14-35-11/CollectedData_houlab.h5,9,28
Q0082,1,20231019_B15_long-anes_awake_000_TR_14-35-11,img14587.png,/data/disk2/home/tony/demo1/model/cheese3d_demo_model/backend/cheese3d_demo_model-houlab-2025-05-28/labeled-data/20231019_B15_long-anes_awake_000_TR_14-35-11/img14587.png,/data/disk2/home/tony/demo1/model/cheese3d_demo_model/backend/cheese3d_demo_model-houlab-2025-05-28/labeled-data/20231019_B15_long-anes_awake_000_TR_14-35-11/CollectedData_houlab.h5,9,28
Q0083,1,20231019_B15_long-anes_awake_000_TR_14-35-11,img14596.png,/data/disk2/home/tony/demo1/model/cheese3d_demo_model/backend/cheese3d_demo_model-houlab-2025-05-28/labeled-data/20231019_B15_long-anes_awake_000_TR_14-35-11/img14596.png,/data/disk2/home/tony/demo1/model/cheese3d_demo_model/backend/cheese3d_demo_model-houlab-2025-05-28/labeled-data/20231019_B15_long-anes_awake_000_TR_14-35-11/CollectedData_houlab.h5,9,28
Q0084,1,20231019_B15_long-anes_awake_000_TR_14-35-11,img14629.png,/data/disk2/home/tony/demo1/model/cheese3d_demo_model/backend/cheese3d_demo_model-houlab-2025-05-28/labeled-data/20231019_B15_long-anes_awake_000_TR_14-35-11/img14629.png,/data/disk2/home/tony/demo1/model/cheese3d_demo_model/backend/cheese3d_demo_model-houlab-2025-05-28/labeled-data/20231019_B15_long-anes_awake_000_TR_14-35-11/CollectedData_houlab.h5,10,28
Q0085,1,20231019_B15_long-anes_awake_000_TR_14-35-11,img25257.png,/data/disk2/home/tony/demo1/model/cheese3d_demo_model/backend/cheese3d_demo_model-houlab-2025-05-28/labeled-data/20231019_B15_long-anes_awake_000_TR_14-35-11/img25257.png,/data/disk2/home/tony/demo1/model/cheese3d_demo_model/backend/cheese3d_demo_model-houlab-2025-05-28/labeled-data/20231019_B15_long-anes_awake_000_TR_14-35-11/CollectedData_houlab.h5,9,28
Q0086,1,20231031_B6-B20-B21-B26-B31-B32-B33_chew_rig2_concat_BC,im10039.png,/data/disk2/home/tony/demo1/model/cheese3d_demo_model/backend/cheese3d_demo_model-houlab-2025-05-28/labeled-data/20231031_B6-B20-B21-B26-B31-B32-B33_chew_rig2_concat_BC/im10039.png,/data/disk2/home/tony/demo1/model/cheese3d_demo_model/backend/cheese3d_demo_model-houlab-2025-05-28/labeled-data/20231031_B6-B20-B21-B26-B31-B32-B33_chew_rig2_concat_BC/CollectedData_houlab.h5,11,28
Q0087,1,20231031_B6-B20-B21-B26-B31-B32-B33_chew_rig2_concat_BC,im10058.png,/data/disk2/home/tony/demo1/model/cheese3d_demo_model/backend/cheese3d_demo_model-houlab-2025-05-28/labeled-data/20231031_B6-B20-B21-B26-B31-B32-B33_chew_rig2_concat_BC/im10058.png,/data/disk2/home/tony/demo1/model/cheese3d_demo_model/backend/cheese3d_demo_model-houlab-2025-05-28/labeled-data/20231031_B6-B20-B21-B26-B31-B32-B33_chew_rig2_concat_BC/CollectedData_houlab.h5,11,28
Q0088,1,20231031_B6-B20-B21-B26-B31-B32-B33_chew_rig2_concat_BC,im10059.png,/data/disk2/home/tony/demo1/model/cheese3d_demo_model/backend/cheese3d_demo_model-houlab-2025-05-28/labeled-data/20231031_B6-B20-B21-B26-B31-B32-B33_chew_rig2_concat_BC/im10059.png,/data/disk2/home/tony/demo1/model/cheese3d_demo_model/backend/cheese3d_demo_model-houlab-2025-05-28/labeled-data/20231031_B6-B20-B21-B26-B31-B32-B33_chew_rig2_concat_BC/CollectedData_houlab.h5,11,28
Q0089,1,20231031_B6-B20-B21-B26-B31-B32-B33_chew_rig2_concat_BC,im10070.png,/data/disk2/home/tony/demo1/model/cheese3d_demo_model/backend/cheese3d_demo_model-houlab-2025-05-28/labeled-data/20231031_B6-B20-B21-B26-B31-B32-B33_chew_rig2_concat_BC/im10070.png,/data/disk2/home/tony/demo1/model/cheese3d_demo_model/backend/cheese3d_demo_model-houlab-2025-05-28/labeled-data/20231031_B6-B20-B21-B26-B31-B32-B33_chew_rig2_concat_BC/CollectedData_houlab.h5,11,28
Q0090,1,20231031_B6-B20-B21-B26-B31-B32-B33_chew_rig2_concat_BC,im10148.png,/data/disk2/home/tony/demo1/model/cheese3d_demo_model/backend/cheese3d_demo_model-houlab-2025-05-28/labeled-data/20231031_B6-B20-B21-B26-B31-B32-B33_chew_rig2_concat_BC/im10148.png,/data/disk2/home/tony/demo1/model/cheese3d_demo_model/backend/cheese3d_demo_model-houlab-2025-05-28/labeled-data/20231031_B6-B20-B21-B26-B31-B32-B33_chew_rig2_concat_BC/CollectedData_houlab.h5,11,28
Q0091,1,20231031_B6-B20-B21-B26-B31-B32-B33_chew_rig2_concat_BC,im10281.png,/data/disk2/home/tony/demo1/model/cheese3d_demo_model/backend/cheese3d_demo_model-houlab-2025-05-28/labeled-data/20231031_B6-B20-B21-B26-B31-B32-B33_chew_rig2_concat_BC/im10281.png,/data/disk2/home/tony/demo1/model/cheese3d_demo_model/backend/cheese3d_demo_model-houlab-2025-05-28/labeled-data/20231031_B6-B20-B21-B26-B31-B32-B33_chew_rig2_concat_BC/CollectedData_houlab.h5,11,28
Q0092,1,20231031_B6-B20-B21-B26-B31-B32-B33_chew_rig2_concat_BC,im10284.png,/data/disk2/home/tony/demo1/model/cheese3d_demo_model/backend/cheese3d_demo_model-houlab-2025-05-28/labeled-data/20231031_B6-B20-B21-B26-B31-B32-B33_chew_rig2_concat_BC/im10284.png,/data/disk2/home/tony/demo1/model/cheese3d_demo_model/backend/cheese3d_demo_model-houlab-2025-05-28/labeled-data/20231031_B6-B20-B21-B26-B31-B32-B33_chew_rig2_concat_BC/CollectedData_houlab.h5,11,28
Q0093,1,20231031_B6-B20-B21-B26-B31-B32-B33_chew_rig2_concat_BC,im10523.png,/data/disk2/home/tony/demo1/model/cheese3d_demo_model/backend/cheese3d_demo_model-houlab-2025-05-28/labeled-data/20231031_B6-B20-B21-B26-B31-B32-B33_chew_rig2_concat_BC/im10523.png,/data/disk2/home/tony/demo1/model/cheese3d_demo_model/backend/cheese3d_demo_model-houlab-2025-05-28/labeled-data/20231031_B6-B20-B21-B26-B31-B32-B33_chew_rig2_concat_BC/CollectedData_houlab.h5,11,28
Q0094,1,20231031_B6-B20-B21-B26-B31-B32-B33_chew_rig2_concat_BC,im25587.png,/data/disk2/home/tony/demo1/model/cheese3d_demo_model/backend/cheese3d_demo_model-houlab-2025-05-28/labeled-data/20231031_B6-B20-B21-B26-B31-B32-B33_chew_rig2_concat_BC/im25587.png,/data/disk2/home/tony/demo1/model/cheese3d_demo_model/backend/cheese3d_demo_model-houlab-2025-05-28/labeled-data/20231031_B6-B20-B21-B26-B31-B32-B33_chew_rig2_concat_BC/CollectedData_houlab.h5,10,28
Q0095,1,20231031_B6-B20-B21-B26-B31-B32-B33_chew_rig2_concat_BC,im9717.png,/data/disk2/home/tony/demo1/model/cheese3d_demo_model/backend/cheese3d_demo_model-houlab-2025-05-28/labeled-data/20231031_B6-B20-B21-B26-B31-B32-B33_chew_rig2_concat_BC/im9717.png,/data/disk2/home/tony/demo1/model/cheese3d_demo_model/backend/cheese3d_demo_model-houlab-2025-05-28/labeled-data/20231031_B6-B20-B21-B26-B31-B32-B33_chew_rig2_concat_BC/CollectedData_houlab.h5,11,28
Q0096,1,20231031_B6-B20-B21-B26-B31-B32-B33_chew_rig2_concat_BC,im9743.png,/data/disk2/home/tony/demo1/model/cheese3d_demo_model/backend/cheese3d_demo_model-houlab-2025-05-28/labeled-data/20231031_B6-B20-B21-B26-B31-B32-B33_chew_rig2_concat_BC/im9743.png,/data/disk2/home/tony/demo1/model/cheese3d_demo_model/backend/cheese3d_demo_model-houlab-2025-05-28/labeled-data/20231031_B6-B20-B21-B26-B31-B32-B33_chew_rig2_concat_BC/CollectedData_houlab.h5,11,28
Q0097,1,20231031_B6-B20-B21-B26-B31-B32-B33_chew_rig2_concat_BC,im9800.png,/data/disk2/home/tony/demo1/model/cheese3d_demo_model/backend/cheese3d_demo_model-houlab-2025-05-28/labeled-data/20231031_B6-B20-B21-B26-B31-B32-B33_chew_rig2_concat_BC/im9800.png,/data/disk2/home/tony/demo1/model/cheese3d_demo_model/backend/cheese3d_demo_model-houlab-2025-05-28/labeled-data/20231031_B6-B20-B21-B26-B31-B32-B33_chew_rig2_concat_BC/CollectedData_houlab.h5,11,28
Q0098,1,20231031_B6-B20-B21-B26-B31-B32-B33_chew_rig2_concat_BC,im9817.png,/data/disk2/home/tony/demo1/model/cheese3d_demo_model/backend/cheese3d_demo_model-houlab-2025-05-28/labeled-data/20231031_B6-B20-B21-B26-B31-B32-B33_chew_rig2_concat_BC/im9817.png,/data/disk2/home/tony/demo1/model/cheese3d_demo_model/backend/cheese3d_demo_model-houlab-2025-05-28/labeled-data/20231031_B6-B20-B21-B26-B31-B32-B33_chew_rig2_concat_BC/CollectedData_houlab.h5,11,28
Q0099,1,20231031_B6-B20-B21-B26-B31-B32-B33_chew_rig2_concat_BC,im9821.png,/data/disk2/home/tony/demo1/model/cheese3d_demo_model/backend/cheese3d_demo_model-houlab-2025-05-28/labeled-data/20231031_B6-B20-B21-B26-B31-B32-B33_chew_rig2_concat_BC/im9821.png,/data/disk2/home/tony/demo1/model/cheese3d_demo_model/backend/cheese3d_demo_model-houlab-2025-05-28/labeled-data/20231031_B6-B20-B21-B26-B31-B32-B33_chew_rig2_concat_BC/CollectedData_houlab.h5,11,28
Q0100,1,20231031_B6-B20-B21-B26-B31-B32-B33_chew_rig2_concat_BC,im9835.png,/data/disk2/home/tony/demo1/model/cheese3d_demo_model/backend/cheese3d_demo_model-houlab-2025-05-28/labeled-data/20231031_B6-B20-B21-B26-B31-B32-B33_chew_rig2_concat_BC/im9835.png,/data/disk2/home/tony/demo1/model/cheese3d_demo_model/backend/cheese3d_demo_model-houlab-2025-05-28/labeled-data/20231031_B6-B20-B21-B26-B31-B32-B33_chew_rig2_concat_BC/CollectedData_houlab.h5,11,28
Q0101,1,20231031_B6-B20-B21-B26-B31-B32-B33_chew_rig2_concat_BC,im9851.png,/data/disk2/home/tony/demo1/model/cheese3d_demo_model/backend/cheese3d_demo_model-houlab-2025-05-28/labeled-data/20231031_B6-B20-B21-B26-B31-B32-B33_chew_rig2_concat_BC/im9851.png,/data/disk2/home/tony/demo1/model/cheese3d_demo_model/backend/cheese3d_demo_model-houlab-2025-05-28/labeled-data/20231031_B6-B20-B21-B26-B31-B32-B33_chew_rig2_concat_BC/CollectedData_houlab.h5,11,28
Q0102,1,20231031_B6-B20-B21-B26-B31-B32-B33_chew_rig2_concat_BC,im9857.png,/data/disk2/home/tony/demo1/model/cheese3d_demo_model/backend/cheese3d_demo_model-houlab-2025-05-28/labeled-data/20231031_B6-B20-B21-B26-B31-B32-B33_chew_rig2_concat_BC/im9857.png,/data/disk2/home/tony/demo1/model/cheese3d_demo_model/backend/cheese3d_demo_model-houlab-2025-05-28/labeled-data/20231031_B6-B20-B21-B26-B31-B32-B33_chew_rig2_concat_BC/CollectedData_houlab.h5,11,28
Q0103,1,20231031_B6-B20-B21-B26-B31-B32-B33_chew_rig2_concat_BC,im9927.png,/data/disk2/home/tony/demo1/model/cheese3d_demo_model/backend/cheese3d_demo_model-houlab-2025-05-28/labeled-data/20231031_B6-B20-B21-B26-B31-B32-B33_chew_rig2_concat_BC/im9927.png,/data/disk2/home/tony/demo1/model/cheese3d_demo_model/backend/cheese3d_demo_model-houlab-2025-05-28/labeled-data/20231031_B6-B20-B21-B26-B31-B32-B33_chew_rig2_concat_BC/CollectedData_houlab.h5,11,28
Q0104,1,20231031_B6-B20-B21-B26-B31-B32-B33_chew_rig2_concat_BC,im9934.png,/data/disk2/home/tony/demo1/model/cheese3d_demo_model/backend/cheese3d_demo_model-houlab-2025-05-28/labeled-data/20231031_B6-B20-B21-B26-B31-B32-B33_chew_rig2_concat_BC/im9934.png,/data/disk2/home/tony/demo1/model/cheese3d_demo_model/backend/cheese3d_demo_model-houlab-2025-05-28/labeled-data/20231031_B6-B20-B21-B26-B31-B32-B33_chew_rig2_concat_BC/CollectedData_houlab.h5,11,28
Q0105,1,20231031_B6-B20-B21-B26-B31-B32-B33_chew_rig2_concat_BC,im9956.png,/data/disk2/home/tony/demo1/model/cheese3d_demo_model/backend/cheese3d_demo_model-houlab-2025-05-28/labeled-data/20231031_B6-B20-B21-B26-B31-B32-B33_chew_rig2_concat_BC/im9956.png,/data/disk2/home/tony/demo1/model/cheese3d_demo_model/backend/cheese3d_demo_model-houlab-2025-05-28/labeled-data/20231031_B6-B20-B21-B26-B31-B32-B33_chew_rig2_concat_BC/CollectedData_houlab.h5,11,28
Q0106,1,20231031_B6-B20-B21-B26-B31-B32-B33_chew_rig2_concat_BC,im9988.png,/data/disk2/home/tony/demo1/model/cheese3d_demo_model/backend/cheese3d_demo_model-houlab-2025-05-28/labeled-data/20231031_B6-B20-B21-B26-B31-B32-B33_chew_rig2_concat_BC/im9988.png,/data/disk2/home/tony/demo1/model/cheese3d_demo_model/backend/cheese3d_demo_model-houlab-2025-05-28/labeled-data/20231031_B6-B20-B21-B26-B31-B32-B33_chew_rig2_concat_BC/CollectedData_houlab.h5,11,28
Q0107,1,20231031_B6-B20-B21-B26-B31-B32-B33_chew_rig2_concat_BC,img020594.png,/data/disk2/home/tony/demo1/model/cheese3d_demo_model/backend/cheese3d_demo_model-houlab-2025-05-28/labeled-data/20231031_B6-B20-B21-B26-B31-B32-B33_chew_rig2_concat_BC/img020594.png,/data/disk2/home/tony/demo1/model/cheese3d_demo_model/backend/cheese3d_demo_model-houlab-2025-05-28/labeled-data/20231031_B6-B20-B21-B26-B31-B32-B33_chew_rig2_concat_BC/CollectedData_houlab.h5,11,28
Q0108,1,20231031_B6-B20-B21-B26-B31-B32-B33_chew_rig2_concat_BC,img032039.png,/data/disk2/home/tony/demo1/model/cheese3d_demo_model/backend/cheese3d_demo_model-houlab-2025-05-28/labeled-data/20231031_B6-B20-B21-B26-B31-B32-B33_chew_rig2_concat_BC/img032039.png,/data/disk2/home/tony/demo1/model/cheese3d_demo_model/backend/cheese3d_demo_model-houlab-2025-05-28/labeled-data/20231031_B6-B20-B21-B26-B31-B32-B33_chew_rig2_concat_BC/CollectedData_houlab.h5,11,28
Q0109,1,20231031_B6-B20-B21-B26-B31-B32-B33_chew_rig2_concat_BC,img053474.png,/data/disk2/home/tony/demo1/model/cheese3d_demo_model/backend/cheese3d_demo_model-houlab-2025-05-28/labeled-data/20231031_B6-B20-B21-B26-B31-B32-B33_chew_rig2_concat_BC/img053474.png,/data/disk2/home/tony/demo1/model/cheese3d_demo_model/backend/cheese3d_demo_model-houlab-2025-05-28/labeled-data/20231031_B6-B20-B21-B26-B31-B32-B33_chew_rig2_concat_BC/CollectedData_houlab.h5,10,28
Q0110,1,20231031_B6-B20-B21-B26-B31-B32-B33_chew_rig2_concat_BC,img157718.png,/data/disk2/home/tony/demo1/model/cheese3d_demo_model/backend/cheese3d_demo_model-houlab-2025-05-28/labeled-data/20231031_B6-B20-B21-B26-B31-B32-B33_chew_rig2_concat_BC/img157718.png,/data/disk2/home/tony/demo1/model/cheese3d_demo_model/backend/cheese3d_demo_model-houlab-2025-05-28/labeled-data/20231031_B6-B20-B21-B26-B31-B32-B33_chew_rig2_concat_BC/CollectedData_houlab.h5,8,28
Q0111,1,20231031_B6-B20-B21-B26-B31-B32-B33_chew_rig2_concat_BC,img175482.png,/data/disk2/home/tony/demo1/model/cheese3d_demo_model/backend/cheese3d_demo_model-houlab-2025-05-28/labeled-data/20231031_B6-B20-B21-B26-B31-B32-B33_chew_rig2_concat_BC/img175482.png,/data/disk2/home/tony/demo1/model/cheese3d_demo_model/backend/cheese3d_demo_model-houlab-2025-05-28/labeled-data/20231031_B6-B20-B21-B26-B31-B32-B33_chew_rig2_concat_BC/CollectedData_houlab.h5,11,28
Q0112,1,20231031_B6-B20-B21-B26-B31-B32-B33_chew_rig2_concat_BC,img223974.png,/data/disk2/home/tony/demo1/model/cheese3d_demo_model/backend/cheese3d_demo_model-houlab-2025-05-28/labeled-data/20231031_B6-B20-B21-B26-B31-B32-B33_chew_rig2_concat_BC/img223974.png,/data/disk2/home/tony/demo1/model/cheese3d_demo_model/backend/cheese3d_demo_model-houlab-2025-05-28/labeled-data/20231031_B6-B20-B21-B26-B31-B32-B33_chew_rig2_concat_BC/CollectedData_houlab.h5,11,28
Q0113,1,20231031_B6-B20-B21-B26-B31-B32-B33_chew_rig2_concat_BC,img256692.png,/data/disk2/home/tony/demo1/model/cheese3d_demo_model/backend/cheese3d_demo_model-houlab-2025-05-28/labeled-data/20231031_B6-B20-B21-B26-B31-B32-B33_chew_rig2_concat_BC/img256692.png,/data/disk2/home/tony/demo1/model/cheese3d_demo_model/backend/cheese3d_demo_model-houlab-2025-05-28/labeled-data/20231031_B6-B20-B21-B26-B31-B32-B33_chew_rig2_concat_BC/CollectedData_houlab.h5,11,28
Q0114,1,20231031_B6-B20-B21-B26-B31-B32-B33_chew_rig2_concat_BC,img284394.png,/data/disk2/home/tony/demo1/model/cheese3d_demo_model/backend/cheese3d_demo_model-houlab-2025-05-28/labeled-data/20231031_B6-B20-B21-B26-B31-B32-B33_chew_rig2_concat_BC/img284394.png,/data/disk2/home/tony/demo1/model/cheese3d_demo_model/backend/cheese3d_demo_model-houlab-2025-05-28/labeled-data/20231031_B6-B20-B21-B26-B31-B32-B33_chew_rig2_concat_BC/CollectedData_houlab.h5,10,28
Q0115,1,20231031_B6-B20-B21-B26-B31-B32-B33_chew_rig2_concat_BC,img302725.png,/data/disk2/home/tony/demo1/model/cheese3d_demo_model/backend/cheese3d_demo_model-houlab-2025-05-28/labeled-data/20231031_B6-B20-B21-B26-B31-B32-B33_chew_rig2_concat_BC/img302725.png,/data/disk2/home/tony/demo1/model/cheese3d_demo_model/backend/cheese3d_demo_model-houlab-2025-05-28/labeled-data/20231031_B6-B20-B21-B26-B31-B32-B33_chew_rig2_concat_BC/CollectedData_houlab.h5,11,28
Q0116,1,20231031_B6-B20-B21-B26-B31-B32-B33_chew_rig2_concat_BC,img312796.png,/data/disk2/home/tony/demo1/model/cheese3d_demo_model/backend/cheese3d_demo_model-houlab-2025-05-28/labeled-data/20231031_B6-B20-B21-B26-B31-B32-B33_chew_rig2_concat_BC/img312796.png,/data/disk2/home/tony/demo1/model/cheese3d_demo_model/backend/cheese3d_demo_model-houlab-2025-05-28/labeled-data/20231031_B6-B20-B21-B26-B31-B32-B33_chew_rig2_concat_BC/CollectedData_houlab.h5,11,28
Q0117,1,20231031_B6-B20-B21-B26-B31-B32-B33_chew_rig2_concat_BC,img346314.png,/data/disk2/home/tony/demo1/model/cheese3d_demo_model/backend/cheese3d_demo_model-houlab-2025-05-28/labeled-data/20231031_B6-B20-B21-B26-B31-B32-B33_chew_rig2_concat_BC/img346314.png,/data/disk2/home/tony/demo1/model/cheese3d_demo_model/backend/cheese3d_demo_model-houlab-2025-05-28/labeled-data/20231031_B6-B20-B21-B26-B31-B32-B33_chew_rig2_concat_BC/CollectedData_houlab.h5,10,28
Q0118,1,20231031_B6-B20-B21-B26-B31-B32-B33_chew_rig2_concat_BC,img347376.png,/data/disk2/home/tony/demo1/model/cheese3d_demo_model/backend/cheese3d_demo_model-houlab-2025-05-28/labeled-data/20231031_B6-B20-B21-B26-B31-B32-B33_chew_rig2_concat_BC/img347376.png,/data/disk2/home/tony/demo1/model/cheese3d_demo_model/backend/cheese3d_demo_model-houlab-2025-05-28/labeled-data/20231031_B6-B20-B21-B26-B31-B32-B33_chew_rig2_concat_BC/CollectedData_houlab.h5,8,28
Q0119,1,20231031_B6-B20-B21-B26-B31-B32-B33_chew_rig2_concat_BC,img350043.png,/data/disk2/home/tony/demo1/model/cheese3d_demo_model/backend/cheese3d_demo_model-houlab-2025-05-28/labeled-data/20231031_B6-B20-B21-B26-B31-B32-B33_chew_rig2_concat_BC/img350043.png,/data/disk2/home/tony/demo1/model/cheese3d_demo_model/backend/cheese3d_demo_model-houlab-2025-05-28/labeled-data/20231031_B6-B20-B21-B26-B31-B32-B33_chew_rig2_concat_BC/CollectedData_houlab.h5,11,28
Q0120,1,20231031_B6-B20-B21-B26-B31-B32-B33_chew_rig2_concat_BC,img412646.png,/data/disk2/home/tony/demo1/model/cheese3d_demo_model/backend/cheese3d_demo_model-houlab-2025-05-28/labeled-data/20231031_B6-B20-B21-B26-B31-B32-B33_chew_rig2_concat_BC/img412646.png,/data/disk2/home/tony/demo1/model/cheese3d_demo_model/backend/cheese3d_demo_model-houlab-2025-05-28/labeled-data/20231031_B6-B20-B21-B26-B31-B32-B33_chew_rig2_concat_BC/CollectedData_houlab.h5,10,28
Q0121,1,20231031_B6-B20-B21-B26-B31-B32-B33_chew_rig2_concat_BC,img465003.png,/data/disk2/home/tony/demo1/model/cheese3d_demo_model/backend/cheese3d_demo_model-houlab-2025-05-28/labeled-data/20231031_B6-B20-B21-B26-B31-B32-B33_chew_rig2_concat_BC/img465003.png,/data/disk2/home/tony/demo1/model/cheese3d_demo_model/backend/cheese3d_demo_model-houlab-2025-05-28/labeled-data/20231031_B6-B20-B21-B26-B31-B32-B33_chew_rig2_concat_BC/CollectedData_houlab.h5,8,28
Q0122,1,20231031_B6-B20-B21-B26-B31-B32-B33_chew_rig2_concat_BC,img497470.png,/data/disk2/home/tony/demo1/model/cheese3d_demo_model/backend/cheese3d_demo_model-houlab-2025-05-28/labeled-data/20231031_B6-B20-B21-B26-B31-B32-B33_chew_rig2_concat_BC/img497470.png,/data/disk2/home/tony/demo1/model/cheese3d_demo_model/backend/cheese3d_demo_model-houlab-2025-05-28/labeled-data/20231031_B6-B20-B21-B26-B31-B32-B33_chew_rig2_concat_BC/CollectedData_houlab.h5,11,28
Q0123,1,20231031_B6-B20-B21-B26-B31-B32-B33_chew_rig2_concat_BC,img498399.png,/data/disk2/home/tony/demo1/model/cheese3d_demo_model/backend/cheese3d_demo_model-houlab-2025-05-28/labeled-data/20231031_B6-B20-B21-B26-B31-B32-B33_chew_rig2_concat_BC/img498399.png,/data/disk2/home/tony/demo1/model/cheese3d_demo_model/backend/cheese3d_demo_model-houlab-2025-05-28/labeled-data/20231031_B6-B20-B21-B26-B31-B32-B33_chew_rig2_concat_BC/CollectedData_houlab.h5,8,28
Q0124,1,20231031_B6-B20-B21-B26-B31-B32-B33_chew_rig2_concat_BC,img507032.png,/data/disk2/home/tony/demo1/model/cheese3d_demo_model/backend/cheese3d_demo_model-houlab-2025-05-28/labeled-data/20231031_B6-B20-B21-B26-B31-B32-B33_chew_rig2_concat_BC/img507032.png,/data/disk2/home/tony/demo1/model/cheese3d_demo_model/backend/cheese3d_demo_model-houlab-2025-05-28/labeled-data/20231031_B6-B20-B21-B26-B31-B32-B33_chew_rig2_concat_BC/CollectedData_houlab.h5,9,28
Q0125,1,20231031_B6-B20-B21-B26-B31-B32-B33_chew_rig2_concat_BC,img528400.png,/data/disk2/home/tony/demo1/model/cheese3d_demo_model/backend/cheese3d_demo_model-houlab-2025-05-28/labeled-data/20231031_B6-B20-B21-B26-B31-B32-B33_chew_rig2_concat_BC/img528400.png,/data/disk2/home/tony/demo1/model/cheese3d_demo_model/backend/cheese3d_demo_model-houlab-2025-05-28/labeled-data/20231031_B6-B20-B21-B26-B31-B32-B33_chew_rig2_concat_BC/CollectedData_houlab.h5,11,28
Q0126,1,20231031_B6-B20-B21-B26-B31-B32-B33_chew_rig2_concat_BC,img552008.png,/data/disk2/home/tony/demo1/model/cheese3d_demo_model/backend/cheese3d_demo_model-houlab-2025-05-28/labeled-data/20231031_B6-B20-B21-B26-B31-B32-B33_chew_rig2_concat_BC/img552008.png,/data/disk2/home/tony/demo1/model/cheese3d_demo_model/backend/cheese3d_demo_model-houlab-2025-05-28/labeled-data/20231031_B6-B20-B21-B26-B31-B32-B33_chew_rig2_concat_BC/CollectedData_houlab.h5,8,28
Q0127,1,20231031_B6-B20-B21-B26-B31-B32-B33_chew_rig2_concat_BC,img568514.png,/data/disk2/home/tony/demo1/model/cheese3d_demo_model/backend/cheese3d_demo_model-houlab-2025-05-28/labeled-data/20231031_B6-B20-B21-B26-B31-B32-B33_chew_rig2_concat_BC/img568514.png,/data/disk2/home/tony/demo1/model/cheese3d_demo_model/backend/cheese3d_demo_model-houlab-2025-05-28/labeled-data/20231031_B6-B20-B21-B26-B31-B32-B33_chew_rig2_concat_BC/CollectedData_houlab.h5,10,28
Q0128,1,20231031_B6-B20-B21-B26-B31-B32-B33_chew_rig2_concat_BC,img580635.png,/data/disk2/home/tony/demo1/model/cheese3d_demo_model/backend/cheese3d_demo_model-houlab-2025-05-28/labeled-data/20231031_B6-B20-B21-B26-B31-B32-B33_chew_rig2_concat_BC/img580635.png,/data/disk2/home/tony/demo1/model/cheese3d_demo_model/backend/cheese3d_demo_model-houlab-2025-05-28/labeled-data/20231031_B6-B20-B21-B26-B31-B32-B33_chew_rig2_concat_BC/CollectedData_houlab.h5,11,28
Q0129,1,20231031_B6-B20-B21-B26-B31-B32-B33_chew_rig2_concat_BC,img609797.png,/data/disk2/home/tony/demo1/model/cheese3d_demo_model/backend/cheese3d_demo_model-houlab-2025-05-28/labeled-data/20231031_B6-B20-B21-B26-B31-B32-B33_chew_rig2_concat_BC/img609797.png,/data/disk2/home/tony/demo1/model/cheese3d_demo_model/backend/cheese3d_demo_model-houlab-2025-05-28/labeled-data/20231031_B6-B20-B21-B26-B31-B32-B33_chew_rig2_concat_BC/CollectedData_houlab.h5,10,28
Q0130,1,20231031_B6-B20-B21-B26-B31-B32-B33_chew_rig2_concat_BC,img629195.png,/data/disk2/home/tony/demo1/model/cheese3d_demo_model/backend/cheese3d_demo_model-houlab-2025-05-28/labeled-data/20231031_B6-B20-B21-B26-B31-B32-B33_chew_rig2_concat_BC/img629195.png,/data/disk2/home/tony/demo1/model/cheese3d_demo_model/backend/cheese3d_demo_model-houlab-2025-05-28/labeled-data/20231031_B6-B20-B21-B26-B31-B32-B33_chew_rig2_concat_BC/CollectedData_houlab.h5,8,28
Q0131,1,20231031_B6-B20-B21-B26-B31-B32-B33_chew_rig2_concat_BC,img634709.png,/data/disk2/home/tony/demo1/model/cheese3d_demo_model/backend/cheese3d_demo_model-houlab-2025-05-28/labeled-data/20231031_B6-B20-B21-B26-B31-B32-B33_chew_rig2_concat_BC/img634709.png,/data/disk2/home/tony/demo1/model/cheese3d_demo_model/backend/cheese3d_demo_model-houlab-2025-05-28/labeled-data/20231031_B6-B20-B21-B26-B31-B32-B33_chew_rig2_concat_BC/CollectedData_houlab.h5,11,28
Q0132,1,20231031_B6-B20-B21-B26-B31-B32-B33_chew_rig2_concat_BC,img644719.png,/data/disk2/home/tony/demo1/model/cheese3d_demo_model/backend/cheese3d_demo_model-houlab-2025-05-28/labeled-data/20231031_B6-B20-B21-B26-B31-B32-B33_chew_rig2_concat_BC/img644719.png,/data/disk2/home/tony/demo1/model/cheese3d_demo_model/backend/cheese3d_demo_model-houlab-2025-05-28/labeled-data/20231031_B6-B20-B21-B26-B31-B32-B33_chew_rig2_concat_BC/CollectedData_houlab.h5,10,28
Q0133,1,20231031_B6-B20-B21-B26-B31-B32-B33_chew_rig2_concat_BC,img724638.png,/data/disk2/home/tony/demo1/model/cheese3d_demo_model/backend/cheese3d_demo_model-houlab-2025-05-28/labeled-data/20231031_B6-B20-B21-B26-B31-B32-B33_chew_rig2_concat_BC/img724638.png,/data/disk2/home/tony/demo1/model/cheese3d_demo_model/backend/cheese3d_demo_model-houlab-2025-05-28/labeled-data/20231031_B6-B20-B21-B26-B31-B32-B33_chew_rig2_concat_BC/CollectedData_houlab.h5,8,28
Q0134,1,20231031_B6-B20-B21-B26-B31-B32-B33_chew_rig2_concat_BC,img747745.png,/data/disk2/home/tony/demo1/model/cheese3d_demo_model/backend/cheese3d_demo_model-houlab-2025-05-28/labeled-data/20231031_B6-B20-B21-B26-B31-B32-B33_chew_rig2_concat_BC/img747745.png,/data/disk2/home/tony/demo1/model/cheese3d_demo_model/backend/cheese3d_demo_model-houlab-2025-05-28/labeled-data/20231031_B6-B20-B21-B26-B31-B32-B33_chew_rig2_concat_BC/CollectedData_houlab.h5,11,28
Q0135,1,20231031_B6-B20-B21-B26-B31-B32-B33_chew_rig2_concat_BC,img775484.png,/data/disk2/home/tony/demo1/model/cheese3d_demo_model/backend/cheese3d_demo_model-houlab-2025-05-28/labeled-data/20231031_B6-B20-B21-B26-B31-B32-B33_chew_rig2_concat_BC/img775484.png,/data/disk2/home/tony/demo1/model/cheese3d_demo_model/backend/cheese3d_demo_model-houlab-2025-05-28/labeled-data/20231031_B6-B20-B21-B26-B31-B32-B33_chew_rig2_concat_BC/CollectedData_houlab.h5,11,28
Q0136,1,20231031_B6-B20-B21-B26-B31-B32-B33_chew_rig2_concat_BC,img835897.png,/data/disk2/home/tony/demo1/model/cheese3d_demo_model/backend/cheese3d_demo_model-houlab-2025-05-28/labeled-data/20231031_B6-B20-B21-B26-B31-B32-B33_chew_rig2_concat_BC/img835897.png,/data/disk2/home/tony/demo1/model/cheese3d_demo_model/backend/cheese3d_demo_model-houlab-2025-05-28/labeled-data/20231031_B6-B20-B21-B26-B31-B32-B33_chew_rig2_concat_BC/CollectedData_houlab.h5,11,28
Q0137,1,20231031_B6-B20-B21-B26-B31-B32-B33_chew_rig2_concat_L,im10039.png,/data/disk2/home/tony/demo1/model/cheese3d_demo_model/backend/cheese3d_demo_model-houlab-2025-05-28/labeled-data/20231031_B6-B20-B21-B26-B31-B32-B33_chew_rig2_concat_L/im10039.png,/data/disk2/home/tony/demo1/model/cheese3d_demo_model/backend/cheese3d_demo_model-houlab-2025-05-28/labeled-data/20231031_B6-B20-B21-B26-B31-B32-B33_chew_rig2_concat_L/CollectedData_houlab.h5,17,28
Q0138,1,20231031_B6-B20-B21-B26-B31-B32-B33_chew_rig2_concat_L,im10058.png,/data/disk2/home/tony/demo1/model/cheese3d_demo_model/backend/cheese3d_demo_model-houlab-2025-05-28/labeled-data/20231031_B6-B20-B21-B26-B31-B32-B33_chew_rig2_concat_L/im10058.png,/data/disk2/home/tony/demo1/model/cheese3d_demo_model/backend/cheese3d_demo_model-houlab-2025-05-28/labeled-data/20231031_B6-B20-B21-B26-B31-B32-B33_chew_rig2_concat_L/CollectedData_houlab.h5,16,28
Q0139,1,20231031_B6-B20-B21-B26-B31-B32-B33_chew_rig2_concat_L,im10059.png,/data/disk2/home/tony/demo1/model/cheese3d_demo_model/backend/cheese3d_demo_model-houlab-2025-05-28/labeled-data/20231031_B6-B20-B21-B26-B31-B32-B33_chew_rig2_concat_L/im10059.png,/data/disk2/home/tony/demo1/model/cheese3d_demo_model/backend/cheese3d_demo_model-houlab-2025-05-28/labeled-data/20231031_B6-B20-B21-B26-B31-B32-B33_chew_rig2_concat_L/CollectedData_houlab.h5,17,28
Q0140,1,20231031_B6-B20-B21-B26-B31-B32-B33_chew_rig2_concat_L,im10070.png,/data/disk2/home/tony/demo1/model/cheese3d_demo_model/backend/cheese3d_demo_model-houlab-2025-05-28/labeled-data/20231031_B6-B20-B21-B26-B31-B32-B33_chew_rig2_concat_L/im10070.png,/data/disk2/home/tony/demo1/model/cheese3d_demo_model/backend/cheese3d_demo_model-houlab-2025-05-28/labeled-data/20231031_B6-B20-B21-B26-B31-B32-B33_chew_rig2_concat_L/CollectedData_houlab.h5,17,28
Q0141,1,20231031_B6-B20-B21-B26-B31-B32-B33_chew_rig2_concat_L,im10148.png,/data/disk2/home/tony/demo1/model/cheese3d_demo_model/backend/cheese3d_demo_model-houlab-2025-05-28/labeled-data/20231031_B6-B20-B21-B26-B31-B32-B33_chew_rig2_concat_L/im10148.png,/data/disk2/home/tony/demo1/model/cheese3d_demo_model/backend/cheese3d_demo_model-houlab-2025-05-28/labeled-data/20231031_B6-B20-B21-B26-B31-B32-B33_chew_rig2_concat_L/CollectedData_houlab.h5,17,28
Q0142,1,20231031_B6-B20-B21-B26-B31-B32-B33_chew_rig2_concat_L,im10281.png,/data/disk2/home/tony/demo1/model/cheese3d_demo_model/backend/cheese3d_demo_model-houlab-2025-05-28/labeled-data/20231031_B6-B20-B21-B26-B31-B32-B33_chew_rig2_concat_L/im10281.png,/data/disk2/home/tony/demo1/model/cheese3d_demo_model/backend/cheese3d_demo_model-houlab-2025-05-28/labeled-data/20231031_B6-B20-B21-B26-B31-B32-B33_chew_rig2_concat_L/CollectedData_houlab.h5,16,28
Q0143,1,20231031_B6-B20-B21-B26-B31-B32-B33_chew_rig2_concat_L,im10284.png,/data/disk2/home/tony/demo1/model/cheese3d_demo_model/backend/cheese3d_demo_model-houlab-2025-05-28/labeled-data/20231031_B6-B20-B21-B26-B31-B32-B33_chew_rig2_concat_L/im10284.png,/data/disk2/home/tony/demo1/model/cheese3d_demo_model/backend/cheese3d_demo_model-houlab-2025-05-28/labeled-data/20231031_B6-B20-B21-B26-B31-B32-B33_chew_rig2_concat_L/CollectedData_houlab.h5,16,28
Q0144,1,20231031_B6-B20-B21-B26-B31-B32-B33_chew_rig2_concat_L,im10523.png,/data/disk2/home/tony/demo1/model/cheese3d_demo_model/backend/cheese3d_demo_model-houlab-2025-05-28/labeled-data/20231031_B6-B20-B21-B26-B31-B32-B33_chew_rig2_concat_L/im10523.png,/data/disk2/home/tony/demo1/model/cheese3d_demo_model/backend/cheese3d_demo_model-houlab-2025-05-28/labeled-data/20231031_B6-B20-B21-B26-B31-B32-B33_chew_rig2_concat_L/CollectedData_houlab.h5,17,28
Q0145,1,20231031_B6-B20-B21-B26-B31-B32-B33_chew_rig2_concat_L,im25587.png,/data/disk2/home/tony/demo1/model/cheese3d_demo_model/backend/cheese3d_demo_model-houlab-2025-05-28/labeled-data/20231031_B6-B20-B21-B26-B31-B32-B33_chew_rig2_concat_L/im25587.png,/data/disk2/home/tony/demo1/model/cheese3d_demo_model/backend/cheese3d_demo_model-houlab-2025-05-28/labeled-data/20231031_B6-B20-B21-B26-B31-B32-B33_chew_rig2_concat_L/CollectedData_houlab.h5,17,28
Q0146,1,20231031_B6-B20-B21-B26-B31-B32-B33_chew_rig2_concat_L,im9717.png,/data/disk2/home/tony/demo1/model/cheese3d_demo_model/backend/cheese3d_demo_model-houlab-2025-05-28/labeled-data/20231031_B6-B20-B21-B26-B31-B32-B33_chew_rig2_concat_L/im9717.png,/data/disk2/home/tony/demo1/model/cheese3d_demo_model/backend/cheese3d_demo_model-houlab-2025-05-28/labeled-data/20231031_B6-B20-B21-B26-B31-B32-B33_chew_rig2_concat_L/CollectedData_houlab.h5,17,28
Q0147,1,20231031_B6-B20-B21-B26-B31-B32-B33_chew_rig2_concat_L,im9743.png,/data/disk2/home/tony/demo1/model/cheese3d_demo_model/backend/cheese3d_demo_model-houlab-2025-05-28/labeled-data/20231031_B6-B20-B21-B26-B31-B32-B33_chew_rig2_concat_L/im9743.png,/data/disk2/home/tony/demo1/model/cheese3d_demo_model/backend/cheese3d_demo_model-houlab-2025-05-28/labeled-data/20231031_B6-B20-B21-B26-B31-B32-B33_chew_rig2_concat_L/CollectedData_houlab.h5,17,28
Q0148,1,20231031_B6-B20-B21-B26-B31-B32-B33_chew_rig2_concat_L,im9800.png,/data/disk2/home/tony/demo1/model/cheese3d_demo_model/backend/cheese3d_demo_model-houlab-2025-05-28/labeled-data/20231031_B6-B20-B21-B26-B31-B32-B33_chew_rig2_concat_L/im9800.png,/data/disk2/home/tony/demo1/model/cheese3d_demo_model/backend/cheese3d_demo_model-houlab-2025-05-28/labeled-data/20231031_B6-B20-B21-B26-B31-B32-B33_chew_rig2_concat_L/CollectedData_houlab.h5,17,28
Q0149,1,20231031_B6-B20-B21-B26-B31-B32-B33_chew_rig2_concat_L,im9817.png,/data/disk2/home/tony/demo1/model/cheese3d_demo_model/backend/cheese3d_demo_model-houlab-2025-05-28/labeled-data/20231031_B6-B20-B21-B26-B31-B32-B33_chew_rig2_concat_L/im9817.png,/data/disk2/home/tony/demo1/model/cheese3d_demo_model/backend/cheese3d_demo_model-houlab-2025-05-28/labeled-data/20231031_B6-B20-B21-B26-B31-B32-B33_chew_rig2_concat_L/CollectedData_houlab.h5,17,28
Q0150,1,20231031_B6-B20-B21-B26-B31-B32-B33_chew_rig2_concat_L,im9821.png,/data/disk2/home/tony/demo1/model/cheese3d_demo_model/backend/cheese3d_demo_model-houlab-2025-05-28/labeled-data/20231031_B6-B20-B21-B26-B31-B32-B33_chew_rig2_concat_L/im9821.png,/data/disk2/home/tony/demo1/model/cheese3d_demo_model/backend/cheese3d_demo_model-houlab-2025-05-28/labeled-data/20231031_B6-B20-B21-B26-B31-B32-B33_chew_rig2_concat_L/CollectedData_houlab.h5,17,28
Q0151,1,20231031_B6-B20-B21-B26-B31-B32-B33_chew_rig2_concat_L,im9835.png,/data/disk2/home/tony/demo1/model/cheese3d_demo_model/backend/cheese3d_demo_model-houlab-2025-05-28/labeled-data/20231031_B6-B20-B21-B26-B31-B32-B33_chew_rig2_concat_L/im9835.png,/data/disk2/home/tony/demo1/model/cheese3d_demo_model/backend/cheese3d_demo_model-houlab-2025-05-28/labeled-data/20231031_B6-B20-B21-B26-B31-B32-B33_chew_rig2_concat_L/CollectedData_houlab.h5,17,28
Q0152,1,20231031_B6-B20-B21-B26-B31-B32-B33_chew_rig2_concat_L,im9851.png,/data/disk2/home/tony/demo1/model/cheese3d_demo_model/backend/cheese3d_demo_model-houlab-2025-05-28/labeled-data/20231031_B6-B20-B21-B26-B31-B32-B33_chew_rig2_concat_L/im9851.png,/data/disk2/home/tony/demo1/model/cheese3d_demo_model/backend/cheese3d_demo_model-houlab-2025-05-28/labeled-data/20231031_B6-B20-B21-B26-B31-B32-B33_chew_rig2_concat_L/CollectedData_houlab.h5,17,28
Q0153,1,20231031_B6-B20-B21-B26-B31-B32-B33_chew_rig2_concat_L,im9857.png,/data/disk2/home/tony/demo1/model/cheese3d_demo_model/backend/cheese3d_demo_model-houlab-2025-05-28/labeled-data/20231031_B6-B20-B21-B26-B31-B32-B33_chew_rig2_concat_L/im9857.png,/data/disk2/home/tony/demo1/model/cheese3d_demo_model/backend/cheese3d_demo_model-houlab-2025-05-28/labeled-data/20231031_B6-B20-B21-B26-B31-B32-B33_chew_rig2_concat_L/CollectedData_houlab.h5,17,28
Q0154,1,20231031_B6-B20-B21-B26-B31-B32-B33_chew_rig2_concat_L,im9927.png,/data/disk2/home/tony/demo1/model/cheese3d_demo_model/backend/cheese3d_demo_model-houlab-2025-05-28/labeled-data/20231031_B6-B20-B21-B26-B31-B32-B33_chew_rig2_concat_L/im9927.png,/data/disk2/home/tony/demo1/model/cheese3d_demo_model/backend/cheese3d_demo_model-houlab-2025-05-28/labeled-data/20231031_B6-B20-B21-B26-B31-B32-B33_chew_rig2_concat_L/CollectedData_houlab.h5,16,28
Q0155,1,20231031_B6-B20-B21-B26-B31-B32-B33_chew_rig2_concat_L,im9934.png,/data/disk2/home/tony/demo1/model/cheese3d_demo_model/backend/cheese3d_demo_model-houlab-2025-05-28/labeled-data/20231031_B6-B20-B21-B26-B31-B32-B33_chew_rig2_concat_L/im9934.png,/data/disk2/home/tony/demo1/model/cheese3d_demo_model/backend/cheese3d_demo_model-houlab-2025-05-28/labeled-data/20231031_B6-B20-B21-B26-B31-B32-B33_chew_rig2_concat_L/CollectedData_houlab.h5,17,28
Q0156,1,20231031_B6-B20-B21-B26-B31-B32-B33_chew_rig2_concat_L,im9956.png,/data/disk2/home/tony/demo1/model/cheese3d_demo_model/backend/cheese3d_demo_model-houlab-2025-05-28/labeled-data/20231031_B6-B20-B21-B26-B31-B32-B33_chew_rig2_concat_L/im9956.png,/data/disk2/home/tony/demo1/model/cheese3d_demo_model/backend/cheese3d_demo_model-houlab-2025-05-28/labeled-data/20231031_B6-B20-B21-B26-B31-B32-B33_chew_rig2_concat_L/CollectedData_houlab.h5,16,28
Q0157,1,20231031_B6-B20-B21-B26-B31-B32-B33_chew_rig2_concat_L,im9988.png,/data/disk2/home/tony/demo1/model/cheese3d_demo_model/backend/cheese3d_demo_model-houlab-2025-05-28/labeled-data/20231031_B6-B20-B21-B26-B31-B32-B33_chew_rig2_concat_L/im9988.png,/data/disk2/home/tony/demo1/model/cheese3d_demo_model/backend/cheese3d_demo_model-houlab-2025-05-28/labeled-data/20231031_B6-B20-B21-B26-B31-B32-B33_chew_rig2_concat_L/CollectedData_houlab.h5,17,28
Q0158,1,20231031_B6-B20-B21-B26-B31-B32-B33_chew_rig2_concat_L,img025752.png,/data/disk2/home/tony/demo1/model/cheese3d_demo_model/backend/cheese3d_demo_model-houlab-2025-05-28/labeled-data/20231031_B6-B20-B21-B26-B31-B32-B33_chew_rig2_concat_L/img025752.png,/data/disk2/home/tony/demo1/model/cheese3d_demo_model/backend/cheese3d_demo_model-houlab-2025-05-28/labeled-data/20231031_B6-B20-B21-B26-B31-B32-B33_chew_rig2_concat_L/CollectedData_houlab.h5,16,28
Q0159,1,20231031_B6-B20-B21-B26-B31-B32-B33_chew_rig2_concat_L,img035281.png,/data/disk2/home/tony/demo1/model/cheese3d_demo_model/backend/cheese3d_demo_model-houlab-2025-05-28/labeled-data/20231031_B6-B20-B21-B26-B31-B32-B33_chew_rig2_concat_L/img035281.png,/data/disk2/home/tony/demo1/model/cheese3d_demo_model/backend/cheese3d_demo_model-houlab-2025-05-28/labeled-data/20231031_B6-B20-B21-B26-B31-B32-B33_chew_rig2_concat_L/CollectedData_houlab.h5,17,28
Q0160,1,20231031_B6-B20-B21-B26-B31-B32-B33_chew_rig2_concat_L,img044971.png,/data/disk2/home/tony/demo1/model/cheese3d_demo_model/backend/cheese3d_demo_model-houlab-2025-05-28/labeled-data/20231031_B6-B20-B21-B26-B31-B32-B33_chew_rig2_concat_L/img044971.png,/data/disk2/home/tony/demo1/model/cheese3d_demo_model/backend/cheese3d_demo_model-houlab-2025-05-28/labeled-data/20231031_B6-B20-B21-B26-B31-B32-B33_chew_rig2_concat_L/CollectedData_houlab.h5,17,28
Q0161,1,20231031_B6-B20-B21-B26-B31-B32-B33_chew_rig2_concat_L,img052472.png,/data/disk2/home/tony/demo1/model/cheese3d_demo_model/backend/cheese3d_demo_model-houlab-2025-05-28/labeled-data/20231031_B6-B20-B21-B26-B31-B32-B33_chew_rig2_concat_L/img052472.png,/data/disk2/home/tony/demo1/model/cheese3d_demo_model/backend/cheese3d_demo_model-houlab-2025-05-28/labeled-data/20231031_B6-B20-B21-B26-B31-B32-B33_chew_rig2_concat_L/CollectedData_houlab.h5,15,28
Q0162,1,20231031_B6-B20-B21-B26-B31-B32-B33_chew_rig2_concat_L,img057880.png,/data/disk2/home/tony/demo1/model/cheese3d_demo_model/backend/cheese3d_demo_model-houlab-2025-05-28/labeled-data/20231031_B6-B20-B21-B26-B31-B32-B33_chew_rig2_concat_L/img057880.png,/data/disk2/home/tony/demo1/model/cheese3d_demo_model/backend/cheese3d_demo_model-houlab-2025-05-28/labeled-data/20231031_B6-B20-B21-B26-B31-B32-B33_chew_rig2_concat_L/CollectedData_houlab.h5,17,28
Q0163,1,20231031_B6-B20-B21-B26-B31-B32-B33_chew_rig2_concat_L,img075095.png,/data/disk2/home/tony/demo1/model/cheese3d_demo_model/backend/cheese3d_demo_model-houlab-2025-05-28/labeled-data/20231031_B6-B20-B21-B26-B31-B32-B33_chew_rig2_concat_L/img075095.png,/data/disk2/home/tony/demo1/model/cheese3d_demo_model/backend/cheese3d_demo_model-houlab-2025-05-28/labeled-data/20231031_B6-B20-B21-B26-B31-B32-B33_chew_rig2_concat_L/CollectedData_houlab.h5,17,28
Q0164,1,20231031_B6-B20-B21-B26-B31-B32-B33_chew_rig2_concat_L,img076556.png,/data/disk2/home/tony/demo1/model/cheese3d_demo_model/backend/cheese3d_demo_model-houlab-2025-05-28/labeled-data/20231031_B6-B20-B21-B26-B31-B32-B33_chew_rig2_concat_L/img076556.png,/data/disk2/home/tony/demo1/model/cheese3d_demo_model/backend/cheese3d_demo_model-houlab-2025-05-28/labeled-data/20231031_B6-B20-B21-B26-B31-B32-B33_chew_rig2_concat_L/CollectedData_houlab.h5,17,28
Q0165,1,20231031_B6-B20-B21-B26-B31-B32-B33_chew_rig2_concat_L,img108874.png,/data/disk2/home/tony/demo1/model/cheese3d_demo_model/backend/cheese3d_demo_model-houlab-2025-05-28/labeled-data/20231031_B6-B20-B21-B26-B31-B32-B33_chew_rig2_concat_L/img108874.png,/data/disk2/home/tony/demo1/model/cheese3d_demo_model/backend/cheese3d_demo_model-houlab-2025-05-28/labeled-data/20231031_B6-B20-B21-B26-B31-B32-B33_chew_rig2_concat_L/CollectedData_houlab.h5,17,28
Q0166,1,20231031_B6-B20-B21-B26-B31-B32-B33_chew_rig2_concat_L,img129474.png,/data/disk2/home/tony/demo1/model/cheese3d_demo_model/backend/cheese3d_demo_model-houlab-2025-05-28/labeled-data/20231031_B6-B20-B21-B26-B31-B32-B33_chew_rig2_concat_L/img129474.png,/data/disk2/home/tony/demo1/model/cheese3d_demo_model/backend/cheese3d_demo_model-houlab-2025-05-28/labeled-data/20231031_B6-B20-B21-B26-B31-B32-B33_chew_rig2_concat_L/CollectedData_houlab.h5,17,28
Q0167,1,20231031_B6-B20-B21-B26-B31-B32-B33_chew_rig2_concat_L,img137822.png,/data/disk2/home/tony/demo1/model/cheese3d_demo_model/backend/cheese3d_demo_model-houlab-2025-05-28/labeled-data/20231031_B6-B20-B21-B26-B31-B32-B33_chew_rig2_concat_L/img137822.png,/data/disk2/home/tony/demo1/model/cheese3d_demo_model/backend/cheese3d_demo_model-houlab-2025-05-28/labeled-data/20231031_B6-B20-B21-B26-B31-B32-B33_chew_rig2_concat_L/CollectedData_houlab.h5,17,28
Q0168,1,20231031_B6-B20-B21-B26-B31-B32-B33_chew_rig2_concat_L,img157643.png,/data/disk2/home/tony/demo1/model/cheese3d_demo_model/backend/cheese3d_demo_model-houlab-2025-05-28/labeled-data/20231031_B6-B20-B21-B26-B31-B32-B33_chew_rig2_concat_L/img157643.png,/data/disk2/home/tony/demo1/model/cheese3d_demo_model/backend/cheese3d_demo_model-houlab-2025-05-28/labeled-data/20231031_B6-B20-B21-B26-B31-B32-B33_chew_rig2_concat_L/CollectedData_houlab.h5,16,28
Q0169,1,20231031_B6-B20-B21-B26-B31-B32-B33_chew_rig2_concat_L,img175638.png,/data/disk2/home/tony/demo1/model/cheese3d_demo_model/backend/cheese3d_demo_model-houlab-2025-05-28/labeled-data/20231031_B6-B20-B21-B26-B31-B32-B33_chew_rig2_concat_L/img175638.png,/data/disk2/home/tony/demo1/model/cheese3d_demo_model/backend/cheese3d_demo_model-houlab-2025-05-28/labeled-data/20231031_B6-B20-B21-B26-B31-B32-B33_chew_rig2_concat_L/CollectedData_houlab.h5,17,28
Q0170,1,20231031_B6-B20-B21-B26-B31-B32-B33_chew_rig2_concat_L,img210929.png,/data/disk2/home/tony/demo1/model/cheese3d_demo_model/backend/cheese3d_demo_model-houlab-2025-05-28/labeled-data/20231031_B6-B20-B21-B26-B31-B32-B33_chew_rig2_concat_L/img210929.png,/data/disk2/home/tony/demo1/model/cheese3d_demo_model/backend/cheese3d_demo_model-houlab-2025-05-28/labeled-data/20231031_B6-B20-B21-B26-B31-B32-B33_chew_rig2_concat_L/CollectedData_houlab.h5,17,28
Q0171,1,20231031_B6-B20-B21-B26-B31-B32-B33_chew_rig2_concat_L,img219672.png,/data/disk2/home/tony/demo1/model/cheese3d_demo_model/backend/cheese3d_demo_model-houlab-2025-05-28/labeled-data/20231031_B6-B20-B21-B26-B31-B32-B33_chew_rig2_concat_L/img219672.png,/data/disk2/home/tony/demo1/model/cheese3d_demo_model/backend/cheese3d_demo_model-houlab-2025-05-28/labeled-data/20231031_B6-B20-B21-B26-B31-B32-B33_chew_rig2_concat_L/CollectedData_houlab.h5,16,28
Q0172,1,20231031_B6-B20-B21-B26-B31-B32-B33_chew_rig2_concat_L,img219854.png,/data/disk2/home/tony/demo1/model/cheese3d_demo_model/backend/cheese3d_demo_model-houlab-2025-05-28/labeled-data/20231031_B6-B20-B21-B26-B31-B32-B33_chew_rig2_concat_L/img219854.png,/data/disk2/home/tony/demo1/model/cheese3d_demo_model/backend/cheese3d_demo_model-houlab-2025-05-28/labeled-data/20231031_B6-B20-B21-B26-B31-B32-B33_chew_rig2_concat_L/CollectedData_houlab.h5,15,28
Q0173,1,20231031_B6-B20-B21-B26-B31-B32-B33_chew_rig2_concat_L,img223268.png,/data/disk2/home/tony/demo1/model/cheese3d_demo_model/backend/cheese3d_demo_model-houlab-2025-05-28/labeled-data/20231031_B6-B20-B21-B26-B31-B32-B33_chew_rig2_concat_L/img223268.png,/data/disk2/home/tony/demo1/model/cheese3d_demo_model/backend/cheese3d_demo_model-houlab-2025-05-28/labeled-data/20231031_B6-B20-B21-B26-B31-B32-B33_chew_rig2_concat_L/CollectedData_houlab.h5,17,28
Q0174,1,20231031_B6-B20-B21-B26-B31-B32-B33_chew_rig2_concat_L,img226147.png,/data/disk2/home/tony/demo1/model/cheese3d_demo_model/backend/cheese3d_demo_model-houlab-2025-05-28/labeled-data/20231031_B6-B20-B21-B26-B31-B32-B33_chew_rig2_concat_L/img226147.png,/data/disk2/home/tony/demo1/model/cheese3d_demo_model/backend/cheese3d_demo_model-houlab-2025-05-28/labeled-data/20231031_B6-B20-B21-B26-B31-B32-B33_chew_rig2_concat_L/CollectedData_houlab.h5,16,28
Q0175,1,20231031_B6-B20-B21-B26-B31-B32-B33_chew_rig2_concat_L,img226273.png,/data/disk2/home/tony/demo1/model/cheese3d_demo_model/backend/cheese3d_demo_model-houlab-2025-05-28/labeled-data/20231031_B6-B20-B21-B26-B31-B32-B33_chew_rig2_concat_L/img226273.png,/data/disk2/home/tony/demo1/model/cheese3d_demo_model/backend/cheese3d_demo_model-houlab-2025-05-28/labeled-data/20231031_B6-B20-B21-B26-B31-B32-B33_chew_rig2_concat_L/CollectedData_houlab.h5,16,28
Q0176,1,20231031_B6-B20-B21-B26-B31-B32-B33_chew_rig2_concat_L,img236397.png,/data/disk2/home/tony/demo1/model/cheese3d_demo_model/backend/cheese3d_demo_model-houlab-2025-05-28/labeled-data/20231031_B6-B20-B21-B26-B31-B32-B33_chew_rig2_concat_L/img236397.png,/data/disk2/home/tony/demo1/model/cheese3d_demo_model/backend/cheese3d_demo_model-houlab-2025-05-28/labeled-data/20231031_B6-B20-B21-B26-B31-B32-B33_chew_rig2_concat_L/CollectedData_houlab.h5,17,28
Q0177,1,20231031_B6-B20-B21-B26-B31-B32-B33_chew_rig2_concat_L,img242042.png,/data/disk2/home/tony/demo1/model/cheese3d_demo_model/backend/cheese3d_demo_model-houlab-2025-05-28/labeled-data/20231031_B6-B20-B21-B26-B31-B32-B33_chew_rig2_concat_L/img242042.png,/data/disk2/home/tony/demo1/model/cheese3d_demo_model/backend/cheese3d_demo_model-houlab-2025-05-28/labeled-data/20231031_B6-B20-B21-B26-B31-B32-B33_chew_rig2_concat_L/CollectedData_houlab.h5,17,28
Q0178,1,20231031_B6-B20-B21-B26-B31-B32-B33_chew_rig2_concat_L,img261868.png,/data/disk2/home/tony/demo1/model/cheese3d_demo_model/backend/cheese3d_demo_model-houlab-2025-05-28/labeled-data/20231031_B6-B20-B21-B26-B31-B32-B33_chew_rig2_concat_L/img261868.png,/data/disk2/home/tony/demo1/model/cheese3d_demo_model/backend/cheese3d_demo_model-houlab-2025-05-28/labeled-data/20231031_B6-B20-B21-B26-B31-B32-B33_chew_rig2_concat_L/CollectedData_houlab.h5,17,28
Q0179,1,20231031_B6-B20-B21-B26-B31-B32-B33_chew_rig2_concat_L,img281415.png,/data/disk2/home/tony/demo1/model/cheese3d_demo_model/backend/cheese3d_demo_model-houlab-2025-05-28/labeled-data/20231031_B6-B20-B21-B26-B31-B32-B33_chew_rig2_concat_L/img281415.png,/data/disk2/home/tony/demo1/model/cheese3d_demo_model/backend/cheese3d_demo_model-houlab-2025-05-28/labeled-data/20231031_B6-B20-B21-B26-B31-B32-B33_chew_rig2_concat_L/CollectedData_houlab.h5,17,28
Q0180,1,20231031_B6-B20-B21-B26-B31-B32-B33_chew_rig2_concat_L,img283302.png,/data/disk2/home/tony/demo1/model/cheese3d_demo_model/backend/cheese3d_demo_model-houlab-2025-05-28/labeled-data/20231031_B6-B20-B21-B26-B31-B32-B33_chew_rig2_concat_L/img283302.png,/data/disk2/home/tony/demo1/model/cheese3d_demo_model/backend/cheese3d_demo_model-houlab-2025-05-28/labeled-data/20231031_B6-B20-B21-B26-B31-B32-B33_chew_rig2_concat_L/CollectedData_houlab.h5,17,28
Q0181,1,20231031_B6-B20-B21-B26-B31-B32-B33_chew_rig2_concat_L,img290808.png,/data/disk2/home/tony/demo1/model/cheese3d_demo_model/backend/cheese3d_demo_model-houlab-2025-05-28/labeled-data/20231031_B6-B20-B21-B26-B31-B32-B33_chew_rig2_concat_L/img290808.png,/data/disk2/home/tony/demo1/model/cheese3d_demo_model/backend/cheese3d_demo_model-houlab-2025-05-28/labeled-data/20231031_B6-B20-B21-B26-B31-B32-B33_chew_rig2_concat_L/CollectedData_houlab.h5,17,28
Q0182,1,20231031_B6-B20-B21-B26-B31-B32-B33_chew_rig2_concat_L,img301661.png,/data/disk2/home/tony/demo1/model/cheese3d_demo_model/backend/cheese3d_demo_model-houlab-2025-05-28/labeled-data/20231031_B6-B20-B21-B26-B31-B32-B33_chew_rig2_concat_L/img301661.png,/data/disk2/home/tony/demo1/model/cheese3d_demo_model/backend/cheese3d_demo_model-houlab-2025-05-28/labeled-data/20231031_B6-B20-B21-B26-B31-B32-B33_chew_rig2_concat_L/CollectedData_houlab.h5,17,28
Q0183,1,20231031_B6-B20-B21-B26-B31-B32-B33_chew_rig2_concat_L,img302344.png,/data/disk2/home/tony/demo1/model/cheese3d_demo_model/backend/cheese3d_demo_model-houlab-2025-05-28/labeled-data/20231031_B6-B20-B21-B26-B31-B32-B33_chew_rig2_concat_L/img302344.png,/data/disk2/home/tony/demo1/model/cheese3d_demo_model/backend/cheese3d_demo_model-houlab-2025-05-28/labeled-data/20231031_B6-B20-B21-B26-B31-B32-B33_chew_rig2_concat_L/CollectedData_houlab.h5,15,28
Q0184,1,20231031_B6-B20-B21-B26-B31-B32-B33_chew_rig2_concat_L,img329532.png,/data/disk2/home/tony/demo1/model/cheese3d_demo_model/backend/cheese3d_demo_model-houlab-2025-05-28/labeled-data/20231031_B6-B20-B21-B26-B31-B32-B33_chew_rig2_concat_L/img329532.png,/data/disk2/home/tony/demo1/model/cheese3d_demo_model/backend/cheese3d_demo_model-houlab-2025-05-28/labeled-data/20231031_B6-B20-B21-B26-B31-B32-B33_chew_rig2_concat_L/CollectedData_houlab.h5,17,28
Q0185,1,20231031_B6-B20-B21-B26-B31-B32-B33_chew_rig2_concat_L,img346318.png,/data/disk2/home/tony/demo1/model/cheese3d_demo_model/backend/cheese3d_demo_model-houlab-2025-05-28/labeled-data/20231031_B6-B20-B21-B26-B31-B32-B33_chew_rig2_concat_L/img346318.png,/data/disk2/home/tony/demo1/model/cheese3d_demo_model/backend/cheese3d_demo_model-houlab-2025-05-28/labeled-data/20231031_B6-B20-B21-B26-B31-B32-B33_chew_rig2_concat_L/CollectedData_houlab.h5,17,28
Q0186,1,20231031_B6-B20-B21-B26-B31-B32-B33_chew_rig2_concat_L,img368778.png,/data/disk2/home/tony/demo1/model/cheese3d_demo_model/backend/cheese3d_demo_model-houlab-2025-05-28/labeled-data/20231031_B6-B20-B21-B26-B31-B32-B33_chew_rig2_concat_L/img368778.png,/data/disk2/home/tony/demo1/model/cheese3d_demo_model/backend/cheese3d_demo_model-houlab-2025-05-28/labeled-data/20231031_B6-B20-B21-B26-B31-B32-B33_chew_rig2_concat_L/CollectedData_houlab.h5,17,28
Q0187,1,20231031_B6-B20-B21-B26-B31-B32-B33_chew_rig2_concat_L,img386351.png,/data/disk2/home/tony/demo1/model/cheese3d_demo_model/backend/cheese3d_demo_model-houlab-2025-05-28/labeled-data/20231031_B6-B20-B21-B26-B31-B32-B33_chew_rig2_concat_L/img386351.png,/data/disk2/home/tony/demo1/model/cheese3d_demo_model/backend/cheese3d_demo_model-houlab-2025-05-28/labeled-data/20231031_B6-B20-B21-B26-B31-B32-B33_chew_rig2_concat_L/CollectedData_houlab.h5,17,28
Q0188,1,20231031_B6-B20-B21-B26-B31-B32-B33_chew_rig2_concat_L,img392193.png,/data/disk2/home/tony/demo1/model/cheese3d_demo_model/backend/cheese3d_demo_model-houlab-2025-05-28/labeled-data/20231031_B6-B20-B21-B26-B31-B32-B33_chew_rig2_concat_L/img392193.png,/data/disk2/home/tony/demo1/model/cheese3d_demo_model/backend/cheese3d_demo_model-houlab-2025-05-28/labeled-data/20231031_B6-B20-B21-B26-B31-B32-B33_chew_rig2_concat_L/CollectedData_houlab.h5,17,28
Q0189,1,20231031_B6-B20-B21-B26-B31-B32-B33_chew_rig2_concat_L,img401963.png,/data/disk2/home/tony/demo1/model/cheese3d_demo_model/backend/cheese3d_demo_model-houlab-2025-05-28/labeled-data/20231031_B6-B20-B21-B26-B31-B32-B33_chew_rig2_concat_L/img401963.png,/data/disk2/home/tony/demo1/model/cheese3d_demo_model/backend/cheese3d_demo_model-houlab-2025-05-28/labeled-data/20231031_B6-B20-B21-B26-B31-B32-B33_chew_rig2_concat_L/CollectedData_houlab.h5,17,28
Q0190,1,20231031_B6-B20-B21-B26-B31-B32-B33_chew_rig2_concat_L,img415688.png,/data/disk2/home/tony/demo1/model/cheese3d_demo_model/backend/cheese3d_demo_model-houlab-2025-05-28/labeled-data/20231031_B6-B20-B21-B26-B31-B32-B33_chew_rig2_concat_L/img415688.png,/data/disk2/home/tony/demo1/model/cheese3d_demo_model/backend/cheese3d_demo_model-houlab-2025-05-28/labeled-data/20231031_B6-B20-B21-B26-B31-B32-B33_chew_rig2_concat_L/CollectedData_houlab.h5,17,28
Q0191,1,20231031_B6-B20-B21-B26-B31-B32-B33_chew_rig2_concat_L,img424012.png,/data/disk2/home/tony/demo1/model/cheese3d_demo_model/backend/cheese3d_demo_model-houlab-2025-05-28/labeled-data/20231031_B6-B20-B21-B26-B31-B32-B33_chew_rig2_concat_L/img424012.png,/data/disk2/home/tony/demo1/model/cheese3d_demo_model/backend/cheese3d_demo_model-houlab-2025-05-28/labeled-data/20231031_B6-B20-B21-B26-B31-B32-B33_chew_rig2_concat_L/CollectedData_houlab.h5,16,28
Q0192,1,20231031_B6-B20-B21-B26-B31-B32-B33_chew_rig2_concat_L,img464428.png,/data/disk2/home/tony/demo1/model/cheese3d_demo_model/backend/cheese3d_demo_model-houlab-2025-05-28/labeled-data/20231031_B6-B20-B21-B26-B31-B32-B33_chew_rig2_concat_L/img464428.png,/data/disk2/home/tony/demo1/model/cheese3d_demo_model/backend/cheese3d_demo_model-houlab-2025-05-28/labeled-data/20231031_B6-B20-B21-B26-B31-B32-B33_chew_rig2_concat_L/CollectedData_houlab.h5,17,28
Q0193,1,20231031_B6-B20-B21-B26-B31-B32-B33_chew_rig2_concat_L,img486154.png,/data/disk2/home/tony/demo1/model/cheese3d_demo_model/backend/cheese3d_demo_model-houlab-2025-05-28/labeled-data/20231031_B6-B20-B21-B26-B31-B32-B33_chew_rig2_concat_L/img486154.png,/data/disk2/home/tony/demo1/model/cheese3d_demo_model/backend/cheese3d_demo_model-houlab-2025-05-28/labeled-data/20231031_B6-B20-B21-B26-B31-B32-B33_chew_rig2_concat_L/CollectedData_houlab.h5,17,28
Q0194,1,20231031_B6-B20-B21-B26-B31-B32-B33_chew_rig2_concat_L,img488521.png,/data/disk2/home/tony/demo1/model/cheese3d_demo_model/backend/cheese3d_demo_model-houlab-2025-05-28/labeled-data/20231031_B6-B20-B21-B26-B31-B32-B33_chew_rig2_concat_L/img488521.png,/data/disk2/home/tony/demo1/model/cheese3d_demo_model/backend/cheese3d_demo_model-houlab-2025-05-28/labeled-data/20231031_B6-B20-B21-B26-B31-B32-B33_chew_rig2_concat_L/CollectedData_houlab.h5,17,28
Q0195,1,20231031_B6-B20-B21-B26-B31-B32-B33_chew_rig2_concat_L,img511074.png,/data/disk2/home/tony/demo1/model/cheese3d_demo_model/backend/cheese3d_demo_model-houlab-2025-05-28/labeled-data/20231031_B6-B20-B21-B26-B31-B32-B33_chew_rig2_concat_L/img511074.png,/data/disk2/home/tony/demo1/model/cheese3d_demo_model/backend/cheese3d_demo_model-houlab-2025-05-28/labeled-data/20231031_B6-B20-B21-B26-B31-B32-B33_chew_rig2_concat_L/CollectedData_houlab.h5,16,28
Q0196,1,20231031_B6-B20-B21-B26-B31-B32-B33_chew_rig2_concat_L,img512046.png,/data/disk2/home/tony/demo1/model/cheese3d_demo_model/backend/cheese3d_demo_model-houlab-2025-05-28/labeled-data/20231031_B6-B20-B21-B26-B31-B32-B33_chew_rig2_concat_L/img512046.png,/data/disk2/home/tony/demo1/model/cheese3d_demo_model/backend/cheese3d_demo_model-houlab-2025-05-28/labeled-data/20231031_B6-B20-B21-B26-B31-B32-B33_chew_rig2_concat_L/CollectedData_houlab.h5,17,28
Q0197,1,20231031_B6-B20-B21-B26-B31-B32-B33_chew_rig2_concat_L,img513411.png,/data/disk2/home/tony/demo1/model/cheese3d_demo_model/backend/cheese3d_demo_model-houlab-2025-05-28/labeled-data/20231031_B6-B20-B21-B26-B31-B32-B33_chew_rig2_concat_L/img513411.png,/data/disk2/home/tony/demo1/model/cheese3d_demo_model/backend/cheese3d_demo_model-houlab-2025-05-28/labeled-data/20231031_B6-B20-B21-B26-B31-B32-B33_chew_rig2_concat_L/CollectedData_houlab.h5,16,28
Q0198,1,20231031_B6-B20-B21-B26-B31-B32-B33_chew_rig2_concat_L,img530507.png,/data/disk2/home/tony/demo1/model/cheese3d_demo_model/backend/cheese3d_demo_model-houlab-2025-05-28/labeled-data/20231031_B6-B20-B21-B26-B31-B32-B33_chew_rig2_concat_L/img530507.png,/data/disk2/home/tony/demo1/model/cheese3d_demo_model/backend/cheese3d_demo_model-houlab-2025-05-28/labeled-data/20231031_B6-B20-B21-B26-B31-B32-B33_chew_rig2_concat_L/CollectedData_houlab.h5,15,28
Q0199,1,20231031_B6-B20-B21-B26-B31-B32-B33_chew_rig2_concat_L,img546265.png,/data/disk2/home/tony/demo1/model/cheese3d_demo_model/backend/cheese3d_demo_model-houlab-2025-05-28/labeled-data/20231031_B6-B20-B21-B26-B31-B32-B33_chew_rig2_concat_L/img546265.png,/data/disk2/home/tony/demo1/model/cheese3d_demo_model/backend/cheese3d_demo_model-houlab-2025-05-28/labeled-data/20231031_B6-B20-B21-B26-B31-B32-B33_chew_rig2_concat_L/CollectedData_houlab.h5,16,28
Q0200,1,20231031_B6-B20-B21-B26-B31-B32-B33_chew_rig2_concat_L,img569682.png,/data/disk2/home/tony/demo1/model/cheese3d_demo_model/backend/cheese3d_demo_model-houlab-2025-05-28/labeled-data/20231031_B6-B20-B21-B26-B31-B32-B33_chew_rig2_concat_L/img569682.png,/data/disk2/home/tony/demo1/model/cheese3d_demo_model/backend/cheese3d_demo_model-houlab-2025-05-28/labeled-data/20231031_B6-B20-B21-B26-B31-B32-B33_chew_rig2_concat_L/CollectedData_houlab.h5,17,28
Q0201,1,20231031_B6-B20-B21-B26-B31-B32-B33_chew_rig2_concat_L,img574430.png,/data/disk2/home/tony/demo1/model/cheese3d_demo_model/backend/cheese3d_demo_model-houlab-2025-05-28/labeled-data/20231031_B6-B20-B21-B26-B31-B32-B33_chew_rig2_concat_L/img574430.png,/data/disk2/home/tony/demo1/model/cheese3d_demo_model/backend/cheese3d_demo_model-houlab-2025-05-28/labeled-data/20231031_B6-B20-B21-B26-B31-B32-B33_chew_rig2_concat_L/CollectedData_houlab.h5,17,28
Q0202,1,20231031_B6-B20-B21-B26-B31-B32-B33_chew_rig2_concat_L,img702571.png,/data/disk2/home/tony/demo1/model/cheese3d_demo_model/backend/cheese3d_demo_model-houlab-2025-05-28/labeled-data/20231031_B6-B20-B21-B26-B31-B32-B33_chew_rig2_concat_L/img702571.png,/data/disk2/home/tony/demo1/model/cheese3d_demo_model/backend/cheese3d_demo_model-houlab-2025-05-28/labeled-data/20231031_B6-B20-B21-B26-B31-B32-B33_chew_rig2_concat_L/CollectedData_houlab.h5,17,28
Q0203,1,20231031_B6-B20-B21-B26-B31-B32-B33_chew_rig2_concat_L,img735543.png,/data/disk2/home/tony/demo1/model/cheese3d_demo_model/backend/cheese3d_demo_model-houlab-2025-05-28/labeled-data/20231031_B6-B20-B21-B26-B31-B32-B33_chew_rig2_concat_L/img735543.png,/data/disk2/home/tony/demo1/model/cheese3d_demo_model/backend/cheese3d_demo_model-houlab-2025-05-28/labeled-data/20231031_B6-B20-B21-B26-B31-B32-B33_chew_rig2_concat_L/CollectedData_houlab.h5,17,28
Q0204,1,20231031_B6-B20-B21-B26-B31-B32-B33_chew_rig2_concat_L,img735563.png,/data/disk2/home/tony/demo1/model/cheese3d_demo_model/backend/cheese3d_demo_model-houlab-2025-05-28/labeled-data/20231031_B6-B20-B21-B26-B31-B32-B33_chew_rig2_concat_L/img735563.png,/data/disk2/home/tony/demo1/model/cheese3d_demo_model/backend/cheese3d_demo_model-houlab-2025-05-28/labeled-data/20231031_B6-B20-B21-B26-B31-B32-B33_chew_rig2_concat_L/CollectedData_houlab.h5,17,28
Q0205,1,20231031_B6-B20-B21-B26-B31-B32-B33_chew_rig2_concat_L,img735858.png,/data/disk2/home/tony/demo1/model/cheese3d_demo_model/backend/cheese3d_demo_model-houlab-2025-05-28/labeled-data/20231031_B6-B20-B21-B26-B31-B32-B33_chew_rig2_concat_L/img735858.png,/data/disk2/home/tony/demo1/model/cheese3d_demo_model/backend/cheese3d_demo_model-houlab-2025-05-28/labeled-data/20231031_B6-B20-B21-B26-B31-B32-B33_chew_rig2_concat_L/CollectedData_houlab.h5,17,28
Q0206,1,20231031_B6-B20-B21-B26-B31-B32-B33_chew_rig2_concat_L,img766353.png,/data/disk2/home/tony/demo1/model/cheese3d_demo_model/backend/cheese3d_demo_model-houlab-2025-05-28/labeled-data/20231031_B6-B20-B21-B26-B31-B32-B33_chew_rig2_concat_L/img766353.png,/data/disk2/home/tony/demo1/model/cheese3d_demo_model/backend/cheese3d_demo_model-houlab-2025-05-28/labeled-data/20231031_B6-B20-B21-B26-B31-B32-B33_chew_rig2_concat_L/CollectedData_houlab.h5,17,28
Q0207,1,20231031_B6-B20-B21-B26-B31-B32-B33_chew_rig2_concat_L,img772055.png,/data/disk2/home/tony/demo1/model/cheese3d_demo_model/backend/cheese3d_demo_model-houlab-2025-05-28/labeled-data/20231031_B6-B20-B21-B26-B31-B32-B33_chew_rig2_concat_L/img772055.png,/data/disk2/home/tony/demo1/model/cheese3d_demo_model/backend/cheese3d_demo_model-houlab-2025-05-28/labeled-data/20231031_B6-B20-B21-B26-B31-B32-B33_chew_rig2_concat_L/CollectedData_houlab.h5,16,28
Q0208,1,20231031_B6-B20-B21-B26-B31-B32-B33_chew_rig2_concat_L,img795392.png,/data/disk2/home/tony/demo1/model/cheese3d_demo_model/backend/cheese3d_demo_model-houlab-2025-05-28/labeled-data/20231031_B6-B20-B21-B26-B31-B32-B33_chew_rig2_concat_L/img795392.png,/data/disk2/home/tony/demo1/model/cheese3d_demo_model/backend/cheese3d_demo_model-houlab-2025-05-28/labeled-data/20231031_B6-B20-B21-B26-B31-B32-B33_chew_rig2_concat_L/CollectedData_houlab.h5,17,28
Q0209,1,20231031_B6-B20-B21-B26-B31-B32-B33_chew_rig2_concat_L,img811409.png,/data/disk2/home/tony/demo1/model/cheese3d_demo_model/backend/cheese3d_demo_model-houlab-2025-05-28/labeled-data/20231031_B6-B20-B21-B26-B31-B32-B33_chew_rig2_concat_L/img811409.png,/data/disk2/home/tony/demo1/model/cheese3d_demo_model/backend/cheese3d_demo_model-houlab-2025-05-28/labeled-data/20231031_B6-B20-B21-B26-B31-B32-B33_chew_rig2_concat_L/CollectedData_houlab.h5,17,28
Q0210,1,20231031_B6-B20-B21-B26-B31-B32-B33_chew_rig2_concat_L,img827544.png,/data/disk2/home/tony/demo1/model/cheese3d_demo_model/backend/cheese3d_demo_model-houlab-2025-05-28/labeled-data/20231031_B6-B20-B21-B26-B31-B32-B33_chew_rig2_concat_L/img827544.png,/data/disk2/home/tony/demo1/model/cheese3d_demo_model/backend/cheese3d_demo_model-houlab-2025-05-28/labeled-data/20231031_B6-B20-B21-B26-B31-B32-B33_chew_rig2_concat_L/CollectedData_houlab.h5,17,28
Q0211,1,20231031_B6-B20-B21-B26-B31-B32-B33_chew_rig2_concat_R,im10039.png,/data/disk2/home/tony/demo1/model/cheese3d_demo_model/backend/cheese3d_demo_model-houlab-2025-05-28/labeled-data/20231031_B6-B20-B21-B26-B31-B32-B33_chew_rig2_concat_R/im10039.png,/data/disk2/home/tony/demo1/model/cheese3d_demo_model/backend/cheese3d_demo_model-houlab-2025-05-28/labeled-data/20231031_B6-B20-B21-B26-B31-B32-B33_chew_rig2_concat_R/CollectedData_houlab.h5,17,28
Q0212,1,20231031_B6-B20-B21-B26-B31-B32-B33_chew_rig2_concat_R,im10058.png,/data/disk2/home/tony/demo1/model/cheese3d_demo_model/backend/cheese3d_demo_model-houlab-2025-05-28/labeled-data/20231031_B6-B20-B21-B26-B31-B32-B33_chew_rig2_concat_R/im10058.png,/data/disk2/home/tony/demo1/model/cheese3d_demo_model/backend/cheese3d_demo_model-houlab-2025-05-28/labeled-data/20231031_B6-B20-B21-B26-B31-B32-B33_chew_rig2_concat_R/CollectedData_houlab.h5,17,28
Q0213,1,20231031_B6-B20-B21-B26-B31-B32-B33_chew_rig2_concat_R,im10059.png,/data/disk2/home/tony/demo1/model/cheese3d_demo_model/backend/cheese3d_demo_model-houlab-2025-05-28/labeled-data/20231031_B6-B20-B21-B26-B31-B32-B33_chew_rig2_concat_R/im10059.png,/data/disk2/home/tony/demo1/model/cheese3d_demo_model/backend/cheese3d_demo_model-houlab-2025-05-28/labeled-data/20231031_B6-B20-B21-B26-B31-B32-B33_chew_rig2_concat_R/CollectedData_houlab.h5,17,28
Q0214,1,20231031_B6-B20-B21-B26-B31-B32-B33_chew_rig2_concat_R,im10070.png,/data/disk2/home/tony/demo1/model/cheese3d_demo_model/backend/cheese3d_demo_model-houlab-2025-05-28/labeled-data/20231031_B6-B20-B21-B26-B31-B32-B33_chew_rig2_concat_R/im10070.png,/data/disk2/home/tony/demo1/model/cheese3d_demo_model/backend/cheese3d_demo_model-houlab-2025-05-28/labeled-data/20231031_B6-B20-B21-B26-B31-B32-B33_chew_rig2_concat_R/CollectedData_houlab.h5,17,28
Q0215,1,20231031_B6-B20-B21-B26-B31-B32-B33_chew_rig2_concat_R,im10148.png,/data/disk2/home/tony/demo1/model/cheese3d_demo_model/backend/cheese3d_demo_model-houlab-2025-05-28/labeled-data/20231031_B6-B20-B21-B26-B31-B32-B33_chew_rig2_concat_R/im10148.png,/data/disk2/home/tony/demo1/model/cheese3d_demo_model/backend/cheese3d_demo_model-houlab-2025-05-28/labeled-data/20231031_B6-B20-B21-B26-B31-B32-B33_chew_rig2_concat_R/CollectedData_houlab.h5,17,28
Q0216,1,20231031_B6-B20-B21-B26-B31-B32-B33_chew_rig2_concat_R,im10281.png,/data/disk2/home/tony/demo1/model/cheese3d_demo_model/backend/cheese3d_demo_model-houlab-2025-05-28/labeled-data/20231031_B6-B20-B21-B26-B31-B32-B33_chew_rig2_concat_R/im10281.png,/data/disk2/home/tony/demo1/model/cheese3d_demo_model/backend/cheese3d_demo_model-houlab-2025-05-28/labeled-data/20231031_B6-B20-B21-B26-B31-B32-B33_chew_rig2_concat_R/CollectedData_houlab.h5,15,28
Q0217,1,20231031_B6-B20-B21-B26-B31-B32-B33_chew_rig2_concat_R,im10284.png,/data/disk2/home/tony/demo1/model/cheese3d_demo_model/backend/cheese3d_demo_model-houlab-2025-05-28/labeled-data/20231031_B6-B20-B21-B26-B31-B32-B33_chew_rig2_concat_R/im10284.png,/data/disk2/home/tony/demo1/model/cheese3d_demo_model/backend/cheese3d_demo_model-houlab-2025-05-28/labeled-data/20231031_B6-B20-B21-B26-B31-B32-B33_chew_rig2_concat_R/CollectedData_houlab.h5,16,28
Q0218,1,20231031_B6-B20-B21-B26-B31-B32-B33_chew_rig2_concat_R,im10523.png,/data/disk2/home/tony/demo1/model/cheese3d_demo_model/backend/cheese3d_demo_model-houlab-2025-05-28/labeled-data/20231031_B6-B20-B21-B26-B31-B32-B33_chew_rig2_concat_R/im10523.png,/data/disk2/home/tony/demo1/model/cheese3d_demo_model/backend/cheese3d_demo_model-houlab-2025-05-28/labeled-data/20231031_B6-B20-B21-B26-B31-B32-B33_chew_rig2_concat_R/CollectedData_houlab.h5,17,28
Q0219,1,20231031_B6-B20-B21-B26-B31-B32-B33_chew_rig2_concat_R,im25587.png,/data/disk2/home/tony/demo1/model/cheese3d_demo_model/backend/cheese3d_demo_model-houlab-2025-05-28/labeled-data/20231031_B6-B20-B21-B26-B31-B32-B33_chew_rig2_concat_R/im25587.png,/data/disk2/home/tony/demo1/model/cheese3d_demo_model/backend/cheese3d_demo_model-houlab-2025-05-28/labeled-data/20231031_B6-B20-B21-B26-B31-B32-B33_chew_rig2_concat_R/CollectedData_houlab.h5,17,28
Q0220,1,20231031_B6-B20-B21-B26-B31-B32-B33_chew_rig2_concat_R,im9717.png,/data/disk2/home/tony/demo1/model/cheese3d_demo_model/backend/cheese3d_demo_model-houlab-2025-05-28/labeled-data/20231031_B6-B20-B21-B26-B31-B32-B33_chew_rig2_concat_R/im9717.png,/data/disk2/home/tony/demo1/model/cheese3d_demo_model/backend/cheese3d_demo_model-houlab-2025-05-28/labeled-data/20231031_B6-B20-B21-B26-B31-B32-B33_chew_rig2_concat_R/CollectedData_houlab.h5,16,28
Q0221,1,20231031_B6-B20-B21-B26-B31-B32-B33_chew_rig2_concat_R,im9743.png,/data/disk2/home/tony/demo1/model/cheese3d_demo_model/backend/cheese3d_demo_model-houlab-2025-05-28/labeled-data/20231031_B6-B20-B21-B26-B31-B32-B33_chew_rig2_concat_R/im9743.png,/data/disk2/home/tony/demo1/model/cheese3d_demo_model/backend/cheese3d_demo_model-houlab-2025-05-28/labeled-data/20231031_B6-B20-B21-B26-B31-B32-B33_chew_rig2_concat_R/CollectedData_houlab.h5,16,28
Q0222,1,20231031_B6-B20-B21-B26-B31-B32-B33_chew_rig2_concat_R,im9800.png,/data/disk2/home/tony/demo1/model/cheese3d_demo_model/backend/cheese3d_demo_model-houlab-2025-05-28/labeled-data/20231031_B6-B20-B21-B26-B31-B32-B33_chew_rig2_concat_R/im9800.png,/data/disk2/home/tony/demo1/model/cheese3d_demo_model/backend/cheese3d_demo_model-houlab-2025-05-28/labeled-data/20231031_B6-B20-B21-B26-B31-B32-B33_chew_rig2_concat_R/CollectedData_houlab.h5,17,28
Q0223,1,20231031_B6-B20-B21-B26-B31-B32-B33_chew_rig2_concat_R,im9817.png,/data/disk2/home/tony/demo1/model/cheese3d_demo_model/backend/cheese3d_demo_model-houlab-2025-05-28/labeled-data/20231031_B6-B20-B21-B26-B31-B32-B33_chew_rig2_concat_R/im9817.png,/data/disk2/home/tony/demo1/model/cheese3d_demo_model/backend/cheese3d_demo_model-houlab-2025-05-28/labeled-data/20231031_B6-B20-B21-B26-B31-B32-B33_chew_rig2_concat_R/CollectedData_houlab.h5,17,28
Q0224,1,20231031_B6-B20-B21-B26-B31-B32-B33_chew_rig2_concat_R,im9821.png,/data/disk2/home/tony/demo1/model/cheese3d_demo_model/backend/cheese3d_demo_model-houlab-2025-05-28/labeled-data/20231031_B6-B20-B21-B26-B31-B32-B33_chew_rig2_concat_R/im9821.png,/data/disk2/home/tony/demo1/model/cheese3d_demo_model/backend/cheese3d_demo_model-houlab-2025-05-28/labeled-data/20231031_B6-B20-B21-B26-B31-B32-B33_chew_rig2_concat_R/CollectedData_houlab.h5,17,28
Q0225,1,20231031_B6-B20-B21-B26-B31-B32-B33_chew_rig2_concat_R,im9835.png,/data/disk2/home/tony/demo1/model/cheese3d_demo_model/backend/cheese3d_demo_model-houlab-2025-05-28/labeled-data/20231031_B6-B20-B21-B26-B31-B32-B33_chew_rig2_concat_R/im9835.png,/data/disk2/home/tony/demo1/model/cheese3d_demo_model/backend/cheese3d_demo_model-houlab-2025-05-28/labeled-data/20231031_B6-B20-B21-B26-B31-B32-B33_chew_rig2_concat_R/CollectedData_houlab.h5,17,28
Q0226,1,20231031_B6-B20-B21-B26-B31-B32-B33_chew_rig2_concat_R,im9851.png,/data/disk2/home/tony/demo1/model/cheese3d_demo_model/backend/cheese3d_demo_model-houlab-2025-05-28/labeled-data/20231031_B6-B20-B21-B26-B31-B32-B33_chew_rig2_concat_R/im9851.png,/data/disk2/home/tony/demo1/model/cheese3d_demo_model/backend/cheese3d_demo_model-houlab-2025-05-28/labeled-data/20231031_B6-B20-B21-B26-B31-B32-B33_chew_rig2_concat_R/CollectedData_houlab.h5,16,28
Q0227,1,20231031_B6-B20-B21-B26-B31-B32-B33_chew_rig2_concat_R,im9857.png,/data/disk2/home/tony/demo1/model/cheese3d_demo_model/backend/cheese3d_demo_model-houlab-2025-05-28/labeled-data/20231031_B6-B20-B21-B26-B31-B32-B33_chew_rig2_concat_R/im9857.png,/data/disk2/home/tony/demo1/model/cheese3d_demo_model/backend/cheese3d_demo_model-houlab-2025-05-28/labeled-data/20231031_B6-B20-B21-B26-B31-B32-B33_chew_rig2_concat_R/CollectedData_houlab.h5,17,28
Q0228,1,20231031_B6-B20-B21-B26-B31-B32-B33_chew_rig2_concat_R,im9927.png,/data/disk2/home/tony/demo1/model/cheese3d_demo_model/backend/cheese3d_demo_model-houlab-2025-05-28/labeled-data/20231031_B6-B20-B21-B26-B31-B32-B33_chew_rig2_concat_R/im9927.png,/data/disk2/home/tony/demo1/model/cheese3d_demo_model/backend/cheese3d_demo_model-houlab-2025-05-28/labeled-data/20231031_B6-B20-B21-B26-B31-B32-B33_chew_rig2_concat_R/CollectedData_houlab.h5,17,28
Q0229,1,20231031_B6-B20-B21-B26-B31-B32-B33_chew_rig2_concat_R,im9934.png,/data/disk2/home/tony/demo1/model/cheese3d_demo_model/backend/cheese3d_demo_model-houlab-2025-05-28/labeled-data/20231031_B6-B20-B21-B26-B31-B32-B33_chew_rig2_concat_R/im9934.png,/data/disk2/home/tony/demo1/model/cheese3d_demo_model/backend/cheese3d_demo_model-houlab-2025-05-28/labeled-data/20231031_B6-B20-B21-B26-B31-B32-B33_chew_rig2_concat_R/CollectedData_houlab.h5,17,28
Q0230,1,20231031_B6-B20-B21-B26-B31-B32-B33_chew_rig2_concat_R,im9956.png,/data/disk2/home/tony/demo1/model/cheese3d_demo_model/backend/cheese3d_demo_model-houlab-2025-05-28/labeled-data/20231031_B6-B20-B21-B26-B31-B32-B33_chew_rig2_concat_R/im9956.png,/data/disk2/home/tony/demo1/model/cheese3d_demo_model/backend/cheese3d_demo_model-houlab-2025-05-28/labeled-data/20231031_B6-B20-B21-B26-B31-B32-B33_chew_rig2_concat_R/CollectedData_houlab.h5,16,28
Q0231,1,20231031_B6-B20-B21-B26-B31-B32-B33_chew_rig2_concat_R,im9988.png,/data/disk2/home/tony/demo1/model/cheese3d_demo_model/backend/cheese3d_demo_model-houlab-2025-05-28/labeled-data/20231031_B6-B20-B21-B26-B31-B32-B33_chew_rig2_concat_R/im9988.png,/data/disk2/home/tony/demo1/model/cheese3d_demo_model/backend/cheese3d_demo_model-houlab-2025-05-28/labeled-data/20231031_B6-B20-B21-B26-B31-B32-B33_chew_rig2_concat_R/CollectedData_houlab.h5,16,28
Q0232,1,20231031_B6-B20-B21-B26-B31-B32-B33_chew_rig2_concat_R,img025821.png,/data/disk2/home/tony/demo1/model/cheese3d_demo_model/backend/cheese3d_demo_model-houlab-2025-05-28/labeled-data/20231031_B6-B20-B21-B26-B31-B32-B33_chew_rig2_concat_R/img025821.png,/data/disk2/home/tony/demo1/model/cheese3d_demo_model/backend/cheese3d_demo_model-houlab-2025-05-28/labeled-data/20231031_B6-B20-B21-B26-B31-B32-B33_chew_rig2_concat_R/CollectedData_houlab.h5,17,28
Q0233,1,20231031_B6-B20-B21-B26-B31-B32-B33_chew_rig2_concat_R,img035759.png,/data/disk2/home/tony/demo1/model/cheese3d_demo_model/backend/cheese3d_demo_model-houlab-2025-05-28/labeled-data/20231031_B6-B20-B21-B26-B31-B32-B33_chew_rig2_concat_R/img035759.png,/data/disk2/home/tony/demo1/model/cheese3d_demo_model/backend/cheese3d_demo_model-houlab-2025-05-28/labeled-data/20231031_B6-B20-B21-B26-B31-B32-B33_chew_rig2_concat_R/CollectedData_houlab.h5,17,28
Q0234,1,20231031_B6-B20-B21-B26-B31-B32-B33_chew_rig2_concat_R,img044955.png,/data/disk2/home/tony/demo1/model/cheese3d_demo_model/backend/cheese3d_demo_model-houlab-2025-05-28/labeled-data/20231031_B6-B20-B21-B26-B31-B32-B33_chew_rig2_concat_R/img044955.png,/data/disk2/home/tony/demo1/model/cheese3d_demo_model/backend/cheese3d_demo_model-houlab-2025-05-28/labeled-data/20231031_B6-B20-B21-B26-B31-B32-B33_chew_rig2_concat_R/CollectedData_houlab.h5,17,28
Q0235,1,20231031_B6-B20-B21-B26-B31-B32-B33_chew_rig2_concat_R,img045202.png,/data/disk2/home/tony/demo1/model/cheese3d_demo_model/backend/cheese3d_demo_model-houlab-2025-05-28/labeled-data/20231031_B6-B20-B21-B26-B31-B32-B33_chew_rig2_concat_R/img045202.png,/data/disk2/home/tony/demo1/model/cheese3d_demo_model/backend/cheese3d_demo_model-houlab-2025-05-28/labeled-data/20231031_B6-B20-B21-B26-B31-B32-B33_chew_rig2_concat_R/CollectedData_houlab.h5,17,28
Q0236,1,20231031_B6-B20-B21-B26-B31-B32-B33_chew_rig2_concat_R,img057794.png,/data/disk2/home/tony/demo1/model/cheese3d_demo_model/backend/cheese3d_demo_model-houlab-2025-05-28/labeled-data/20231031_B6-B20-B21-B26-B31-B32-B33_chew_rig2_concat_R/img057794.png,/data/disk2/home/tony/demo1/model/cheese3d_demo_model/backend/cheese3d_demo_model-houlab-2025-05-28/labeled-data/20231031_B6-B20-B21-B26-B31-B32-B33_chew_rig2_concat_R/CollectedData_houlab.h5,17,28
Q0237,1,20231031_B6-B20-B21-B26-B31-B32-B33_chew_rig2_concat_R,img102674.png,/data/disk2/home/tony/demo1/model/cheese3d_demo_model/backend/cheese3d_demo_model-houlab-2025-05-28/labeled-data/20231031_B6-B20-B21-B26-B31-B32-B33_chew_rig2_concat_R/img102674.png,/data/disk2/home/tony/demo1/model/cheese3d_demo_model/backend/cheese3d_demo_model-houlab-2025-05-28/labeled-data/20231031_B6-B20-B21-B26-B31-B32-B33_chew_rig2_concat_R/CollectedData_houlab.h5,17,28
Q0238,1,20231031_B6-B20-B21-B26-B31-B32-B33_chew_rig2_concat_R,img112427.png,/data/disk2/home/tony/demo1/model/cheese3d_demo_model/backend/cheese3d_demo_model-houlab-2025-05-28/labeled-data/20231031_B6-B20-B21-B26-B31-B32-B33_chew_rig2_concat_R/img112427.png,/data/disk2/home/tony/demo1/model/cheese3d_demo_model/backend/cheese3d_demo_model-houlab-2025-05-28/labeled-data/20231031_B6-B20-B21-B26-B31-B32-B33_chew_rig2_concat_R/CollectedData_houlab.h5,16,28
Q0239,1,20231031_B6-B20-B21-B26-B31-B32-B33_chew_rig2_concat_R,img114422.png,/data/disk2/home/tony/demo1/model/cheese3d_demo_model/backend/cheese3d_demo_model-houlab-2025-05-28/labeled-data/20231031_B6-B20-B21-B26-B31-B32-B33_chew_rig2_concat_R/img114422.png,/data/disk2/home/tony/demo1/model/cheese3d_demo_model/backend/cheese3d_demo_model-houlab-2025-05-28/labeled-data/20231031_B6-B20-B21-B26-B31-B32-B33_chew_rig2_concat_R/CollectedData_houlab.h5,17,28
Q0240,1,20231031_B6-B20-B21-B26-B31-B32-B33_chew_rig2_concat_R,img121026.png,/data/disk2/home/tony/demo1/model/cheese3d_demo_model/backend/cheese3d_demo_model-houlab-2025-05-28/labeled-data/20231031_B6-B20-B21-B26-B31-B32-B33_chew_rig2_concat_R/img121026.png,/data/disk2/home/tony/demo1/model/cheese3d_demo_model/backend/cheese3d_demo_model-houlab-2025-05-28/labeled-data/20231031_B6-B20-B21-B26-B31-B32-B33_chew_rig2_concat_R/CollectedData_houlab.h5,17,28
Q0241,1,20231031_B6-B20-B21-B26-B31-B32-B33_chew_rig2_concat_R,img135250.png,/data/disk2/home/tony/demo1/model/cheese3d_demo_model/backend/cheese3d_demo_model-houlab-2025-05-28/labeled-data/20231031_B6-B20-B21-B26-B31-B32-B33_chew_rig2_concat_R/img135250.png,/data/disk2/home/tony/demo1/model/cheese3d_demo_model/backend/cheese3d_demo_model-houlab-2025-05-28/labeled-data/20231031_B6-B20-B21-B26-B31-B32-B33_chew_rig2_concat_R/CollectedData_houlab.h5,17,28
Q0242,1,20231031_B6-B20-B21-B26-B31-B32-B33_chew_rig2_concat_R,img149401.png,/data/disk2/home/tony/demo1/model/cheese3d_demo_model/backend/cheese3d_demo_model-houlab-2025-05-28/labeled-data/20231031_B6-B20-B21-B26-B31-B32-B33_chew_rig2_concat_R/img149401.png,/data/disk2/home/tony/demo1/model/cheese3d_demo_model/backend/cheese3d_demo_model-houlab-2025-05-28/labeled-data/20231031_B6-B20-B21-B26-B31-B32-B33_chew_rig2_concat_R/CollectedData_houlab.h5,17,28
Q0243,1,20231031_B6-B20-B21-B26-B31-B32-B33_chew_rig2_concat_R,img173079.png,/data/disk2/home/tony/demo1/model/cheese3d_demo_model/backend/cheese3d_demo_model-houlab-2025-05-28/labeled-data/20231031_B6-B20-B21-B26-B31-B32-B33_chew_rig2_concat_R/img173079.png,/data/disk2/home/tony/demo1/model/cheese3d_demo_model/backend/cheese3d_demo_model-houlab-2025-05-28/labeled-data/20231031_B6-B20-B21-B26-B31-B32-B33_chew_rig2_concat_R/CollectedData_houlab.h5,16,28
Q0244,1,20231031_B6-B20-B21-B26-B31-B32-B33_chew_rig2_concat_R,img215828.png,/data/disk2/home/tony/demo1/model/cheese3d_demo_model/backend/cheese3d_demo_model-houlab-2025-05-28/labeled-data/20231031_B6-B20-B21-B26-B31-B32-B33_chew_rig2_concat_R/img215828.png,/data/disk2/home/tony/demo1/model/cheese3d_demo_model/backend/cheese3d_demo_model-houlab-2025-05-28/labeled-data/20231031_B6-B20-B21-B26-B31-B32-B33_chew_rig2_concat_R/CollectedData_houlab.h5,17,28
Q0245,1,20231031_B6-B20-B21-B26-B31-B32-B33_chew_rig2_concat_R,img216010.png,/data/disk2/home/tony/demo1/model/cheese3d_demo_model/backend/cheese3d_demo_model-houlab-2025-05-28/labeled-data/20231031_B6-B20-B21-B26-B31-B32-B33_chew_rig2_concat_R/img216010.png,/data/disk2/home/tony/demo1/model/cheese3d_demo_model/backend/cheese3d_demo_model-houlab-2025-05-28/labeled-data/20231031_B6-B20-B21-B26-B31-B32-B33_chew_rig2_concat_R/CollectedData_houlab.h5,17,28
Q0246,1,20231031_B6-B20-B21-B26-B31-B32-B33_chew_rig2_concat_R,img234254.png,/data/disk2/home/tony/demo1/model/cheese3d_demo_model/backend/cheese3d_demo_model-houlab-2025-05-28/labeled-data/20231031_B6-B20-B21-B26-B31-B32-B33_chew_rig2_concat_R/img234254.png,/data/disk2/home/tony/demo1/model/cheese3d_demo_model/backend/cheese3d_demo_model-houlab-2025-05-28/labeled-data/20231031_B6-B20-B21-B26-B31-B32-B33_chew_rig2_concat_R/CollectedData_houlab.h5,17,28
Q0247,1,20231031_B6-B20-B21-B26-B31-B32-B33_chew_rig2_concat_R,img254537.png,/data/disk2/home/tony/demo1/model/cheese3d_demo_model/backend/cheese3d_demo_model-houlab-2025-05-28/labeled-data/20231031_B6-B20-B21-B26-B31-B32-B33_chew_rig2_concat_R/img254537.png,/data/disk2/home/tony/demo1/model/cheese3d_demo_model/backend/cheese3d_demo_model-houlab-2025-05-28/labeled-data/20231031_B6-B20-B21-B26-B31-B32-B33_chew_rig2_concat_R/CollectedData_houlab.h5,17,28
Q0248,1,20231031_B6-B20-B21-B26-B31-B32-B33_chew_rig2_concat_R,img283765.png,/data/disk2/home/tony/demo1/model/cheese3d_demo_model/backend/cheese3d_demo_model-houlab-2025-05-28/labeled-data/20231031_B6-B20-B21-B26-B31-B32-B33_chew_rig2_concat_R/img283765.png,/data/disk2/home/tony/demo1/model/cheese3d_demo_model/backend/cheese3d_demo_model-houlab-2025-05-28/labeled-data/20231031_B6-B20-B21-B26-B31-B32-B33_chew_rig2_concat_R/CollectedData_houlab.h5,17,28
Q0249,1,20231031_B6-B20-B21-B26-B31-B32-B33_chew_rig2_concat_R,img307272.png,/data/disk2/home/tony/demo1/model/cheese3d_demo_model/backend/cheese3d_demo_model-houlab-2025-05-28/labeled-data/20231031_B6-B20-B21-B26-B31-B32-B33_chew_rig2_concat_R/img307272.png,/data/disk2/home/tony/demo1/model/cheese3d_demo_model/backend/cheese3d_demo_model-houlab-2025-05-28/labeled-data/20231031_B6-B20-B21-B26-B31-B32-B33_chew_rig2_concat_R/CollectedData_houlab.h5,15,28
Q0250,1,20231031_B6-B20-B21-B26-B31-B32-B33_chew_rig2_concat_R,img366060.png,/data/disk2/home/tony/demo1/model/cheese3d_demo_model/backend/cheese3d_demo_model-houlab-2025-05-28/labeled-data/20231031_B6-B20-B21-B26-B31-B32-B33_chew_rig2_concat_R/img366060.png,/data/disk2/home/tony/demo1/model/cheese3d_demo_model/backend/cheese3d_demo_model-houlab-2025-05-28/labeled-data/20231031_B6-B20-B21-B26-B31-B32-B33_chew_rig2_concat_R/CollectedData_houlab.h5,17,28
Q0251,1,20231031_B6-B20-B21-B26-B31-B32-B33_chew_rig2_concat_R,img397943.png,/data/disk2/home/tony/demo1/model/cheese3d_demo_model/backend/cheese3d_demo_model-houlab-2025-05-28/labeled-data/20231031_B6-B20-B21-B26-B31-B32-B33_chew_rig2_concat_R/img397943.png,/data/disk2/home/tony/demo1/model/cheese3d_demo_model/backend/cheese3d_demo_model-houlab-2025-05-28/labeled-data/20231031_B6-B20-B21-B26-B31-B32-B33_chew_rig2_concat_R/CollectedData_houlab.h5,17,28
Q0252,1,20231031_B6-B20-B21-B26-B31-B32-B33_chew_rig2_concat_R,img409145.png,/data/disk2/home/tony/demo1/model/cheese3d_demo_model/backend/cheese3d_demo_model-houlab-2025-05-28/labeled-data/20231031_B6-B20-B21-B26-B31-B32-B33_chew_rig2_concat_R/img409145.png,/data/disk2/home/tony/demo1/model/cheese3d_demo_model/backend/cheese3d_demo_model-houlab-2025-05-28/labeled-data/20231031_B6-B20-B21-B26-B31-B32-B33_chew_rig2_concat_R/CollectedData_houlab.h5,16,28
Q0253,1,20231031_B6-B20-B21-B26-B31-B32-B33_chew_rig2_concat_R,img439181.png,/data/disk2/home/tony/demo1/model/cheese3d_demo_model/backend/cheese3d_demo_model-houlab-2025-05-28/labeled-data/20231031_B6-B20-B21-B26-B31-B32-B33_chew_rig2_concat_R/img439181.png,/data/disk2/home/tony/demo1/model/cheese3d_demo_model/backend/cheese3d_demo_model-houlab-2025-05-28/labeled-data/20231031_B6-B20-B21-B26-B31-B32-B33_chew_rig2_concat_R/CollectedData_houlab.h5,17,28
Q0254,1,20231031_B6-B20-B21-B26-B31-B32-B33_chew_rig2_concat_R,img443681.png,/data/disk2/home/tony/demo1/model/cheese3d_demo_model/backend/cheese3d_demo_model-houlab-2025-05-28/labeled-data/20231031_B6-B20-B21-B26-B31-B32-B33_chew_rig2_concat_R/img443681.png,/data/disk2/home/tony/demo1/model/cheese3d_demo_model/backend/cheese3d_demo_model-houlab-2025-05-28/labeled-data/20231031_B6-B20-B21-B26-B31-B32-B33_chew_rig2_concat_R/CollectedData_houlab.h5,16,28
Q0255,1,20231031_B6-B20-B21-B26-B31-B32-B33_chew_rig2_concat_R,img446054.png,/data/disk2/home/tony/demo1/model/cheese3d_demo_model/backend/cheese3d_demo_model-houlab-2025-05-28/labeled-data/20231031_B6-B20-B21-B26-B31-B32-B33_chew_rig2_concat_R/img446054.png,/data/disk2/home/tony/demo1/model/cheese3d_demo_model/backend/cheese3d_demo_model-houlab-2025-05-28/labeled-data/20231031_B6-B20-B21-B26-B31-B32-B33_chew_rig2_concat_R/CollectedData_houlab.h5,16,28
Q0256,1,20231031_B6-B20-B21-B26-B31-B32-B33_chew_rig2_concat_R,img446654.png,/data/disk2/home/tony/demo1/model/cheese3d_demo_model/backend/cheese3d_demo_model-houlab-2025-05-28/labeled-data/20231031_B6-B20-B21-B26-B31-B32-B33_chew_rig2_concat_R/img446654.png,/data/disk2/home/tony/demo1/model/cheese3d_demo_model/backend/cheese3d_demo_model-houlab-2025-05-28/labeled-data/20231031_B6-B20-B21-B26-B31-B32-B33_chew_rig2_concat_R/CollectedData_houlab.h5,17,28
Q0257,1,20231031_B6-B20-B21-B26-B31-B32-B33_chew_rig2_concat_R,img456515.png,/data/disk2/home/tony/demo1/model/cheese3d_demo_model/backend/cheese3d_demo_model-houlab-2025-05-28/labeled-data/20231031_B6-B20-B21-B26-B31-B32-B33_chew_rig2_concat_R/img456515.png,/data/disk2/home/tony/demo1/model/cheese3d_demo_model/backend/cheese3d_demo_model-houlab-2025-05-28/labeled-data/20231031_B6-B20-B21-B26-B31-B32-B33_chew_rig2_concat_R/CollectedData_houlab.h5,16,28
Q0258,1,20231031_B6-B20-B21-B26-B31-B32-B33_chew_rig2_concat_R,img458770.png,/data/disk2/home/tony/demo1/model/cheese3d_demo_model/backend/cheese3d_demo_model-houlab-2025-05-28/labeled-data/20231031_B6-B20-B21-B26-B31-B32-B33_chew_rig2_concat_R/img458770.png,/data/disk2/home/tony/demo1/model/cheese3d_demo_model/backend/cheese3d_demo_model-houlab-2025-05-28/labeled-data/20231031_B6-B20-B21-B26-B31-B32-B33_chew_rig2_concat_R/CollectedData_houlab.h5,14,28
Q0259,1,20231031_B6-B20-B21-B26-B31-B32-B33_chew_rig2_concat_R,img492768.png,/data/disk2/home/tony/demo1/model/cheese3d_demo_model/backend/cheese3d_demo_model-houlab-2025-05-28/labeled-data/20231031_B6-B20-B21-B26-B31-B32-B33_chew_rig2_concat_R/img492768.png,/data/disk2/home/tony/demo1/model/cheese3d_demo_model/backend/cheese3d_demo_model-houlab-2025-05-28/labeled-data/20231031_B6-B20-B21-B26-B31-B32-B33_chew_rig2_concat_R/CollectedData_houlab.h5,16,28
Q0260,1,20231031_B6-B20-B21-B26-B31-B32-B33_chew_rig2_concat_R,img506938.png,/data/disk2/home/tony/demo1/model/cheese3d_demo_model/backend/cheese3d_demo_model-houlab-2025-05-28/labeled-data/20231031_B6-B20-B21-B26-B31-B32-B33_chew_rig2_concat_R/img506938.png,/data/disk2/home/tony/demo1/model/cheese3d_demo_model/backend/cheese3d_demo_model-houlab-2025-05-28/labeled-data/20231031_B6-B20-B21-B26-B31-B32-B33_chew_rig2_concat_R/CollectedData_houlab.h5,17,28
Q0261,1,20231031_B6-B20-B21-B26-B31-B32-B33_chew_rig2_concat_R,img507187.png,/data/disk2/home/tony/demo1/model/cheese3d_demo_model/backend/cheese3d_demo_model-houlab-2025-05-28/labeled-data/20231031_B6-B20-B21-B26-B31-B32-B33_chew_rig2_concat_R/img507187.png,/data/disk2/home/tony/demo1/model/cheese3d_demo_model/backend/cheese3d_demo_model-houlab-2025-05-28/labeled-data/20231031_B6-B20-B21-B26-B31-B32-B33_chew_rig2_concat_R/CollectedData_houlab.h5,16,28
Q0262,1,20231031_B6-B20-B21-B26-B31-B32-B33_chew_rig2_concat_R,img514946.png,/data/disk2/home/tony/demo1/model/cheese3d_demo_model/backend/cheese3d_demo_model-houlab-2025-05-28/labeled-data/20231031_B6-B20-B21-B26-B31-B32-B33_chew_rig2_concat_R/img514946.png,/data/disk2/home/tony/demo1/model/cheese3d_demo_model/backend/cheese3d_demo_model-houlab-2025-05-28/labeled-data/20231031_B6-B20-B21-B26-B31-B32-B33_chew_rig2_concat_R/CollectedData_houlab.h5,16,28
Q0263,1,20231031_B6-B20-B21-B26-B31-B32-B33_chew_rig2_concat_R,img542758.png,/data/disk2/home/tony/demo1/model/cheese3d_demo_model/backend/cheese3d_demo_model-houlab-2025-05-28/labeled-data/20231031_B6-B20-B21-B26-B31-B32-B33_chew_rig2_concat_R/img542758.png,/data/disk2/home/tony/demo1/model/cheese3d_demo_model/backend/cheese3d_demo_model-houlab-2025-05-28/labeled-data/20231031_B6-B20-B21-B26-B31-B32-B33_chew_rig2_concat_R/CollectedData_houlab.h5,17,28
Q0264,1,20231031_B6-B20-B21-B26-B31-B32-B33_chew_rig2_concat_R,img549656.png,/data/disk2/home/tony/demo1/model/cheese3d_demo_model/backend/cheese3d_demo_model-houlab-2025-05-28/labeled-data/20231031_B6-B20-B21-B26-B31-B32-B33_chew_rig2_concat_R/img549656.png,/data/disk2/home/tony/demo1/model/cheese3d_demo_model/backend/cheese3d_demo_model-houlab-2025-05-28/labeled-data/20231031_B6-B20-B21-B26-B31-B32-B33_chew_rig2_concat_R/CollectedData_houlab.h5,16,28
Q0265,1,20231031_B6-B20-B21-B26-B31-B32-B33_chew_rig2_concat_R,img552587.png,/data/disk2/home/tony/demo1/model/cheese3d_demo_model/backend/cheese3d_demo_model-houlab-2025-05-28/labeled-data/20231031_B6-B20-B21-B26-B31-B32-B33_chew_rig2_concat_R/img552587.png,/data/disk2/home/tony/demo1/model/cheese3d_demo_model/backend/cheese3d_demo_model-houlab-2025-05-28/labeled-data/20231031_B6-B20-B21-B26-B31-B32-B33_chew_rig2_concat_R/CollectedData_houlab.h5,17,28
Q0266,1,20231031_B6-B20-B21-B26-B31-B32-B33_chew_rig2_concat_R,img587240.png,/data/disk2/home/tony/demo1/model/cheese3d_demo_model/backend/cheese3d_demo_model-houlab-2025-05-28/labeled-data/20231031_B6-B20-B21-B26-B31-B32-B33_chew_rig2_concat_R/img587240.png,/data/disk2/home/tony/demo1/model/cheese3d_demo_model/backend/cheese3d_demo_model-houlab-2025-05-28/labeled-data/20231031_B6-B20-B21-B26-B31-B32-B33_chew_rig2_concat_R/CollectedData_houlab.h5,17,28
Q0267,1,20231031_B6-B20-B21-B26-B31-B32-B33_chew_rig2_concat_R,img605237.png,/data/disk2/home/tony/demo1/model/cheese3d_demo_model/backend/cheese3d_demo_model-houlab-2025-05-28/labeled-data/20231031_B6-B20-B21-B26-B31-B32-B33_chew_rig2_concat_R/img605237.png,/data/disk2/home/tony/demo1/model/cheese3d_demo_model/backend/cheese3d_demo_model-houlab-2025-05-28/labeled-data/20231031_B6-B20-B21-B26-B31-B32-B33_chew_rig2_concat_R/CollectedData_houlab.h5,16,28
Q0268,1,20231031_B6-B20-B21-B26-B31-B32-B33_chew_rig2_concat_R,img621436.png,/data/disk2/home/tony/demo1/model/cheese3d_demo_model/backend/cheese3d_demo_model-houlab-2025-05-28/labeled-data/20231031_B6-B20-B21-B26-B31-B32-B33_chew_rig2_concat_R/img621436.png,/data/disk2/home/tony/demo1/model/cheese3d_demo_model/backend/cheese3d_demo_model-houlab-2025-05-28/labeled-data/20231031_B6-B20-B21-B26-B31-B32-B33_chew_rig2_concat_R/CollectedData_houlab.h5,17,28
Q0269,1,20231031_B6-B20-B21-B26-B31-B32-B33_chew_rig2_concat_R,img634984.png,/data/disk2/home/tony/demo1/model/cheese3d_demo_model/backend/cheese3d_demo_model-houlab-2025-05-28/labeled-data/20231031_B6-B20-B21-B26-B31-B32-B33_chew_rig2_concat_R/img634984.png,/data/disk2/home/tony/demo1/model/cheese3d_demo_model/backend/cheese3d_demo_model-houlab-2025-05-28/labeled-data/20231031_B6-B20-B21-B26-B31-B32-B33_chew_rig2_concat_R/CollectedData_houlab.h5,17,28
Q0270,1,20231031_B6-B20-B21-B26-B31-B32-B33_chew_rig2_concat_R,img668938.png,/data/disk2/home/tony/demo1/model/cheese3d_demo_model/backend/cheese3d_demo_model-houlab-2025-05-28/labeled-data/20231031_B6-B20-B21-B26-B31-B32-B33_chew_rig2_concat_R/img668938.png,/data/disk2/home/tony/demo1/model/cheese3d_demo_model/backend/cheese3d_demo_model-houlab-2025-05-28/labeled-data/20231031_B6-B20-B21-B26-B31-B32-B33_chew_rig2_concat_R/CollectedData_houlab.h5,17,28
Q0271,1,20231031_B6-B20-B21-B26-B31-B32-B33_chew_rig2_concat_R,img669015.png,/data/disk2/home/tony/demo1/model/cheese3d_demo_model/backend/cheese3d_demo_model-houlab-2025-05-28/labeled-data/20231031_B6-B20-B21-B26-B31-B32-B33_chew_rig2_concat_R/img669015.png,/data/disk2/home/tony/demo1/model/cheese3d_demo_model/backend/cheese3d_demo_model-houlab-2025-05-28/labeled-data/20231031_B6-B20-B21-B26-B31-B32-B33_chew_rig2_concat_R/CollectedData_houlab.h5,17,28
Q0272,1,20231031_B6-B20-B21-B26-B31-B32-B33_chew_rig2_concat_R,img674847.png,/data/disk2/home/tony/demo1/model/cheese3d_demo_model/backend/cheese3d_demo_model-houlab-2025-05-28/labeled-data/20231031_B6-B20-B21-B26-B31-B32-B33_chew_rig2_concat_R/img674847.png,/data/disk2/home/tony/demo1/model/cheese3d_demo_model/backend/cheese3d_demo_model-houlab-2025-05-28/labeled-data/20231031_B6-B20-B21-B26-B31-B32-B33_chew_rig2_concat_R/CollectedData_houlab.h5,16,28
Q0273,1,20231031_B6-B20-B21-B26-B31-B32-B33_chew_rig2_concat_R,img702725.png,/data/disk2/home/tony/demo1/model/cheese3d_demo_model/backend/cheese3d_demo_model-houlab-2025-05-28/labeled-data/20231031_B6-B20-B21-B26-B31-B32-B33_chew_rig2_concat_R/img702725.png,/data/disk2/home/tony/demo1/model/cheese3d_demo_model/backend/cheese3d_demo_model-houlab-2025-05-28/labeled-data/20231031_B6-B20-B21-B26-B31-B32-B33_chew_rig2_concat_R/CollectedData_houlab.h5,17,28
Q0274,1,20231031_B6-B20-B21-B26-B31-B32-B33_chew_rig2_concat_R,img705277.png,/data/disk2/home/tony/demo1/model/cheese3d_demo_model/backend/cheese3d_demo_model-houlab-2025-05-28/labeled-data/20231031_B6-B20-B21-B26-B31-B32-B33_chew_rig2_concat_R/img705277.png,/data/disk2/home/tony/demo1/model/cheese3d_demo_model/backend/cheese3d_demo_model-houlab-2025-05-28/labeled-data/20231031_B6-B20-B21-B26-B31-B32-B33_chew_rig2_concat_R/CollectedData_houlab.h5,17,28
Q0275,1,20231031_B6-B20-B21-B26-B31-B32-B33_chew_rig2_concat_R,img726351.png,/data/disk2/home/tony/demo1/model/cheese3d_demo_model/backend/cheese3d_demo_model-houlab-2025-05-28/labeled-data/20231031_B6-B20-B21-B26-B31-B32-B33_chew_rig2_concat_R/img726351.png,/data/disk2/home/tony/demo1/model/cheese3d_demo_model/backend/cheese3d_demo_model-houlab-2025-05-28/labeled-data/20231031_B6-B20-B21-B26-B31-B32-B33_chew_rig2_concat_R/CollectedData_houlab.h5,17,28
Q0276,1,20231031_B6-B20-B21-B26-B31-B32-B33_chew_rig2_concat_R,img728758.png,/data/disk2/home/tony/demo1/model/cheese3d_demo_model/backend/cheese3d_demo_model-houlab-2025-05-28/labeled-data/20231031_B6-B20-B21-B26-B31-B32-B33_chew_rig2_concat_R/img728758.png,/data/disk2/home/tony/demo1/model/cheese3d_demo_model/backend/cheese3d_demo_model-houlab-2025-05-28/labeled-data/20231031_B6-B20-B21-B26-B31-B32-B33_chew_rig2_concat_R/CollectedData_houlab.h5,17,28
Q0277,1,20231031_B6-B20-B21-B26-B31-B32-B33_chew_rig2_concat_R,img733414.png,/data/disk2/home/tony/demo1/model/cheese3d_demo_model/backend/cheese3d_demo_model-houlab-2025-05-28/labeled-data/20231031_B6-B20-B21-B26-B31-B32-B33_chew_rig2_concat_R/img733414.png,/data/disk2/home/tony/demo1/model/cheese3d_demo_model/backend/cheese3d_demo_model-houlab-2025-05-28/labeled-data/20231031_B6-B20-B21-B26-B31-B32-B33_chew_rig2_concat_R/CollectedData_houlab.h5,14,28
Q0278,1,20231031_B6-B20-B21-B26-B31-B32-B33_chew_rig2_concat_R,img782742.png,/data/disk2/home/tony/demo1/model/cheese3d_demo_model/backend/cheese3d_demo_model-houlab-2025-05-28/labeled-data/20231031_B6-B20-B21-B26-B31-B32-B33_chew_rig2_concat_R/img782742.png,/data/disk2/home/tony/demo1/model/cheese3d_demo_model/backend/cheese3d_demo_model-houlab-2025-05-28/labeled-data/20231031_B6-B20-B21-B26-B31-B32-B33_chew_rig2_concat_R/CollectedData_houlab.h5,16,28
Q0279,1,20231031_B6-B20-B21-B26-B31-B32-B33_chew_rig2_concat_R,img827333.png,/data/disk2/home/tony/demo1/model/cheese3d_demo_model/backend/cheese3d_demo_model-houlab-2025-05-28/labeled-data/20231031_B6-B20-B21-B26-B31-B32-B33_chew_rig2_concat_R/img827333.png,/data/disk2/home/tony/demo1/model/cheese3d_demo_model/backend/cheese3d_demo_model-houlab-2025-05-28/labeled-data/20231031_B6-B20-B21-B26-B31-B32-B33_chew_rig2_concat_R/CollectedData_houlab.h5,17,28
Q0280,1,20231031_B6-B20-B21-B26-B31-B32-B33_chew_rig2_concat_R,img833633.png,/data/disk2/home/tony/demo1/model/cheese3d_demo_model/backend/cheese3d_demo_model-houlab-2025-05-28/labeled-data/20231031_B6-B20-B21-B26-B31-B32-B33_chew_rig2_concat_R/img833633.png,/data/disk2/home/tony/demo1/model/cheese3d_demo_model/backend/cheese3d_demo_model-houlab-2025-05-28/labeled-data/20231031_B6-B20-B21-B26-B31-B32-B33_chew_rig2_concat_R/CollectedData_houlab.h5,16,28
Q0281,1,20231031_B6-B20-B21-B26-B31-B32-B33_chew_rig2_concat_R,img835764.png,/data/disk2/home/tony/demo1/model/cheese3d_demo_model/backend/cheese3d_demo_model-houlab-2025-05-28/labeled-data/20231031_B6-B20-B21-B26-B31-B32-B33_chew_rig2_concat_R/img835764.png,/data/disk2/home/tony/demo1/model/cheese3d_demo_model/backend/cheese3d_demo_model-houlab-2025-05-28/labeled-data/20231031_B6-B20-B21-B26-B31-B32-B33_chew_rig2_concat_R/CollectedData_houlab.h5,15,28
Q0282,1,20231031_B6-B20-B21-B26-B31-B32-B33_chew_rig2_concat_TC,img005384.png,/data/disk2/home/tony/demo1/model/cheese3d_demo_model/backend/cheese3d_demo_model-houlab-2025-05-28/labeled-data/20231031_B6-B20-B21-B26-B31-B32-B33_chew_rig2_concat_TC/img005384.png,/data/disk2/home/tony/demo1/model/cheese3d_demo_model/backend/cheese3d_demo_model-houlab-2025-05-28/labeled-data/20231031_B6-B20-B21-B26-B31-B32-B33_chew_rig2_concat_TC/CollectedData_houlab.h5,10,28
Q0283,1,20231031_B6-B20-B21-B26-B31-B32-B33_chew_rig2_concat_TC,img035701.png,/data/disk2/home/tony/demo1/model/cheese3d_demo_model/backend/cheese3d_demo_model-houlab-2025-05-28/labeled-data/20231031_B6-B20-B21-B26-B31-B32-B33_chew_rig2_concat_TC/img035701.png,/data/disk2/home/tony/demo1/model/cheese3d_demo_model/backend/cheese3d_demo_model-houlab-2025-05-28/labeled-data/20231031_B6-B20-B21-B26-B31-B32-B33_chew_rig2_concat_TC/CollectedData_houlab.h5,10,28
Q0284,1,20231031_B6-B20-B21-B26-B31-B32-B33_chew_rig2_concat_TC,img046736.png,/data/disk2/home/tony/demo1/model/cheese3d_demo_model/backend/cheese3d_demo_model-houlab-2025-05-28/labeled-data/20231031_B6-B20-B21-B26-B31-B32-B33_chew_rig2_concat_TC/img046736.png,/data/disk2/home/tony/demo1/model/cheese3d_demo_model/backend/cheese3d_demo_model-houlab-2025-05-28/labeled-data/20231031_B6-B20-B21-B26-B31-B32-B33_chew_rig2_concat_TC/CollectedData_houlab.h5,10,28
Q0285,1,20231031_B6-B20-B21-B26-B31-B32-B33_chew_rig2_concat_TC,img048791.png,/data/disk2/home/tony/demo1/model/cheese3d_demo_model/backend/cheese3d_demo_model-houlab-2025-05-28/labeled-data/20231031_B6-B20-B21-B26-B31-B32-B33_chew_rig2_concat_TC/img048791.png,/data/disk2/home/tony/demo1/model/cheese3d_demo_model/backend/cheese3d_demo_model-houlab-2025-05-28/labeled-data/20231031_B6-B20-B21-B26-B31-B32-B33_chew_rig2_concat_TC/CollectedData_houlab.h5,10,28
Q0286,1,20231031_B6-B20-B21-B26-B31-B32-B33_chew_rig2_concat_TC,img057681.png,/data/disk2/home/tony/demo1/model/cheese3d_demo_model/backend/cheese3d_demo_model-houlab-2025-05-28/labeled-data/20231031_B6-B20-B21-B26-B31-B32-B33_chew_rig2_concat_TC/img057681.png,/data/disk2/home/tony/demo1/model/cheese3d_demo_model/backend/cheese3d_demo_model-houlab-2025-05-28/labeled-data/20231031_B6-B20-B21-B26-B31-B32-B33_chew_rig2_concat_TC/CollectedData_houlab.h5,10,28
Q0287,1,20231031_B6-B20-B21-B26-B31-B32-B33_chew_rig2_concat_TC,img099776.png,/data/disk2/home/tony/demo1/model/cheese3d_demo_model/backend/cheese3d_demo_model-houlab-2025-05-28/labeled-data/20231031_B6-B20-B21-B26-B31-B32-B33_chew_rig2_concat_TC/img099776.png,/data/disk2/home/tony/demo1/model/cheese3d_demo_model/backend/cheese3d_demo_model-houlab-2025-05-28/labeled-data/20231031_B6-B20-B21-B26-B31-B32-B33_chew_rig2_concat_TC/CollectedData_houlab.h5,10,28
Q0288,1,20231031_B6-B20-B21-B26-B31-B32-B33_chew_rig2_concat_TC,img106661.png,/data/disk2/home/tony/demo1/model/cheese3d_demo_model/backend/cheese3d_demo_model-houlab-2025-05-28/labeled-data/20231031_B6-B20-B21-B26-B31-B32-B33_chew_rig2_concat_TC/img106661.png,/data/disk2/home/tony/demo1/model/cheese3d_demo_model/backend/cheese3d_demo_model-houlab-2025-05-28/labeled-data/20231031_B6-B20-B21-B26-B31-B32-B33_chew_rig2_concat_TC/CollectedData_houlab.h5,10,28
Q0289,1,20231031_B6-B20-B21-B26-B31-B32-B33_chew_rig2_concat_TC,img147413.png,/data/disk2/home/tony/demo1/model/cheese3d_demo_model/backend/cheese3d_demo_model-houlab-2025-05-28/labeled-data/20231031_B6-B20-B21-B26-B31-B32-B33_chew_rig2_concat_TC/img147413.png,/data/disk2/home/tony/demo1/model/cheese3d_demo_model/backend/cheese3d_demo_model-houlab-2025-05-28/labeled-data/20231031_B6-B20-B21-B26-B31-B32-B33_chew_rig2_concat_TC/CollectedData_houlab.h5,10,28
Q0290,1,20231031_B6-B20-B21-B26-B31-B32-B33_chew_rig2_concat_TC,img223002.png,/data/disk2/home/tony/demo1/model/cheese3d_demo_model/backend/cheese3d_demo_model-houlab-2025-05-28/labeled-data/20231031_B6-B20-B21-B26-B31-B32-B33_chew_rig2_concat_TC/img223002.png,/data/disk2/home/tony/demo1/model/cheese3d_demo_model/backend/cheese3d_demo_model-houlab-2025-05-28/labeled-data/20231031_B6-B20-B21-B26-B31-B32-B33_chew_rig2_concat_TC/CollectedData_houlab.h5,10,28
Q0291,1,20231031_B6-B20-B21-B26-B31-B32-B33_chew_rig2_concat_TC,img223249.png,/data/disk2/home/tony/demo1/model/cheese3d_demo_model/backend/cheese3d_demo_model-houlab-2025-05-28/labeled-data/20231031_B6-B20-B21-B26-B31-B32-B33_chew_rig2_concat_TC/img223249.png,/data/disk2/home/tony/demo1/model/cheese3d_demo_model/backend/cheese3d_demo_model-houlab-2025-05-28/labeled-data/20231031_B6-B20-B21-B26-B31-B32-B33_chew_rig2_concat_TC/CollectedData_houlab.h5,10,28
Q0292,1,20231031_B6-B20-B21-B26-B31-B32-B33_chew_rig2_concat_TC,img259906.png,/data/disk2/home/tony/demo1/model/cheese3d_demo_model/backend/cheese3d_demo_model-houlab-2025-05-28/labeled-data/20231031_B6-B20-B21-B26-B31-B32-B33_chew_rig2_concat_TC/img259906.png,/data/disk2/home/tony/demo1/model/cheese3d_demo_model/backend/cheese3d_demo_model-houlab-2025-05-28/labeled-data/20231031_B6-B20-B21-B26-B31-B32-B33_chew_rig2_concat_TC/CollectedData_houlab.h5,10,28
Q0293,1,20231031_B6-B20-B21-B26-B31-B32-B33_chew_rig2_concat_TC,img300045.png,/data/disk2/home/tony/demo1/model/cheese3d_demo_model/backend/cheese3d_demo_model-houlab-2025-05-28/labeled-data/20231031_B6-B20-B21-B26-B31-B32-B33_chew_rig2_concat_TC/img300045.png,/data/disk2/home/tony/demo1/model/cheese3d_demo_model/backend/cheese3d_demo_model-houlab-2025-05-28/labeled-data/20231031_B6-B20-B21-B26-B31-B32-B33_chew_rig2_concat_TC/CollectedData_houlab.h5,10,28
Q0294,1,20231031_B6-B20-B21-B26-B31-B32-B33_chew_rig2_concat_TC,img318269.png,/data/disk2/home/tony/demo1/model/cheese3d_demo_model/backend/cheese3d_demo_model-houlab-2025-05-28/labeled-data/20231031_B6-B20-B21-B26-B31-B32-B33_chew_rig2_concat_TC/img318269.png,/data/disk2/home/tony/demo1/model/cheese3d_demo_model/backend/cheese3d_demo_model-houlab-2025-05-28/labeled-data/20231031_B6-B20-B21-B26-B31-B32-B33_chew_rig2_concat_TC/CollectedData_houlab.h5,10,28
Q0295,1,20231031_B6-B20-B21-B26-B31-B32-B33_chew_rig2_concat_TC,img354119.png,/data/disk2/home/tony/demo1/model/cheese3d_demo_model/backend/cheese3d_demo_model-houlab-2025-05-28/labeled-data/20231031_B6-B20-B21-B26-B31-B32-B33_chew_rig2_concat_TC/img354119.png,/data/disk2/home/tony/demo1/model/cheese3d_demo_model/backend/cheese3d_demo_model-houlab-2025-05-28/labeled-data/20231031_B6-B20-B21-B26-B31-B32-B33_chew_rig2_concat_TC/CollectedData_houlab.h5,10,28
Q0296,1,20231031_B6-B20-B21-B26-B31-B32-B33_chew_rig2_concat_TC,img375843.png,/data/disk2/home/tony/demo1/model/cheese3d_demo_model/backend/cheese3d_demo_model-houlab-2025-05-28/labeled-data/20231031_B6-B20-B21-B26-B31-B32-B33_chew_rig2_concat_TC/img375843.png,/data/disk2/home/tony/demo1/model/cheese3d_demo_model/backend/cheese3d_demo_model-houlab-2025-05-28/labeled-data/20231031_B6-B20-B21-B26-B31-B32-B33_chew_rig2_concat_TC/CollectedData_houlab.h5,10,28
Q0297,1,20231031_B6-B20-B21-B26-B31-B32-B33_chew_rig2_concat_TC,img418622.png,/data/disk2/home/tony/demo1/model/cheese3d_demo_model/backend/cheese3d_demo_model-houlab-2025-05-28/labeled-data/20231031_B6-B20-B21-B26-B31-B32-B33_chew_rig2_concat_TC/img418622.png,/data/disk2/home/tony/demo1/model/cheese3d_demo_model/backend/cheese3d_demo_model-houlab-2025-05-28/labeled-data/20231031_B6-B20-B21-B26-B31-B32-B33_chew_rig2_concat_TC/CollectedData_houlab.h5,10,28
Q0298,1,20231031_B6-B20-B21-B26-B31-B32-B33_chew_rig2_concat_TC,img436262.png,/data/disk2/home/tony/demo1/model/cheese3d_demo_model/backend/cheese3d_demo_model-houlab-2025-05-28/labeled-data/20231031_B6-B20-B21-B26-B31-B32-B33_chew_rig2_concat_TC/img436262.png,/data/disk2/home/tony/demo1/model/cheese3d_demo_model/backend/cheese3d_demo_model-houlab-2025-05-28/labeled-data/20231031_B6-B20-B21-B26-B31-B32-B33_chew_rig2_concat_TC/CollectedData_houlab.h5,10,28
Q0299,1,20231031_B6-B20-B21-B26-B31-B32-B33_chew_rig2_concat_TC,img455561.png,/data/disk2/home/tony/demo1/model/cheese3d_demo_model/backend/cheese3d_demo_model-houlab-2025-05-28/labeled-data/20231031_B6-B20-B21-B26-B31-B32-B33_chew_rig2_concat_TC/img455561.png,/data/disk2/home/tony/demo1/model/cheese3d_demo_model/backend/cheese3d_demo_model-houlab-2025-05-28/labeled-data/20231031_B6-B20-B21-B26-B31-B32-B33_chew_rig2_concat_TC/CollectedData_houlab.h5,10,28
Q0300,1,20231031_B6-B20-B21-B26-B31-B32-B33_chew_rig2_concat_TC,img470483.png,/data/disk2/home/tony/demo1/model/cheese3d_demo_model/backend/cheese3d_demo_model-houlab-2025-05-28/labeled-data/20231031_B6-B20-B21-B26-B31-B32-B33_chew_rig2_concat_TC/img470483.png,/data/disk2/home/tony/demo1/model/cheese3d_demo_model/backend/cheese3d_demo_model-houlab-2025-05-28/labeled-data/20231031_B6-B20-B21-B26-B31-B32-B33_chew_rig2_concat_TC/CollectedData_houlab.h5,10,28
Q0301,1,20231031_B6-B20-B21-B26-B31-B32-B33_chew_rig2_concat_TC,img515003.png,/data/disk2/home/tony/demo1/model/cheese3d_demo_model/backend/cheese3d_demo_model-houlab-2025-05-28/labeled-data/20231031_B6-B20-B21-B26-B31-B32-B33_chew_rig2_concat_TC/img515003.png,/data/disk2/home/tony/demo1/model/cheese3d_demo_model/backend/cheese3d_demo_model-houlab-2025-05-28/labeled-data/20231031_B6-B20-B21-B26-B31-B32-B33_chew_rig2_concat_TC/CollectedData_houlab.h5,10,28
Q0302,1,20231031_B6-B20-B21-B26-B31-B32-B33_chew_rig2_concat_TC,img534518.png,/data/disk2/home/tony/demo1/model/cheese3d_demo_model/backend/cheese3d_demo_model-houlab-2025-05-28/labeled-data/20231031_B6-B20-B21-B26-B31-B32-B33_chew_rig2_concat_TC/img534518.png,/data/disk2/home/tony/demo1/model/cheese3d_demo_model/backend/cheese3d_demo_model-houlab-2025-05-28/labeled-data/20231031_B6-B20-B21-B26-B31-B32-B33_chew_rig2_concat_TC/CollectedData_houlab.h5,10,28
Q0303,1,20231031_B6-B20-B21-B26-B31-B32-B33_chew_rig2_concat_TC,img544620.png,/data/disk2/home/tony/demo1/model/cheese3d_demo_model/backend/cheese3d_demo_model-houlab-2025-05-28/labeled-data/20231031_B6-B20-B21-B26-B31-B32-B33_chew_rig2_concat_TC/img544620.png,/data/disk2/home/tony/demo1/model/cheese3d_demo_model/backend/cheese3d_demo_model-houlab-2025-05-28/labeled-data/20231031_B6-B20-B21-B26-B31-B32-B33_chew_rig2_concat_TC/CollectedData_houlab.h5,10,28
Q0304,1,20231031_B6-B20-B21-B26-B31-B32-B33_chew_rig2_concat_TC,img559669.png,/data/disk2/home/tony/demo1/model/cheese3d_demo_model/backend/cheese3d_demo_model-houlab-2025-05-28/labeled-data/20231031_B6-B20-B21-B26-B31-B32-B33_chew_rig2_concat_TC/img559669.png,/data/disk2/home/tony/demo1/model/cheese3d_demo_model/backend/cheese3d_demo_model-houlab-2025-05-28/labeled-data/20231031_B6-B20-B21-B26-B31-B32-B33_chew_rig2_concat_TC/CollectedData_houlab.h5,10,28
Q0305,1,20231031_B6-B20-B21-B26-B31-B32-B33_chew_rig2_concat_TC,img623533.png,/data/disk2/home/tony/demo1/model/cheese3d_demo_model/backend/cheese3d_demo_model-houlab-2025-05-28/labeled-data/20231031_B6-B20-B21-B26-B31-B32-B33_chew_rig2_concat_TC/img623533.png,/data/disk2/home/tony/demo1/model/cheese3d_demo_model/backend/cheese3d_demo_model-houlab-2025-05-28/labeled-data/20231031_B6-B20-B21-B26-B31-B32-B33_chew_rig2_concat_TC/CollectedData_houlab.h5,10,28
Q0306,1,20231031_B6-B20-B21-B26-B31-B32-B33_chew_rig2_concat_TC,img654153.png,/data/disk2/home/tony/demo1/model/cheese3d_demo_model/backend/cheese3d_demo_model-houlab-2025-05-28/labeled-data/20231031_B6-B20-B21-B26-B31-B32-B33_chew_rig2_concat_TC/img654153.png,/data/disk2/home/tony/demo1/model/cheese3d_demo_model/backend/cheese3d_demo_model-houlab-2025-05-28/labeled-data/20231031_B6-B20-B21-B26-B31-B32-B33_chew_rig2_concat_TC/CollectedData_houlab.h5,10,28
Q0307,1,20231031_B6-B20-B21-B26-B31-B32-B33_chew_rig2_concat_TC,img675611.png,/data/disk2/home/tony/demo1/model/cheese3d_demo_model/backend/cheese3d_demo_model-houlab-2025-05-28/labeled-data/20231031_B6-B20-B21-B26-B31-B32-B33_chew_rig2_concat_TC/img675611.png,/data/disk2/home/tony/demo1/model/cheese3d_demo_model/backend/cheese3d_demo_model-houlab-2025-05-28/labeled-data/20231031_B6-B20-B21-B26-B31-B32-B33_chew_rig2_concat_TC/CollectedData_houlab.h5,10,28
Q0308,1,20231031_B6-B20-B21-B26-B31-B32-B33_chew_rig2_concat_TC,img679188.png,/data/disk2/home/tony/demo1/model/cheese3d_demo_model/backend/cheese3d_demo_model-houlab-2025-05-28/labeled-data/20231031_B6-B20-B21-B26-B31-B32-B33_chew_rig2_concat_TC/img679188.png,/data/disk2/home/tony/demo1/model/cheese3d_demo_model/backend/cheese3d_demo_model-houlab-2025-05-28/labeled-data/20231031_B6-B20-B21-B26-B31-B32-B33_chew_rig2_concat_TC/CollectedData_houlab.h5,10,28
Q0309,1,20231031_B6-B20-B21-B26-B31-B32-B33_chew_rig2_concat_TC,img755945.png,/data/disk2/home/tony/demo1/model/cheese3d_demo_model/backend/cheese3d_demo_model-houlab-2025-05-28/labeled-data/20231031_B6-B20-B21-B26-B31-B32-B33_chew_rig2_concat_TC/img755945.png,/data/disk2/home/tony/demo1/model/cheese3d_demo_model/backend/cheese3d_demo_model-houlab-2025-05-28/labeled-data/20231031_B6-B20-B21-B26-B31-B32-B33_chew_rig2_concat_TC/CollectedData_houlab.h5,10,28
Q0310,1,20231031_B6-B20-B21-B26-B31-B32-B33_chew_rig2_concat_TC,img755976.png,/data/disk2/home/tony/demo1/model/cheese3d_demo_model/backend/cheese3d_demo_model-houlab-2025-05-28/labeled-data/20231031_B6-B20-B21-B26-B31-B32-B33_chew_rig2_concat_TC/img755976.png,/data/disk2/home/tony/demo1/model/cheese3d_demo_model/backend/cheese3d_demo_model-houlab-2025-05-28/labeled-data/20231031_B6-B20-B21-B26-B31-B32-B33_chew_rig2_concat_TC/CollectedData_houlab.h5,10,28
Q0311,1,20231031_B6-B20-B21-B26-B31-B32-B33_chew_rig2_concat_TC,img812254.png,/data/disk2/home/tony/demo1/model/cheese3d_demo_model/backend/cheese3d_demo_model-houlab-2025-05-28/labeled-data/20231031_B6-B20-B21-B26-B31-B32-B33_chew_rig2_concat_TC/img812254.png,/data/disk2/home/tony/demo1/model/cheese3d_demo_model/backend/cheese3d_demo_model-houlab-2025-05-28/labeled-data/20231031_B6-B20-B21-B26-B31-B32-B33_chew_rig2_concat_TC/CollectedData_houlab.h5,10,28
Q0312,1,20231031_B6-B20-B21-B26-B31-B32-B33_chew_rig2_concat_TL,img011973.png,/data/disk2/home/tony/demo1/model/cheese3d_demo_model/backend/cheese3d_demo_model-houlab-2025-05-28/labeled-data/20231031_B6-B20-B21-B26-B31-B32-B33_chew_rig2_concat_TL/img011973.png,/data/disk2/home/tony/demo1/model/cheese3d_demo_model/backend/cheese3d_demo_model-houlab-2025-05-28/labeled-data/20231031_B6-B20-B21-B26-B31-B32-B33_chew_rig2_concat_TL/CollectedData_houlab.h5,12,28
Q0313,1,20231031_B6-B20-B21-B26-B31-B32-B33_chew_rig2_concat_TL,img017417.png,/data/disk2/home/tony/demo1/model/cheese3d_demo_model/backend/cheese3d_demo_model-houlab-2025-05-28/labeled-data/20231031_B6-B20-B21-B26-B31-B32-B33_chew_rig2_concat_TL/img017417.png,/data/disk2/home/tony/demo1/model/cheese3d_demo_model/backend/cheese3d_demo_model-houlab-2025-05-28/labeled-data/20231031_B6-B20-B21-B26-B31-B32-B33_chew_rig2_concat_TL/CollectedData_houlab.h5,12,28
Q0314,1,20231031_B6-B20-B21-B26-B31-B32-B33_chew_rig2_concat_TL,img057345.png,/data/disk2/home/tony/demo1/model/cheese3d_demo_model/backend/cheese3d_demo_model-houlab-2025-05-28/labeled-data/20231031_B6-B20-B21-B26-B31-B32-B33_chew_rig2_concat_TL/img057345.png,/data/disk2/home/tony/demo1/model/cheese3d_demo_model/backend/cheese3d_demo_model-houlab-2025-05-28/labeled-data/20231031_B6-B20-B21-B26-B31-B32-B33_chew_rig2_concat_TL/CollectedData_houlab.h5,8,28
Q0315,1,20231031_B6-B20-B21-B26-B31-B32-B33_chew_rig2_concat_TL,img057366.png,/data/disk2/home/tony/demo1/model/cheese3d_demo_model/backend/cheese3d_demo_model-houlab-2025-05-28/labeled-data/20231031_B6-B20-B21-B26-B31-B32-B33_chew_rig2_concat_TL/img057366.png,/data/disk2/home/tony/demo1/model/cheese3d_demo_model/backend/cheese3d_demo_model-houlab-2025-05-28/labeled-data/20231031_B6-B20-B21-B26-B31-B32-B33_chew_rig2_concat_TL/CollectedData_houlab.h5,10,28
Q0316,1,20231031_B6-B20-B21-B26-B31-B32-B33_chew_rig2_concat_TL,img065797.png,/data/disk2/home/tony/demo1/model/cheese3d_demo_model/backend/cheese3d_demo_model-houlab-2025-05-28/labeled-data/20231031_B6-B20-B21-B26-B31-B32-B33_chew_rig2_concat_TL/img065797.png,/data/disk2/home/tony/demo1/model/cheese3d_demo_model/backend/cheese3d_demo_model-houlab-2025-05-28/labeled-data/20231031_B6-B20-B21-B26-B31-B32-B33_chew_rig2_concat_TL/CollectedData_houlab.h5,12,28
Q0317,1,20231031_B6-B20-B21-B26-B31-B32-B33_chew_rig2_concat_TL,img099151.png,/data/disk2/home/tony/demo1/model/cheese3d_demo_model/backend/cheese3d_demo_model-houlab-2025-05-28/labeled-data/20231031_B6-B20-B21-B26-B31-B32-B33_chew_rig2_concat_TL/img099151.png,/data/disk2/home/tony/demo1/model/cheese3d_demo_model/backend/cheese3d_demo_model-houlab-2025-05-28/labeled-data/20231031_B6-B20-B21-B26-B31-B32-B33_chew_rig2_concat_TL/CollectedData_houlab.h5,10,28
Q0318,1,20231031_B6-B20-B21-B26-B31-B32-B33_chew_rig2_concat_TL,img099248.png,/data/disk2/home/tony/demo1/model/cheese3d_demo_model/backend/cheese3d_demo_model-houlab-2025-05-28/labeled-data/20231031_B6-B20-B21-B26-B31-B32-B33_chew_rig2_concat_TL/img099248.png,/data/disk2/home/tony/demo1/model/cheese3d_demo_model/backend/cheese3d_demo_model-houlab-2025-05-28/labeled-data/20231031_B6-B20-B21-B26-B31-B32-B33_chew_rig2_concat_TL/CollectedData_houlab.h5,10,28
Q0319,1,20231031_B6-B20-B21-B26-B31-B32-B33_chew_rig2_concat_TL,img099575.png,/data/disk2/home/tony/demo1/model/cheese3d_demo_model/backend/cheese3d_demo_model-houlab-2025-05-28/labeled-data/20231031_B6-B20-B21-B26-B31-B32-B33_chew_rig2_concat_TL/img099575.png,/data/disk2/home/tony/demo1/model/cheese3d_demo_model/backend/cheese3d_demo_model-houlab-2025-05-28/labeled-data/20231031_B6-B20-B21-B26-B31-B32-B33_chew_rig2_concat_TL/CollectedData_houlab.h5,10,28
Q0320,1,20231031_B6-B20-B21-B26-B31-B32-B33_chew_rig2_concat_TL,img154396.png,/data/disk2/home/tony/demo1/model/cheese3d_demo_model/backend/cheese3d_demo_model-houlab-2025-05-28/labeled-data/20231031_B6-B20-B21-B26-B31-B32-B33_chew_rig2_concat_TL/img154396.png,/data/disk2/home/tony/demo1/model/cheese3d_demo_model/backend/cheese3d_demo_model-houlab-2025-05-28/labeled-data/20231031_B6-B20-B21-B26-B31-B32-B33_chew_rig2_concat_TL/CollectedData_houlab.h5,12,28
Q0321,1,20231031_B6-B20-B21-B26-B31-B32-B33_chew_rig2_concat_TL,img219201.png,/data/disk2/home/tony/demo1/model/cheese3d_demo_model/backend/cheese3d_demo_model-houlab-2025-05-28/labeled-data/20231031_B6-B20-B21-B26-B31-B32-B33_chew_rig2_concat_TL/img219201.png,/data/disk2/home/tony/demo1/model/cheese3d_demo_model/backend/cheese3d_demo_model-houlab-2025-05-28/labeled-data/20231031_B6-B20-B21-B26-B31-B32-B33_chew_rig2_concat_TL/CollectedData_houlab.h5,12,28
Q0322,1,20231031_B6-B20-B21-B26-B31-B32-B33_chew_rig2_concat_TL,img240939.png,/data/disk2/home/tony/demo1/model/cheese3d_demo_model/backend/cheese3d_demo_model-houlab-2025-05-28/labeled-data/20231031_B6-B20-B21-B26-B31-B32-B33_chew_rig2_concat_TL/img240939.png,/data/disk2/home/tony/demo1/model/cheese3d_demo_model/backend/cheese3d_demo_model-houlab-2025-05-28/labeled-data/20231031_B6-B20-B21-B26-B31-B32-B33_chew_rig2_concat_TL/CollectedData_houlab.h5,12,28
Q0323,1,20231031_B6-B20-B21-B26-B31-B32-B33_chew_rig2_concat_TL,img262152.png,/data/disk2/home/tony/demo1/model/cheese3d_demo_model/backend/cheese3d_demo_model-houlab-2025-05-28/labeled-data/20231031_B6-B20-B21-B26-B31-B32-B33_chew_rig2_concat_TL/img262152.png,/data/disk2/home/tony/demo1/model/cheese3d_demo_model/backend/cheese3d_demo_model-houlab-2025-05-28/labeled-data/20231031_B6-B20-B21-B26-B31-B32-B33_chew_rig2_concat_TL/CollectedData_houlab.h5,12,28
Q0324,1,20231031_B6-B20-B21-B26-B31-B32-B33_chew_rig2_concat_TL,img272942.png,/data/disk2/home/tony/demo1/model/cheese3d_demo_model/backend/cheese3d_demo_model-houlab-2025-05-28/labeled-data/20231031_B6-B20-B21-B26-B31-B32-B33_chew_rig2_concat_TL/img272942.png,/data/disk2/home/tony/demo1/model/cheese3d_demo_model/backend/cheese3d_demo_model-houlab-2025-05-28/labeled-data/20231031_B6-B20-B21-B26-B31-B32-B33_chew_rig2_concat_TL/CollectedData_houlab.h5,12,28
Q0325,1,20231031_B6-B20-B21-B26-B31-B32-B33_chew_rig2_concat_TL,img292397.png,/data/disk2/home/tony/demo1/model/cheese3d_demo_model/backend/cheese3d_demo_model-houlab-2025-05-28/labeled-data/20231031_B6-B20-B21-B26-B31-B32-B33_chew_rig2_concat_TL/img292397.png,/data/disk2/home/tony/demo1/model/cheese3d_demo_model/backend/cheese3d_demo_model-houlab-2025-05-28/labeled-data/20231031_B6-B20-B21-B26-B31-B32-B33_chew_rig2_concat_TL/CollectedData_houlab.h5,12,28
Q0326,1,20231031_B6-B20-B21-B26-B31-B32-B33_chew_rig2_concat_TL,img330080.png,/data/disk2/home/tony/demo1/model/cheese3d_demo_model/backend/cheese3d_demo_model-houlab-2025-05-28/labeled-data/20231031_B6-B20-B21-B26-B31-B32-B33_chew_rig2_concat_TL/img330080.png,/data/disk2/home/tony/demo1/model/cheese3d_demo_model/backend/cheese3d_demo_model-houlab-2025-05-28/labeled-data/20231031_B6-B20-B21-B26-B31-B32-B33_chew_rig2_concat_TL/CollectedData_houlab.h5,12,28
Q0327,1,20231031_B6-B20-B21-B26-B31-B32-B33_chew_rig2_concat_TL,img340974.png,/data/disk2/home/tony/demo1/model/cheese3d_demo_model/backend/cheese3d_demo_model-houlab-2025-05-28/labeled-data/20231031_B6-B20-B21-B26-B31-B32-B33_chew_rig2_concat_TL/img340974.png,/data/disk2/home/tony/demo1/model/cheese3d_demo_model/backend/cheese3d_demo_model-houlab-2025-05-28/labeled-data/20231031_B6-B20-B21-B26-B31-B32-B33_chew_rig2_concat_TL/CollectedData_houlab.h5,12,28
Q0328,1,20231031_B6-B20-B21-B26-B31-B32-B33_chew_rig2_concat_TL,img387881.png,/data/disk2/home/tony/demo1/model/cheese3d_demo_model/backend/cheese3d_demo_model-houlab-2025-05-28/labeled-data/20231031_B6-B20-B21-B26-B31-B32-B33_chew_rig2_concat_TL/img387881.png,/data/disk2/home/tony/demo1/model/cheese3d_demo_model/backend/cheese3d_demo_model-houlab-2025-05-28/labeled-data/20231031_B6-B20-B21-B26-B31-B32-B33_chew_rig2_concat_TL/CollectedData_houlab.h5,12,28
Q0329,1,20231031_B6-B20-B21-B26-B31-B32-B33_chew_rig2_concat_TL,img445218.png,/data/disk2/home/tony/demo1/model/cheese3d_demo_model/backend/cheese3d_demo_model-houlab-2025-05-28/labeled-data/20231031_B6-B20-B21-B26-B31-B32-B33_chew_rig2_concat_TL/img445218.png,/data/disk2/home/tony/demo1/model/cheese3d_demo_model/backend/cheese3d_demo_model-houlab-2025-05-28/labeled-data/20231031_B6-B20-B21-B26-B31-B32-B33_chew_rig2_concat_TL/CollectedData_houlab.h5,12,28
Q0330,1,20231031_B6-B20-B21-B26-B31-B32-B33_chew_rig2_concat_TL,img463997.png,/data/disk2/home/tony/demo1/model/cheese3d_demo_model/backend/cheese3d_demo_model-houlab-2025-05-28/labeled-data/20231031_B6-B20-B21-B26-B31-B32-B33_chew_rig2_concat_TL/img463997.png,/data/disk2/home/tony/demo1/model/cheese3d_demo_model/backend/cheese3d_demo_model-houlab-2025-05-28/labeled-data/20231031_B6-B20-B21-B26-B31-B32-B33_chew_rig2_concat_TL/CollectedData_houlab.h5,11,28
Q0331,1,20231031_B6-B20-B21-B26-B31-B32-B33_chew_rig2_concat_TL,img551888.png,/data/disk2/home/tony/demo1/model/cheese3d_demo_model/backend/cheese3d_demo_model-houlab-2025-05-28/labeled-data/20231031_B6-B20-B21-B26-B31-B32-B33_chew_rig2_concat_TL/img551888.png,/data/disk2/home/tony/demo1/model/cheese3d_demo_model/backend/cheese3d_demo_model-houlab-2025-05-28/labeled-data/20231031_B6-B20-B21-B26-B31-B32-B33_chew_rig2_concat_TL/CollectedData_houlab.h5,12,28
Q0332,1,20231031_B6-B20-B21-B26-B31-B32-B33_chew_rig2_concat_TL,img564666.png,/data/disk2/home/tony/demo1/model/cheese3d_demo_model/backend/cheese3d_demo_model-houlab-2025-05-28/labeled-data/20231031_B6-B20-B21-B26-B31-B32-B33_chew_rig2_concat_TL/img564666.png,/data/disk2/home/tony/demo1/model/cheese3d_demo_model/backend/cheese3d_demo_model-houlab-2025-05-28/labeled-data/20231031_B6-B20-B21-B26-B31-B32-B33_chew_rig2_concat_TL/CollectedData_houlab.h5,12,28
Q0333,1,20231031_B6-B20-B21-B26-B31-B32-B33_chew_rig2_concat_TL,img603212.png,/data/disk2/home/tony/demo1/model/cheese3d_demo_model/backend/cheese3d_demo_model-houlab-2025-05-28/labeled-data/20231031_B6-B20-B21-B26-B31-B32-B33_chew_rig2_concat_TL/img603212.png,/data/disk2/home/tony/demo1/model/cheese3d_demo_model/backend/cheese3d_demo_model-houlab-2025-05-28/labeled-data/20231031_B6-B20-B21-B26-B31-B32-B33_chew_rig2_concat_TL/CollectedData_houlab.h5,12,28
Q0334,1,20231031_B6-B20-B21-B26-B31-B32-B33_chew_rig2_concat_TL,img627113.png,/data/disk2/home/tony/demo1/model/cheese3d_demo_model/backend/cheese3d_demo_model-houlab-2025-05-28/labeled-data/20231031_B6-B20-B21-B26-B31-B32-B33_chew_rig2_concat_TL/img627113.png,/data/disk2/home/tony/demo1/model/cheese3d_demo_model/backend/cheese3d_demo_model-houlab-2025-05-28/labeled-data/20231031_B6-B20-B21-B26-B31-B32-B33_chew_rig2_concat_TL/CollectedData_houlab.h5,12,28
Q0335,1,20231031_B6-B20-B21-B26-B31-B32-B33_chew_rig2_concat_TL,img641661.png,/data/disk2/home/tony/demo1/model/cheese3d_demo_model/backend/cheese3d_demo_model-houlab-2025-05-28/labeled-data/20231031_B6-B20-B21-B26-B31-B32-B33_chew_rig2_concat_TL/img641661.png,/data/disk2/home/tony/demo1/model/cheese3d_demo_model/backend/cheese3d_demo_model-houlab-2025-05-28/labeled-data/20231031_B6-B20-B21-B26-B31-B32-B33_chew_rig2_concat_TL/CollectedData_houlab.h5,12,28
Q0336,1,20231031_B6-B20-B21-B26-B31-B32-B33_chew_rig2_concat_TL,img672010.png,/data/disk2/home/tony/demo1/model/cheese3d_demo_model/backend/cheese3d_demo_model-houlab-2025-05-28/labeled-data/20231031_B6-B20-B21-B26-B31-B32-B33_chew_rig2_concat_TL/img672010.png,/data/disk2/home/tony/demo1/model/cheese3d_demo_model/backend/cheese3d_demo_model-houlab-2025-05-28/labeled-data/20231031_B6-B20-B21-B26-B31-B32-B33_chew_rig2_concat_TL/CollectedData_houlab.h5,12,28
Q0337,1,20231031_B6-B20-B21-B26-B31-B32-B33_chew_rig2_concat_TL,img725167.png,/data/disk2/home/tony/demo1/model/cheese3d_demo_model/backend/cheese3d_demo_model-houlab-2025-05-28/labeled-data/20231031_B6-B20-B21-B26-B31-B32-B33_chew_rig2_concat_TL/img725167.png,/data/disk2/home/tony/demo1/model/cheese3d_demo_model/backend/cheese3d_demo_model-houlab-2025-05-28/labeled-data/20231031_B6-B20-B21-B26-B31-B32-B33_chew_rig2_concat_TL/CollectedData_houlab.h5,12,28
Q0338,1,20231031_B6-B20-B21-B26-B31-B32-B33_chew_rig2_concat_TL,img734630.png,/data/disk2/home/tony/demo1/model/cheese3d_demo_model/backend/cheese3d_demo_model-houlab-2025-05-28/labeled-data/20231031_B6-B20-B21-B26-B31-B32-B33_chew_rig2_concat_TL/img734630.png,/data/disk2/home/tony/demo1/model/cheese3d_demo_model/backend/cheese3d_demo_model-houlab-2025-05-28/labeled-data/20231031_B6-B20-B21-B26-B31-B32-B33_chew_rig2_concat_TL/CollectedData_houlab.h5,10,28
Q0339,1,20231031_B6-B20-B21-B26-B31-B32-B33_chew_rig2_concat_TL,img750542.png,/data/disk2/home/tony/demo1/model/cheese3d_demo_model/backend/cheese3d_demo_model-houlab-2025-05-28/labeled-data/20231031_B6-B20-B21-B26-B31-B32-B33_chew_rig2_concat_TL/img750542.png,/data/disk2/home/tony/demo1/model/cheese3d_demo_model/backend/cheese3d_demo_model-houlab-2025-05-28/labeled-data/20231031_B6-B20-B21-B26-B31-B32-B33_chew_rig2_concat_TL/CollectedData_houlab.h5,12,28
Q0340,1,20231031_B6-B20-B21-B26-B31-B32-B33_chew_rig2_concat_TL,img800803.png,/data/disk2/home/tony/demo1/model/cheese3d_demo_model/backend/cheese3d_demo_model-houlab-2025-05-28/labeled-data/20231031_B6-B20-B21-B26-B31-B32-B33_chew_rig2_concat_TL/img800803.png,/data/disk2/home/tony/demo1/model/cheese3d_demo_model/backend/cheese3d_demo_model-houlab-2025-05-28/labeled-data/20231031_B6-B20-B21-B26-B31-B32-B33_chew_rig2_concat_TL/CollectedData_houlab.h5,12,28
Q0341,1,20231031_B6-B20-B21-B26-B31-B32-B33_chew_rig2_concat_TL,img801792.png,/data/disk2/home/tony/demo1/model/cheese3d_demo_model/backend/cheese3d_demo_model-houlab-2025-05-28/labeled-data/20231031_B6-B20-B21-B26-B31-B32-B33_chew_rig2_concat_TL/img801792.png,/data/disk2/home/tony/demo1/model/cheese3d_demo_model/backend/cheese3d_demo_model-houlab-2025-05-28/labeled-data/20231031_B6-B20-B21-B26-B31-B32-B33_chew_rig2_concat_TL/CollectedData_houlab.h5,12,28
Q0342,1,20231031_B6-B20-B21-B26-B31-B32-B33_chew_rig2_concat_TR,img012511.png,/data/disk2/home/tony/demo1/model/cheese3d_demo_model/backend/cheese3d_demo_model-houlab-2025-05-28/labeled-data/20231031_B6-B20-B21-B26-B31-B32-B33_chew_rig2_concat_TR/img012511.png,/data/disk2/home/tony/demo1/model/cheese3d_demo_model/backend/cheese3d_demo_model-houlab-2025-05-28/labeled-data/20231031_B6-B20-B21-B26-B31-B32-B33_chew_rig2_concat_TR/CollectedData_houlab.h5,12,28
Q0343,1,20231031_B6-B20-B21-B26-B31-B32-B33_chew_rig2_concat_TR,img019356.png,/data/disk2/home/tony/demo1/model/cheese3d_demo_model/backend/cheese3d_demo_model-houlab-2025-05-28/labeled-data/20231031_B6-B20-B21-B26-B31-B32-B33_chew_rig2_concat_TR/img019356.png,/data/disk2/home/tony/demo1/model/cheese3d_demo_model/backend/cheese3d_demo_model-houlab-2025-05-28/labeled-data/20231031_B6-B20-B21-B26-B31-B32-B33_chew_rig2_concat_TR/CollectedData_houlab.h5,12,28
Q0344,1,20231031_B6-B20-B21-B26-B31-B32-B33_chew_rig2_concat_TR,img037577.png,/data/disk2/home/tony/demo1/model/cheese3d_demo_model/backend/cheese3d_demo_model-houlab-2025-05-28/labeled-data/20231031_B6-B20-B21-B26-B31-B32-B33_chew_rig2_concat_TR/img037577.png,/data/disk2/home/tony/demo1/model/cheese3d_demo_model/backend/cheese3d_demo_model-houlab-2025-05-28/labeled-data/20231031_B6-B20-B21-B26-B31-B32-B33_chew_rig2_concat_TR/CollectedData_houlab.h5,12,28
Q0345,1,20231031_B6-B20-B21-B26-B31-B32-B33_chew_rig2_concat_TR,img049891.png,/data/disk2/home/tony/demo1/model/cheese3d_demo_model/backend/cheese3d_demo_model-houlab-2025-05-28/labeled-data/20231031_B6-B20-B21-B26-B31-B32-B33_chew_rig2_concat_TR/img049891.png,/data/disk2/home/tony/demo1/model/cheese3d_demo_model/backend/cheese3d_demo_model-houlab-2025-05-28/labeled-data/20231031_B6-B20-B21-B26-B31-B32-B33_chew_rig2_concat_TR/CollectedData_houlab.h5,10,28
Q0346,1,20231031_B6-B20-B21-B26-B31-B32-B33_chew_rig2_concat_TR,img086913.png,/data/disk2/home/tony/demo1/model/cheese3d_demo_model/backend/cheese3d_demo_model-houlab-2025-05-28/labeled-data/20231031_B6-B20-B21-B26-B31-B32-B33_chew_rig2_concat_TR/img086913.png,/data/disk2/home/tony/demo1/model/cheese3d_demo_model/backend/cheese3d_demo_model-houlab-2025-05-28/labeled-data/20231031_B6-B20-B21-B26-B31-B32-B33_chew_rig2_concat_TR/CollectedData_houlab.h5,12,28
Q0347,1,20231031_B6-B20-B21-B26-B31-B32-B33_chew_rig2_concat_TR,img088939.png,/data/disk2/home/tony/demo1/model/cheese3d_demo_model/backend/cheese3d_demo_model-houlab-2025-05-28/labeled-data/20231031_B6-B20-B21-B26-B31-B32-B33_chew_rig2_concat_TR/img088939.png,/data/disk2/home/tony/demo1/model/cheese3d_demo_model/backend/cheese3d_demo_model-houlab-2025-05-28/labeled-data/20231031_B6-B20-B21-B26-B31-B32-B33_chew_rig2_concat_TR/CollectedData_houlab.h5,12,28
Q0348,1,20231031_B6-B20-B21-B26-B31-B32-B33_chew_rig2_concat_TR,img110542.png,/data/disk2/home/tony/demo1/model/cheese3d_demo_model/backend/cheese3d_demo_model-houlab-2025-05-28/labeled-data/20231031_B6-B20-B21-B26-B31-B32-B33_chew_rig2_concat_TR/img110542.png,/data/disk2/home/tony/demo1/model/cheese3d_demo_model/backend/cheese3d_demo_model-houlab-2025-05-28/labeled-data/20231031_B6-B20-B21-B26-B31-B32-B33_chew_rig2_concat_TR/CollectedData_houlab.h5,12,28
Q0349,1,20231031_B6-B20-B21-B26-B31-B32-B33_chew_rig2_concat_TR,img133440.png,/data/disk2/home/tony/demo1/model/cheese3d_demo_model/backend/cheese3d_demo_model-houlab-2025-05-28/labeled-data/20231031_B6-B20-B21-B26-B31-B32-B33_chew_rig2_concat_TR/img133440.png,/data/disk2/home/tony/demo1/model/cheese3d_demo_model/backend/cheese3d_demo_model-houlab-2025-05-28/labeled-data/20231031_B6-B20-B21-B26-B31-B32-B33_chew_rig2_concat_TR/CollectedData_houlab.h5,12,28
Q0350,1,20231031_B6-B20-B21-B26-B31-B32-B33_chew_rig2_concat_TR,img134976.png,/data/disk2/home/tony/demo1/model/cheese3d_demo_model/backend/cheese3d_demo_model-houlab-2025-05-28/labeled-data/20231031_B6-B20-B21-B26-B31-B32-B33_chew_rig2_concat_TR/img134976.png,/data/disk2/home/tony/demo1/model/cheese3d_demo_model/backend/cheese3d_demo_model-houlab-2025-05-28/labeled-data/20231031_B6-B20-B21-B26-B31-B32-B33_chew_rig2_concat_TR/CollectedData_houlab.h5,12,28
Q0351,1,20231031_B6-B20-B21-B26-B31-B32-B33_chew_rig2_concat_TR,img164823.png,/data/disk2/home/tony/demo1/model/cheese3d_demo_model/backend/cheese3d_demo_model-houlab-2025-05-28/labeled-data/20231031_B6-B20-B21-B26-B31-B32-B33_chew_rig2_concat_TR/img164823.png,/data/disk2/home/tony/demo1/model/cheese3d_demo_model/backend/cheese3d_demo_model-houlab-2025-05-28/labeled-data/20231031_B6-B20-B21-B26-B31-B32-B33_chew_rig2_concat_TR/CollectedData_houlab.h5,12,28
Q0352,1,20231031_B6-B20-B21-B26-B31-B32-B33_chew_rig2_concat_TR,img186464.png,/data/disk2/home/tony/demo1/model/cheese3d_demo_model/backend/cheese3d_demo_model-houlab-2025-05-28/labeled-data/20231031_B6-B20-B21-B26-B31-B32-B33_chew_rig2_concat_TR/img186464.png,/data/disk2/home/tony/demo1/model/cheese3d_demo_model/backend/cheese3d_demo_model-houlab-2025-05-28/labeled-data/20231031_B6-B20-B21-B26-B31-B32-B33_chew_rig2_concat_TR/CollectedData_houlab.h5,12,28
Q0353,1,20231031_B6-B20-B21-B26-B31-B32-B33_chew_rig2_concat_TR,img193338.png,/data/disk2/home/tony/demo1/model/cheese3d_demo_model/backend/cheese3d_demo_model-houlab-2025-05-28/labeled-data/20231031_B6-B20-B21-B26-B31-B32-B33_chew_rig2_concat_TR/img193338.png,/data/disk2/home/tony/demo1/model/cheese3d_demo_model/backend/cheese3d_demo_model-houlab-2025-05-28/labeled-data/20231031_B6-B20-B21-B26-B31-B32-B33_chew_rig2_concat_TR/CollectedData_houlab.h5,12,28
Q0354,1,20231031_B6-B20-B21-B26-B31-B32-B33_chew_rig2_concat_TR,img221812.png,/data/disk2/home/tony/demo1/model/cheese3d_demo_model/backend/cheese3d_demo_model-houlab-2025-05-28/labeled-data/20231031_B6-B20-B21-B26-B31-B32-B33_chew_rig2_concat_TR/img221812.png,/data/disk2/home/tony/demo1/model/cheese3d_demo_model/backend/cheese3d_demo_model-houlab-2025-05-28/labeled-data/20231031_B6-B20-B21-B26-B31-B32-B33_chew_rig2_concat_TR/CollectedData_houlab.h5,12,28
Q0355,1,20231031_B6-B20-B21-B26-B31-B32-B33_chew_rig2_concat_TR,img230112.png,/data/disk2/home/tony/demo1/model/cheese3d_demo_model/backend/cheese3d_demo_model-houlab-2025-05-28/labeled-data/20231031_B6-B20-B21-B26-B31-B32-B33_chew_rig2_concat_TR/img230112.png,/data/disk2/home/tony/demo1/model/cheese3d_demo_model/backend/cheese3d_demo_model-houlab-2025-05-28/labeled-data/20231031_B6-B20-B21-B26-B31-B32-B33_chew_rig2_concat_TR/CollectedData_houlab.h5,12,28
Q0356,1,20231031_B6-B20-B21-B26-B31-B32-B33_chew_rig2_concat_TR,img249237.png,/data/disk2/home/tony/demo1/model/cheese3d_demo_model/backend/cheese3d_demo_model-houlab-2025-05-28/labeled-data/20231031_B6-B20-B21-B26-B31-B32-B33_chew_rig2_concat_TR/img249237.png,/data/disk2/home/tony/demo1/model/cheese3d_demo_model/backend/cheese3d_demo_model-houlab-2025-05-28/labeled-data/20231031_B6-B20-B21-B26-B31-B32-B33_chew_rig2_concat_TR/CollectedData_houlab.h5,12,28
Q0357,1,20231031_B6-B20-B21-B26-B31-B32-B33_chew_rig2_concat_TR,img279841.png,/data/disk2/home/tony/demo1/model/cheese3d_demo_model/backend/cheese3d_demo_model-houlab-2025-05-28/labeled-data/20231031_B6-B20-B21-B26-B31-B32-B33_chew_rig2_concat_TR/img279841.png,/data/disk2/home/tony/demo1/model/cheese3d_demo_model/backend/cheese3d_demo_model-houlab-2025-05-28/labeled-data/20231031_B6-B20-B21-B26-B31-B32-B33_chew_rig2_concat_TR/CollectedData_houlab.h5,12,28
Q0358,1,20231031_B6-B20-B21-B26-B31-B32-B33_chew_rig2_concat_TR,img323513.png,/data/disk2/home/tony/demo1/model/cheese3d_demo_model/backend/cheese3d_demo_model-houlab-2025-05-28/labeled-data/20231031_B6-B20-B21-B26-B31-B32-B33_chew_rig2_concat_TR/img323513.png,/data/disk2/home/tony/demo1/model/cheese3d_demo_model/backend/cheese3d_demo_model-houlab-2025-05-28/labeled-data/20231031_B6-B20-B21-B26-B31-B32-B33_chew_rig2_concat_TR/CollectedData_houlab.h5,12,28
Q0359,1,20231031_B6-B20-B21-B26-B31-B32-B33_chew_rig2_concat_TR,img338575.png,/data/disk2/home/tony/demo1/model/cheese3d_demo_model/backend/cheese3d_demo_model-houlab-2025-05-28/labeled-data/20231031_B6-B20-B21-B26-B31-B32-B33_chew_rig2_concat_TR/img338575.png,/data/disk2/home/tony/demo1/model/cheese3d_demo_model/backend/cheese3d_demo_model-houlab-2025-05-28/labeled-data/20231031_B6-B20-B21-B26-B31-B32-B33_chew_rig2_concat_TR/CollectedData_houlab.h5,12,28
Q0360,1,20231031_B6-B20-B21-B26-B31-B32-B33_chew_rig2_concat_TR,img348472.png,/data/disk2/home/tony/demo1/model/cheese3d_demo_model/backend/cheese3d_demo_model-houlab-2025-05-28/labeled-data/20231031_B6-B20-B21-B26-B31-B32-B33_chew_rig2_concat_TR/img348472.png,/data/disk2/home/tony/demo1/model/cheese3d_demo_model/backend/cheese3d_demo_model-houlab-2025-05-28/labeled-data/20231031_B6-B20-B21-B26-B31-B32-B33_chew_rig2_concat_TR/CollectedData_houlab.h5,12,28
Q0361,1,20231031_B6-B20-B21-B26-B31-B32-B33_chew_rig2_concat_TR,img413092.png,/data/disk2/home/tony/demo1/model/cheese3d_demo_model/backend/cheese3d_demo_model-houlab-2025-05-28/labeled-data/20231031_B6-B20-B21-B26-B31-B32-B33_chew_rig2_concat_TR/img413092.png,/data/disk2/home/tony/demo1/model/cheese3d_demo_model/backend/cheese3d_demo_model-houlab-2025-05-28/labeled-data/20231031_B6-B20-B21-B26-B31-B32-B33_chew_rig2_concat_TR/CollectedData_houlab.h5,12,28
Q0362,1,20231031_B6-B20-B21-B26-B31-B32-B33_chew_rig2_concat_TR,img424211.png,/data/disk2/home/tony/demo1/model/cheese3d_demo_model/backend/cheese3d_demo_model-houlab-2025-05-28/labeled-data/20231031_B6-B20-B21-B26-B31-B32-B33_chew_rig2_concat_TR/img424211.png,/data/disk2/home/tony/demo1/model/cheese3d_demo_model/backend/cheese3d_demo_model-houlab-2025-05-28/labeled-data/20231031_B6-B20-B21-B26-B31-B32-B33_chew_rig2_concat_TR/CollectedData_houlab.h5,12,28
Q0363,1,20231031_B6-B20-B21-B26-B31-B32-B33_chew_rig2_concat_TR,img502960.png,/data/disk2/home/tony/demo1/model/cheese3d_demo_model/backend/cheese3d_demo_model-houlab-2025-05-28/labeled-data/20231031_B6-B20-B21-B26-B31-B32-B33_chew_rig2_concat_TR/img502960.png,/data/disk2/home/tony/demo1/model/cheese3d_demo_model/backend/cheese3d_demo_model-houlab-2025-05-28/labeled-data/20231031_B6-B20-B21-B26-B31-B32-B33_chew_rig2_concat_TR/CollectedData_houlab.h5,12,28
Q0364,1,20231031_B6-B20-B21-B26-B31-B32-B33_chew_rig2_concat_TR,img523934.png,/data/disk2/home/tony/demo1/model/cheese3d_demo_model/backend/cheese3d_demo_model-houlab-2025-05-28/labeled-data/20231031_B6-B20-B21-B26-B31-B32-B33_chew_rig2_concat_TR/img523934.png,/data/disk2/home/tony/demo1/model/cheese3d_demo_model/backend/cheese3d_demo_model-houlab-2025-05-28/labeled-data/20231031_B6-B20-B21-B26-B31-B32-B33_chew_rig2_concat_TR/CollectedData_houlab.h5,12,28
Q0365,1,20231031_B6-B20-B21-B26-B31-B32-B33_chew_rig2_concat_TR,img544016.png,/data/disk2/home/tony/demo1/model/cheese3d_demo_model/backend/cheese3d_demo_model-houlab-2025-05-28/labeled-data/20231031_B6-B20-B21-B26-B31-B32-B33_chew_rig2_concat_TR/img544016.png,/data/disk2/home/tony/demo1/model/cheese3d_demo_model/backend/cheese3d_demo_model-houlab-2025-05-28/labeled-data/20231031_B6-B20-B21-B26-B31-B32-B33_chew_rig2_concat_TR/CollectedData_houlab.h5,12,28
Q0366,1,20231031_B6-B20-B21-B26-B31-B32-B33_chew_rig2_concat_TR,img568502.png,/data/disk2/home/tony/demo1/model/cheese3d_demo_model/backend/cheese3d_demo_model-houlab-2025-05-28/labeled-data/20231031_B6-B20-B21-B26-B31-B32-B33_chew_rig2_concat_TR/img568502.png,/data/disk2/home/tony/demo1/model/cheese3d_demo_model/backend/cheese3d_demo_model-houlab-2025-05-28/labeled-data/20231031_B6-B20-B21-B26-B31-B32-B33_chew_rig2_concat_TR/CollectedData_houlab.h5,10,28
Q0367,1,20231031_B6-B20-B21-B26-B31-B32-B33_chew_rig2_concat_TR,img617679.png,/data/disk2/home/tony/demo1/model/cheese3d_demo_model/backend/cheese3d_demo_model-houlab-2025-05-28/labeled-data/20231031_B6-B20-B21-B26-B31-B32-B33_chew_rig2_concat_TR/img617679.png,/data/disk2/home/tony/demo1/model/cheese3d_demo_model/backend/cheese3d_demo_model-houlab-2025-05-28/labeled-data/20231031_B6-B20-B21-B26-B31-B32-B33_chew_rig2_concat_TR/CollectedData_houlab.h5,12,28
Q0368,1,20231031_B6-B20-B21-B26-B31-B32-B33_chew_rig2_concat_TR,img627276.png,/data/disk2/home/tony/demo1/model/cheese3d_demo_model/backend/cheese3d_demo_model-houlab-2025-05-28/labeled-data/20231031_B6-B20-B21-B26-B31-B32-B33_chew_rig2_concat_TR/img627276.png,/data/disk2/home/tony/demo1/model/cheese3d_demo_model/backend/cheese3d_demo_model-houlab-2025-05-28/labeled-data/20231031_B6-B20-B21-B26-B31-B32-B33_chew_rig2_concat_TR/CollectedData_houlab.h5,12,28
Q0369,1,20231031_B6-B20-B21-B26-B31-B32-B33_chew_rig2_concat_TR,img669441.png,/data/disk2/home/tony/demo1/model/cheese3d_demo_model/backend/cheese3d_demo_model-houlab-2025-05-28/labeled-data/20231031_B6-B20-B21-B26-B31-B32-B33_chew_rig2_concat_TR/img669441.png,/data/disk2/home/tony/demo1/model/cheese3d_demo_model/backend/cheese3d_demo_model-houlab-2025-05-28/labeled-data/20231031_B6-B20-B21-B26-B31-B32-B33_chew_rig2_concat_TR/CollectedData_houlab.h5,12,28
Q0370,1,20231031_B6-B20-B21-B26-B31-B32-B33_chew_rig2_concat_TR,img699305.png,/data/disk2/home/tony/demo1/model/cheese3d_demo_model/backend/cheese3d_demo_model-houlab-2025-05-28/labeled-data/20231031_B6-B20-B21-B26-B31-B32-B33_chew_rig2_concat_TR/img699305.png,/data/disk2/home/tony/demo1/model/cheese3d_demo_model/backend/cheese3d_demo_model-houlab-2025-05-28/labeled-data/20231031_B6-B20-B21-B26-B31-B32-B33_chew_rig2_concat_TR/CollectedData_houlab.h5,12,28
Q0371,1,20231031_B6-B20-B21-B26-B31-B32-B33_chew_rig2_concat_TR,img796819.png,/data/disk2/home/tony/demo1/model/cheese3d_demo_model/backend/cheese3d_demo_model-houlab-2025-05-28/labeled-data/20231031_B6-B20-B21-B26-B31-B32-B33_chew_rig2_concat_TR/img796819.png,/data/disk2/home/tony/demo1/model/cheese3d_demo_model/backend/cheese3d_demo_model-houlab-2025-05-28/labeled-data/20231031_B6-B20-B21-B26-B31-B32-B33_chew_rig2_concat_TR/CollectedData_houlab.h5,10,28
Q0372,1,20231031_chew_record_BC,im10039.png,/data/disk2/home/tony/demo1/model/cheese3d_demo_model/backend/cheese3d_demo_model-houlab-2025-05-28/labeled-data/20231031_chew_record_BC/im10039.png,/data/disk2/home/tony/demo1/model/cheese3d_demo_model/backend/cheese3d_demo_model-houlab-2025-05-28/labeled-data/20231031_chew_record_BC/CollectedData_houlab.h5,11,28
Q0373,1,20231031_chew_record_BC,im10058.png,/data/disk2/home/tony/demo1/model/cheese3d_demo_model/backend/cheese3d_demo_model-houlab-2025-05-28/labeled-data/20231031_chew_record_BC/im10058.png,/data/disk2/home/tony/demo1/model/cheese3d_demo_model/backend/cheese3d_demo_model-houlab-2025-05-28/labeled-data/20231031_chew_record_BC/CollectedData_houlab.h5,11,28
Q0374,1,20231031_chew_record_BC,im10059.png,/data/disk2/home/tony/demo1/model/cheese3d_demo_model/backend/cheese3d_demo_model-houlab-2025-05-28/labeled-data/20231031_chew_record_BC/im10059.png,/data/disk2/home/tony/demo1/model/cheese3d_demo_model/backend/cheese3d_demo_model-houlab-2025-05-28/labeled-data/20231031_chew_record_BC/CollectedData_houlab.h5,11,28
Q0375,1,20231031_chew_record_BC,im10070.png,/data/disk2/home/tony/demo1/model/cheese3d_demo_model/backend/cheese3d_demo_model-houlab-2025-05-28/labeled-data/20231031_chew_record_BC/im10070.png,/data/disk2/home/tony/demo1/model/cheese3d_demo_model/backend/cheese3d_demo_model-houlab-2025-05-28/labeled-data/20231031_chew_record_BC/CollectedData_houlab.h5,11,28
Q0376,1,20231031_chew_record_BC,im10148.png,/data/disk2/home/tony/demo1/model/cheese3d_demo_model/backend/cheese3d_demo_model-houlab-2025-05-28/labeled-data/20231031_chew_record_BC/im10148.png,/data/disk2/home/tony/demo1/model/cheese3d_demo_model/backend/cheese3d_demo_model-houlab-2025-05-28/labeled-data/20231031_chew_record_BC/CollectedData_houlab.h5,11,28
Q0377,1,20231031_chew_record_BC,im10281.png,/data/disk2/home/tony/demo1/model/cheese3d_demo_model/backend/cheese3d_demo_model-houlab-2025-05-28/labeled-data/20231031_chew_record_BC/im10281.png,/data/disk2/home/tony/demo1/model/cheese3d_demo_model/backend/cheese3d_demo_model-houlab-2025-05-28/labeled-data/20231031_chew_record_BC/CollectedData_houlab.h5,11,28
Q0378,1,20231031_chew_record_BC,im10284.png,/data/disk2/home/tony/demo1/model/cheese3d_demo_model/backend/cheese3d_demo_model-houlab-2025-05-28/labeled-data/20231031_chew_record_BC/im10284.png,/data/disk2/home/tony/demo1/model/cheese3d_demo_model/backend/cheese3d_demo_model-houlab-2025-05-28/labeled-data/20231031_chew_record_BC/CollectedData_houlab.h5,11,28
Q0379,1,20231031_chew_record_BC,im10523.png,/data/disk2/home/tony/demo1/model/cheese3d_demo_model/backend/cheese3d_demo_model-houlab-2025-05-28/labeled-data/20231031_chew_record_BC/im10523.png,/data/disk2/home/tony/demo1/model/cheese3d_demo_model/backend/cheese3d_demo_model-houlab-2025-05-28/labeled-data/20231031_chew_record_BC/CollectedData_houlab.h5,11,28
Q0380,1,20231031_chew_record_BC,im25587.png,/data/disk2/home/tony/demo1/model/cheese3d_demo_model/backend/cheese3d_demo_model-houlab-2025-05-28/labeled-data/20231031_chew_record_BC/im25587.png,/data/disk2/home/tony/demo1/model/cheese3d_demo_model/backend/cheese3d_demo_model-houlab-2025-05-28/labeled-data/20231031_chew_record_BC/CollectedData_houlab.h5,10,28
Q0381,1,20231031_chew_record_BC,im9717.png,/data/disk2/home/tony/demo1/model/cheese3d_demo_model/backend/cheese3d_demo_model-houlab-2025-05-28/labeled-data/20231031_chew_record_BC/im9717.png,/data/disk2/home/tony/demo1/model/cheese3d_demo_model/backend/cheese3d_demo_model-houlab-2025-05-28/labeled-data/20231031_chew_record_BC/CollectedData_houlab.h5,11,28
Q0382,1,20231031_chew_record_BC,im9743.png,/data/disk2/home/tony/demo1/model/cheese3d_demo_model/backend/cheese3d_demo_model-houlab-2025-05-28/labeled-data/20231031_chew_record_BC/im9743.png,/data/disk2/home/tony/demo1/model/cheese3d_demo_model/backend/cheese3d_demo_model-houlab-2025-05-28/labeled-data/20231031_chew_record_BC/CollectedData_houlab.h5,11,28
Q0383,1,20231031_chew_record_BC,im9800.png,/data/disk2/home/tony/demo1/model/cheese3d_demo_model/backend/cheese3d_demo_model-houlab-2025-05-28/labeled-data/20231031_chew_record_BC/im9800.png,/data/disk2/home/tony/demo1/model/cheese3d_demo_model/backend/cheese3d_demo_model-houlab-2025-05-28/labeled-data/20231031_chew_record_BC/CollectedData_houlab.h5,11,28
Q0384,1,20231031_chew_record_BC,im9817.png,/data/disk2/home/tony/demo1/model/cheese3d_demo_model/backend/cheese3d_demo_model-houlab-2025-05-28/labeled-data/20231031_chew_record_BC/im9817.png,/data/disk2/home/tony/demo1/model/cheese3d_demo_model/backend/cheese3d_demo_model-houlab-2025-05-28/labeled-data/20231031_chew_record_BC/CollectedData_houlab.h5,11,28
Q0385,1,20231031_chew_record_BC,im9821.png,/data/disk2/home/tony/demo1/model/cheese3d_demo_model/backend/cheese3d_demo_model-houlab-2025-05-28/labeled-data/20231031_chew_record_BC/im9821.png,/data/disk2/home/tony/demo1/model/cheese3d_demo_model/backend/cheese3d_demo_model-houlab-2025-05-28/labeled-data/20231031_chew_record_BC/CollectedData_houlab.h5,11,28
Q0386,1,20231031_chew_record_BC,im9835.png,/data/disk2/home/tony/demo1/model/cheese3d_demo_model/backend/cheese3d_demo_model-houlab-2025-05-28/labeled-data/20231031_chew_record_BC/im9835.png,/data/disk2/home/tony/demo1/model/cheese3d_demo_model/backend/cheese3d_demo_model-houlab-2025-05-28/labeled-data/20231031_chew_record_BC/CollectedData_houlab.h5,11,28
Q0387,1,20231031_chew_record_BC,im9851.png,/data/disk2/home/tony/demo1/model/cheese3d_demo_model/backend/cheese3d_demo_model-houlab-2025-05-28/labeled-data/20231031_chew_record_BC/im9851.png,/data/disk2/home/tony/demo1/model/cheese3d_demo_model/backend/cheese3d_demo_model-houlab-2025-05-28/labeled-data/20231031_chew_record_BC/CollectedData_houlab.h5,11,28
Q0388,1,20231031_chew_record_BC,im9857.png,/data/disk2/home/tony/demo1/model/cheese3d_demo_model/backend/cheese3d_demo_model-houlab-2025-05-28/labeled-data/20231031_chew_record_BC/im9857.png,/data/disk2/home/tony/demo1/model/cheese3d_demo_model/backend/cheese3d_demo_model-houlab-2025-05-28/labeled-data/20231031_chew_record_BC/CollectedData_houlab.h5,11,28
Q0389,1,20231031_chew_record_BC,im9927.png,/data/disk2/home/tony/demo1/model/cheese3d_demo_model/backend/cheese3d_demo_model-houlab-2025-05-28/labeled-data/20231031_chew_record_BC/im9927.png,/data/disk2/home/tony/demo1/model/cheese3d_demo_model/backend/cheese3d_demo_model-houlab-2025-05-28/labeled-data/20231031_chew_record_BC/CollectedData_houlab.h5,11,28
Q0390,1,20231031_chew_record_BC,im9934.png,/data/disk2/home/tony/demo1/model/cheese3d_demo_model/backend/cheese3d_demo_model-houlab-2025-05-28/labeled-data/20231031_chew_record_BC/im9934.png,/data/disk2/home/tony/demo1/model/cheese3d_demo_model/backend/cheese3d_demo_model-houlab-2025-05-28/labeled-data/20231031_chew_record_BC/CollectedData_houlab.h5,11,28
Q0391,1,20231031_chew_record_BC,im9956.png,/data/disk2/home/tony/demo1/model/cheese3d_demo_model/backend/cheese3d_demo_model-houlab-2025-05-28/labeled-data/20231031_chew_record_BC/im9956.png,/data/disk2/home/tony/demo1/model/cheese3d_demo_model/backend/cheese3d_demo_model-houlab-2025-05-28/labeled-data/20231031_chew_record_BC/CollectedData_houlab.h5,11,28
Q0392,1,20231031_chew_record_BC,im9988.png,/data/disk2/home/tony/demo1/model/cheese3d_demo_model/backend/cheese3d_demo_model-houlab-2025-05-28/labeled-data/20231031_chew_record_BC/im9988.png,/data/disk2/home/tony/demo1/model/cheese3d_demo_model/backend/cheese3d_demo_model-houlab-2025-05-28/labeled-data/20231031_chew_record_BC/CollectedData_houlab.h5,11,28
Q0393,1,20231031_chew_record_BC,img020594.png,/data/disk2/home/tony/demo1/model/cheese3d_demo_model/backend/cheese3d_demo_model-houlab-2025-05-28/labeled-data/20231031_chew_record_BC/img020594.png,/data/disk2/home/tony/demo1/model/cheese3d_demo_model/backend/cheese3d_demo_model-houlab-2025-05-28/labeled-data/20231031_chew_record_BC/CollectedData_houlab.h5,11,28
Q0394,1,20231031_chew_record_BC,img032039.png,/data/disk2/home/tony/demo1/model/cheese3d_demo_model/backend/cheese3d_demo_model-houlab-2025-05-28/labeled-data/20231031_chew_record_BC/img032039.png,/data/disk2/home/tony/demo1/model/cheese3d_demo_model/backend/cheese3d_demo_model-houlab-2025-05-28/labeled-data/20231031_chew_record_BC/CollectedData_houlab.h5,11,28
Q0395,1,20231031_chew_record_BC,img053474.png,/data/disk2/home/tony/demo1/model/cheese3d_demo_model/backend/cheese3d_demo_model-houlab-2025-05-28/labeled-data/20231031_chew_record_BC/img053474.png,/data/disk2/home/tony/demo1/model/cheese3d_demo_model/backend/cheese3d_demo_model-houlab-2025-05-28/labeled-data/20231031_chew_record_BC/CollectedData_houlab.h5,10,28
Q0396,1,20231031_chew_record_BC,img157718.png,/data/disk2/home/tony/demo1/model/cheese3d_demo_model/backend/cheese3d_demo_model-houlab-2025-05-28/labeled-data/20231031_chew_record_BC/img157718.png,/data/disk2/home/tony/demo1/model/cheese3d_demo_model/backend/cheese3d_demo_model-houlab-2025-05-28/labeled-data/20231031_chew_record_BC/CollectedData_houlab.h5,8,28
Q0397,1,20231031_chew_record_BC,img175482.png,/data/disk2/home/tony/demo1/model/cheese3d_demo_model/backend/cheese3d_demo_model-houlab-2025-05-28/labeled-data/20231031_chew_record_BC/img175482.png,/data/disk2/home/tony/demo1/model/cheese3d_demo_model/backend/cheese3d_demo_model-houlab-2025-05-28/labeled-data/20231031_chew_record_BC/CollectedData_houlab.h5,11,28
Q0398,1,20231031_chew_record_BC,img223974.png,/data/disk2/home/tony/demo1/model/cheese3d_demo_model/backend/cheese3d_demo_model-houlab-2025-05-28/labeled-data/20231031_chew_record_BC/img223974.png,/data/disk2/home/tony/demo1/model/cheese3d_demo_model/backend/cheese3d_demo_model-houlab-2025-05-28/labeled-data/20231031_chew_record_BC/CollectedData_houlab.h5,11,28
Q0399,1,20231031_chew_record_BC,img256692.png,/data/disk2/home/tony/demo1/model/cheese3d_demo_model/backend/cheese3d_demo_model-houlab-2025-05-28/labeled-data/20231031_chew_record_BC/img256692.png,/data/disk2/home/tony/demo1/model/cheese3d_demo_model/backend/cheese3d_demo_model-houlab-2025-05-28/labeled-data/20231031_chew_record_BC/CollectedData_houlab.h5,11,28
Q0400,1,20231031_chew_record_BC,img284394.png,/data/disk2/home/tony/demo1/model/cheese3d_demo_model/backend/cheese3d_demo_model-houlab-2025-05-28/labeled-data/20231031_chew_record_BC/img284394.png,/data/disk2/home/tony/demo1/model/cheese3d_demo_model/backend/cheese3d_demo_model-houlab-2025-05-28/labeled-data/20231031_chew_record_BC/CollectedData_houlab.h5,10,28
Q0401,1,20231031_chew_record_BC,img302725.png,/data/disk2/home/tony/demo1/model/cheese3d_demo_model/backend/cheese3d_demo_model-houlab-2025-05-28/labeled-data/20231031_chew_record_BC/img302725.png,/data/disk2/home/tony/demo1/model/cheese3d_demo_model/backend/cheese3d_demo_model-houlab-2025-05-28/labeled-data/20231031_chew_record_BC/CollectedData_houlab.h5,11,28
Q0402,1,20231031_chew_record_BC,img312796.png,/data/disk2/home/tony/demo1/model/cheese3d_demo_model/backend/cheese3d_demo_model-houlab-2025-05-28/labeled-data/20231031_chew_record_BC/img312796.png,/data/disk2/home/tony/demo1/model/cheese3d_demo_model/backend/cheese3d_demo_model-houlab-2025-05-28/labeled-data/20231031_chew_record_BC/CollectedData_houlab.h5,11,28
Q0403,1,20231031_chew_record_BC,img346314.png,/data/disk2/home/tony/demo1/model/cheese3d_demo_model/backend/cheese3d_demo_model-houlab-2025-05-28/labeled-data/20231031_chew_record_BC/img346314.png,/data/disk2/home/tony/demo1/model/cheese3d_demo_model/backend/cheese3d_demo_model-houlab-2025-05-28/labeled-data/20231031_chew_record_BC/CollectedData_houlab.h5,10,28
Q0404,1,20231031_chew_record_BC,img347376.png,/data/disk2/home/tony/demo1/model/cheese3d_demo_model/backend/cheese3d_demo_model-houlab-2025-05-28/labeled-data/20231031_chew_record_BC/img347376.png,/data/disk2/home/tony/demo1/model/cheese3d_demo_model/backend/cheese3d_demo_model-houlab-2025-05-28/labeled-data/20231031_chew_record_BC/CollectedData_houlab.h5,8,28
Q0405,1,20231031_chew_record_BC,img350043.png,/data/disk2/home/tony/demo1/model/cheese3d_demo_model/backend/cheese3d_demo_model-houlab-2025-05-28/labeled-data/20231031_chew_record_BC/img350043.png,/data/disk2/home/tony/demo1/model/cheese3d_demo_model/backend/cheese3d_demo_model-houlab-2025-05-28/labeled-data/20231031_chew_record_BC/CollectedData_houlab.h5,11,28
Q0406,1,20231031_chew_record_BC,img412646.png,/data/disk2/home/tony/demo1/model/cheese3d_demo_model/backend/cheese3d_demo_model-houlab-2025-05-28/labeled-data/20231031_chew_record_BC/img412646.png,/data/disk2/home/tony/demo1/model/cheese3d_demo_model/backend/cheese3d_demo_model-houlab-2025-05-28/labeled-data/20231031_chew_record_BC/CollectedData_houlab.h5,10,28
Q0407,1,20231031_chew_record_BC,img465003.png,/data/disk2/home/tony/demo1/model/cheese3d_demo_model/backend/cheese3d_demo_model-houlab-2025-05-28/labeled-data/20231031_chew_record_BC/img465003.png,/data/disk2/home/tony/demo1/model/cheese3d_demo_model/backend/cheese3d_demo_model-houlab-2025-05-28/labeled-data/20231031_chew_record_BC/CollectedData_houlab.h5,8,28
Q0408,1,20231031_chew_record_BC,img497470.png,/data/disk2/home/tony/demo1/model/cheese3d_demo_model/backend/cheese3d_demo_model-houlab-2025-05-28/labeled-data/20231031_chew_record_BC/img497470.png,/data/disk2/home/tony/demo1/model/cheese3d_demo_model/backend/cheese3d_demo_model-houlab-2025-05-28/labeled-data/20231031_chew_record_BC/CollectedData_houlab.h5,11,28
Q0409,1,20231031_chew_record_BC,img498399.png,/data/disk2/home/tony/demo1/model/cheese3d_demo_model/backend/cheese3d_demo_model-houlab-2025-05-28/labeled-data/20231031_chew_record_BC/img498399.png,/data/disk2/home/tony/demo1/model/cheese3d_demo_model/backend/cheese3d_demo_model-houlab-2025-05-28/labeled-data/20231031_chew_record_BC/CollectedData_houlab.h5,8,28
Q0410,1,20231031_chew_record_BC,img507032.png,/data/disk2/home/tony/demo1/model/cheese3d_demo_model/backend/cheese3d_demo_model-houlab-2025-05-28/labeled-data/20231031_chew_record_BC/img507032.png,/data/disk2/home/tony/demo1/model/cheese3d_demo_model/backend/cheese3d_demo_model-houlab-2025-05-28/labeled-data/20231031_chew_record_BC/CollectedData_houlab.h5,9,28
Q0411,1,20231031_chew_record_BC,img528400.png,/data/disk2/home/tony/demo1/model/cheese3d_demo_model/backend/cheese3d_demo_model-houlab-2025-05-28/labeled-data/20231031_chew_record_BC/img528400.png,/data/disk2/home/tony/demo1/model/cheese3d_demo_model/backend/cheese3d_demo_model-houlab-2025-05-28/labeled-data/20231031_chew_record_BC/CollectedData_houlab.h5,11,28
Q0412,1,20231031_chew_record_BC,img552008.png,/data/disk2/home/tony/demo1/model/cheese3d_demo_model/backend/cheese3d_demo_model-houlab-2025-05-28/labeled-data/20231031_chew_record_BC/img552008.png,/data/disk2/home/tony/demo1/model/cheese3d_demo_model/backend/cheese3d_demo_model-houlab-2025-05-28/labeled-data/20231031_chew_record_BC/CollectedData_houlab.h5,8,28
Q0413,1,20231031_chew_record_BC,img568514.png,/data/disk2/home/tony/demo1/model/cheese3d_demo_model/backend/cheese3d_demo_model-houlab-2025-05-28/labeled-data/20231031_chew_record_BC/img568514.png,/data/disk2/home/tony/demo1/model/cheese3d_demo_model/backend/cheese3d_demo_model-houlab-2025-05-28/labeled-data/20231031_chew_record_BC/CollectedData_houlab.h5,10,28
Q0414,1,20231031_chew_record_BC,img580635.png,/data/disk2/home/tony/demo1/model/cheese3d_demo_model/backend/cheese3d_demo_model-houlab-2025-05-28/labeled-data/20231031_chew_record_BC/img580635.png,/data/disk2/home/tony/demo1/model/cheese3d_demo_model/backend/cheese3d_demo_model-houlab-2025-05-28/labeled-data/20231031_chew_record_BC/CollectedData_houlab.h5,11,28
Q0415,1,20231031_chew_record_BC,img609797.png,/data/disk2/home/tony/demo1/model/cheese3d_demo_model/backend/cheese3d_demo_model-houlab-2025-05-28/labeled-data/20231031_chew_record_BC/img609797.png,/data/disk2/home/tony/demo1/model/cheese3d_demo_model/backend/cheese3d_demo_model-houlab-2025-05-28/labeled-data/20231031_chew_record_BC/CollectedData_houlab.h5,10,28
Q0416,1,20231031_chew_record_BC,img629195.png,/data/disk2/home/tony/demo1/model/cheese3d_demo_model/backend/cheese3d_demo_model-houlab-2025-05-28/labeled-data/20231031_chew_record_BC/img629195.png,/data/disk2/home/tony/demo1/model/cheese3d_demo_model/backend/cheese3d_demo_model-houlab-2025-05-28/labeled-data/20231031_chew_record_BC/CollectedData_houlab.h5,8,28
Q0417,1,20231031_chew_record_BC,img634709.png,/data/disk2/home/tony/demo1/model/cheese3d_demo_model/backend/cheese3d_demo_model-houlab-2025-05-28/labeled-data/20231031_chew_record_BC/img634709.png,/data/disk2/home/tony/demo1/model/cheese3d_demo_model/backend/cheese3d_demo_model-houlab-2025-05-28/labeled-data/20231031_chew_record_BC/CollectedData_houlab.h5,11,28
Q0418,1,20231031_chew_record_BC,img644719.png,/data/disk2/home/tony/demo1/model/cheese3d_demo_model/backend/cheese3d_demo_model-houlab-2025-05-28/labeled-data/20231031_chew_record_BC/img644719.png,/data/disk2/home/tony/demo1/model/cheese3d_demo_model/backend/cheese3d_demo_model-houlab-2025-05-28/labeled-data/20231031_chew_record_BC/CollectedData_houlab.h5,10,28
Q0419,1,20231031_chew_record_BC,img724638.png,/data/disk2/home/tony/demo1/model/cheese3d_demo_model/backend/cheese3d_demo_model-houlab-2025-05-28/labeled-data/20231031_chew_record_BC/img724638.png,/data/disk2/home/tony/demo1/model/cheese3d_demo_model/backend/cheese3d_demo_model-houlab-2025-05-28/labeled-data/20231031_chew_record_BC/CollectedData_houlab.h5,8,28
Q0420,1,20231031_chew_record_BC,img747745.png,/data/disk2/home/tony/demo1/model/cheese3d_demo_model/backend/cheese3d_demo_model-houlab-2025-05-28/labeled-data/20231031_chew_record_BC/img747745.png,/data/disk2/home/tony/demo1/model/cheese3d_demo_model/backend/cheese3d_demo_model-houlab-2025-05-28/labeled-data/20231031_chew_record_BC/CollectedData_houlab.h5,11,28
Q0421,1,20231031_chew_record_BC,img775484.png,/data/disk2/home/tony/demo1/model/cheese3d_demo_model/backend/cheese3d_demo_model-houlab-2025-05-28/labeled-data/20231031_chew_record_BC/img775484.png,/data/disk2/home/tony/demo1/model/cheese3d_demo_model/backend/cheese3d_demo_model-houlab-2025-05-28/labeled-data/20231031_chew_record_BC/CollectedData_houlab.h5,11,28
Q0422,1,20231031_chew_record_BC,img835897.png,/data/disk2/home/tony/demo1/model/cheese3d_demo_model/backend/cheese3d_demo_model-houlab-2025-05-28/labeled-data/20231031_chew_record_BC/img835897.png,/data/disk2/home/tony/demo1/model/cheese3d_demo_model/backend/cheese3d_demo_model-houlab-2025-05-28/labeled-data/20231031_chew_record_BC/CollectedData_houlab.h5,11,28
Q0423,1,20231031_chew_record_L,im10039.png,/data/disk2/home/tony/demo1/model/cheese3d_demo_model/backend/cheese3d_demo_model-houlab-2025-05-28/labeled-data/20231031_chew_record_L/im10039.png,/data/disk2/home/tony/demo1/model/cheese3d_demo_model/backend/cheese3d_demo_model-houlab-2025-05-28/labeled-data/20231031_chew_record_L/CollectedData_houlab.h5,17,28
Q0424,1,20231031_chew_record_L,im10058.png,/data/disk2/home/tony/demo1/model/cheese3d_demo_model/backend/cheese3d_demo_model-houlab-2025-05-28/labeled-data/20231031_chew_record_L/im10058.png,/data/disk2/home/tony/demo1/model/cheese3d_demo_model/backend/cheese3d_demo_model-houlab-2025-05-28/labeled-data/20231031_chew_record_L/CollectedData_houlab.h5,16,28
Q0425,1,20231031_chew_record_L,im10059.png,/data/disk2/home/tony/demo1/model/cheese3d_demo_model/backend/cheese3d_demo_model-houlab-2025-05-28/labeled-data/20231031_chew_record_L/im10059.png,/data/disk2/home/tony/demo1/model/cheese3d_demo_model/backend/cheese3d_demo_model-houlab-2025-05-28/labeled-data/20231031_chew_record_L/CollectedData_houlab.h5,17,28
Q0426,1,20231031_chew_record_L,im10070.png,/data/disk2/home/tony/demo1/model/cheese3d_demo_model/backend/cheese3d_demo_model-houlab-2025-05-28/labeled-data/20231031_chew_record_L/im10070.png,/data/disk2/home/tony/demo1/model/cheese3d_demo_model/backend/cheese3d_demo_model-houlab-2025-05-28/labeled-data/20231031_chew_record_L/CollectedData_houlab.h5,17,28
Q0427,1,20231031_chew_record_L,im10148.png,/data/disk2/home/tony/demo1/model/cheese3d_demo_model/backend/cheese3d_demo_model-houlab-2025-05-28/labeled-data/20231031_chew_record_L/im10148.png,/data/disk2/home/tony/demo1/model/cheese3d_demo_model/backend/cheese3d_demo_model-houlab-2025-05-28/labeled-data/20231031_chew_record_L/CollectedData_houlab.h5,17,28
Q0428,1,20231031_chew_record_L,im10281.png,/data/disk2/home/tony/demo1/model/cheese3d_demo_model/backend/cheese3d_demo_model-houlab-2025-05-28/labeled-data/20231031_chew_record_L/im10281.png,/data/disk2/home/tony/demo1/model/cheese3d_demo_model/backend/cheese3d_demo_model-houlab-2025-05-28/labeled-data/20231031_chew_record_L/CollectedData_houlab.h5,16,28
Q0429,1,20231031_chew_record_L,im10284.png,/data/disk2/home/tony/demo1/model/cheese3d_demo_model/backend/cheese3d_demo_model-houlab-2025-05-28/labeled-data/20231031_chew_record_L/im10284.png,/data/disk2/home/tony/demo1/model/cheese3d_demo_model/backend/cheese3d_demo_model-houlab-2025-05-28/labeled-data/20231031_chew_record_L/CollectedData_houlab.h5,16,28
Q0430,1,20231031_chew_record_L,im10523.png,/data/disk2/home/tony/demo1/model/cheese3d_demo_model/backend/cheese3d_demo_model-houlab-2025-05-28/labeled-data/20231031_chew_record_L/im10523.png,/data/disk2/home/tony/demo1/model/cheese3d_demo_model/backend/cheese3d_demo_model-houlab-2025-05-28/labeled-data/20231031_chew_record_L/CollectedData_houlab.h5,17,28
Q0431,1,20231031_chew_record_L,im25587.png,/data/disk2/home/tony/demo1/model/cheese3d_demo_model/backend/cheese3d_demo_model-houlab-2025-05-28/labeled-data/20231031_chew_record_L/im25587.png,/data/disk2/home/tony/demo1/model/cheese3d_demo_model/backend/cheese3d_demo_model-houlab-2025-05-28/labeled-data/20231031_chew_record_L/CollectedData_houlab.h5,17,28
Q0432,1,20231031_chew_record_L,im9717.png,/data/disk2/home/tony/demo1/model/cheese3d_demo_model/backend/cheese3d_demo_model-houlab-2025-05-28/labeled-data/20231031_chew_record_L/im9717.png,/data/disk2/home/tony/demo1/model/cheese3d_demo_model/backend/cheese3d_demo_model-houlab-2025-05-28/labeled-data/20231031_chew_record_L/CollectedData_houlab.h5,17,28
Q0433,1,20231031_chew_record_L,im9743.png,/data/disk2/home/tony/demo1/model/cheese3d_demo_model/backend/cheese3d_demo_model-houlab-2025-05-28/labeled-data/20231031_chew_record_L/im9743.png,/data/disk2/home/tony/demo1/model/cheese3d_demo_model/backend/cheese3d_demo_model-houlab-2025-05-28/labeled-data/20231031_chew_record_L/CollectedData_houlab.h5,17,28
Q0434,1,20231031_chew_record_L,im9800.png,/data/disk2/home/tony/demo1/model/cheese3d_demo_model/backend/cheese3d_demo_model-houlab-2025-05-28/labeled-data/20231031_chew_record_L/im9800.png,/data/disk2/home/tony/demo1/model/cheese3d_demo_model/backend/cheese3d_demo_model-houlab-2025-05-28/labeled-data/20231031_chew_record_L/CollectedData_houlab.h5,17,28
Q0435,1,20231031_chew_record_L,im9817.png,/data/disk2/home/tony/demo1/model/cheese3d_demo_model/backend/cheese3d_demo_model-houlab-2025-05-28/labeled-data/20231031_chew_record_L/im9817.png,/data/disk2/home/tony/demo1/model/cheese3d_demo_model/backend/cheese3d_demo_model-houlab-2025-05-28/labeled-data/20231031_chew_record_L/CollectedData_houlab.h5,17,28
Q0436,1,20231031_chew_record_L,im9821.png,/data/disk2/home/tony/demo1/model/cheese3d_demo_model/backend/cheese3d_demo_model-houlab-2025-05-28/labeled-data/20231031_chew_record_L/im9821.png,/data/disk2/home/tony/demo1/model/cheese3d_demo_model/backend/cheese3d_demo_model-houlab-2025-05-28/labeled-data/20231031_chew_record_L/CollectedData_houlab.h5,17,28
Q0437,1,20231031_chew_record_L,im9835.png,/data/disk2/home/tony/demo1/model/cheese3d_demo_model/backend/cheese3d_demo_model-houlab-2025-05-28/labeled-data/20231031_chew_record_L/im9835.png,/data/disk2/home/tony/demo1/model/cheese3d_demo_model/backend/cheese3d_demo_model-houlab-2025-05-28/labeled-data/20231031_chew_record_L/CollectedData_houlab.h5,17,28
Q0438,1,20231031_chew_record_L,im9851.png,/data/disk2/home/tony/demo1/model/cheese3d_demo_model/backend/cheese3d_demo_model-houlab-2025-05-28/labeled-data/20231031_chew_record_L/im9851.png,/data/disk2/home/tony/demo1/model/cheese3d_demo_model/backend/cheese3d_demo_model-houlab-2025-05-28/labeled-data/20231031_chew_record_L/CollectedData_houlab.h5,17,28
Q0439,1,20231031_chew_record_L,im9857.png,/data/disk2/home/tony/demo1/model/cheese3d_demo_model/backend/cheese3d_demo_model-houlab-2025-05-28/labeled-data/20231031_chew_record_L/im9857.png,/data/disk2/home/tony/demo1/model/cheese3d_demo_model/backend/cheese3d_demo_model-houlab-2025-05-28/labeled-data/20231031_chew_record_L/CollectedData_houlab.h5,17,28
Q0440,1,20231031_chew_record_L,im9927.png,/data/disk2/home/tony/demo1/model/cheese3d_demo_model/backend/cheese3d_demo_model-houlab-2025-05-28/labeled-data/20231031_chew_record_L/im9927.png,/data/disk2/home/tony/demo1/model/cheese3d_demo_model/backend/cheese3d_demo_model-houlab-2025-05-28/labeled-data/20231031_chew_record_L/CollectedData_houlab.h5,16,28
Q0441,1,20231031_chew_record_L,im9934.png,/data/disk2/home/tony/demo1/model/cheese3d_demo_model/backend/cheese3d_demo_model-houlab-2025-05-28/labeled-data/20231031_chew_record_L/im9934.png,/data/disk2/home/tony/demo1/model/cheese3d_demo_model/backend/cheese3d_demo_model-houlab-2025-05-28/labeled-data/20231031_chew_record_L/CollectedData_houlab.h5,17,28
Q0442,1,20231031_chew_record_L,im9956.png,/data/disk2/home/tony/demo1/model/cheese3d_demo_model/backend/cheese3d_demo_model-houlab-2025-05-28/labeled-data/20231031_chew_record_L/im9956.png,/data/disk2/home/tony/demo1/model/cheese3d_demo_model/backend/cheese3d_demo_model-houlab-2025-05-28/labeled-data/20231031_chew_record_L/CollectedData_houlab.h5,16,28
Q0443,1,20231031_chew_record_L,im9988.png,/data/disk2/home/tony/demo1/model/cheese3d_demo_model/backend/cheese3d_demo_model-houlab-2025-05-28/labeled-data/20231031_chew_record_L/im9988.png,/data/disk2/home/tony/demo1/model/cheese3d_demo_model/backend/cheese3d_demo_model-houlab-2025-05-28/labeled-data/20231031_chew_record_L/CollectedData_houlab.h5,17,28
Q0444,1,20231031_chew_record_L,img025752.png,/data/disk2/home/tony/demo1/model/cheese3d_demo_model/backend/cheese3d_demo_model-houlab-2025-05-28/labeled-data/20231031_chew_record_L/img025752.png,/data/disk2/home/tony/demo1/model/cheese3d_demo_model/backend/cheese3d_demo_model-houlab-2025-05-28/labeled-data/20231031_chew_record_L/CollectedData_houlab.h5,16,28
Q0445,1,20231031_chew_record_L,img035281.png,/data/disk2/home/tony/demo1/model/cheese3d_demo_model/backend/cheese3d_demo_model-houlab-2025-05-28/labeled-data/20231031_chew_record_L/img035281.png,/data/disk2/home/tony/demo1/model/cheese3d_demo_model/backend/cheese3d_demo_model-houlab-2025-05-28/labeled-data/20231031_chew_record_L/CollectedData_houlab.h5,17,28
Q0446,1,20231031_chew_record_L,img044971.png,/data/disk2/home/tony/demo1/model/cheese3d_demo_model/backend/cheese3d_demo_model-houlab-2025-05-28/labeled-data/20231031_chew_record_L/img044971.png,/data/disk2/home/tony/demo1/model/cheese3d_demo_model/backend/cheese3d_demo_model-houlab-2025-05-28/labeled-data/20231031_chew_record_L/CollectedData_houlab.h5,17,28
Q0447,1,20231031_chew_record_L,img052472.png,/data/disk2/home/tony/demo1/model/cheese3d_demo_model/backend/cheese3d_demo_model-houlab-2025-05-28/labeled-data/20231031_chew_record_L/img052472.png,/data/disk2/home/tony/demo1/model/cheese3d_demo_model/backend/cheese3d_demo_model-houlab-2025-05-28/labeled-data/20231031_chew_record_L/CollectedData_houlab.h5,15,28
Q0448,1,20231031_chew_record_L,img057880.png,/data/disk2/home/tony/demo1/model/cheese3d_demo_model/backend/cheese3d_demo_model-houlab-2025-05-28/labeled-data/20231031_chew_record_L/img057880.png,/data/disk2/home/tony/demo1/model/cheese3d_demo_model/backend/cheese3d_demo_model-houlab-2025-05-28/labeled-data/20231031_chew_record_L/CollectedData_houlab.h5,17,28
Q0449,1,20231031_chew_record_L,img075095.png,/data/disk2/home/tony/demo1/model/cheese3d_demo_model/backend/cheese3d_demo_model-houlab-2025-05-28/labeled-data/20231031_chew_record_L/img075095.png,/data/disk2/home/tony/demo1/model/cheese3d_demo_model/backend/cheese3d_demo_model-houlab-2025-05-28/labeled-data/20231031_chew_record_L/CollectedData_houlab.h5,17,28
Q0450,1,20231031_chew_record_L,img076556.png,/data/disk2/home/tony/demo1/model/cheese3d_demo_model/backend/cheese3d_demo_model-houlab-2025-05-28/labeled-data/20231031_chew_record_L/img076556.png,/data/disk2/home/tony/demo1/model/cheese3d_demo_model/backend/cheese3d_demo_model-houlab-2025-05-28/labeled-data/20231031_chew_record_L/CollectedData_houlab.h5,17,28
Q0451,1,20231031_chew_record_L,img108874.png,/data/disk2/home/tony/demo1/model/cheese3d_demo_model/backend/cheese3d_demo_model-houlab-2025-05-28/labeled-data/20231031_chew_record_L/img108874.png,/data/disk2/home/tony/demo1/model/cheese3d_demo_model/backend/cheese3d_demo_model-houlab-2025-05-28/labeled-data/20231031_chew_record_L/CollectedData_houlab.h5,17,28
Q0452,1,20231031_chew_record_L,img129474.png,/data/disk2/home/tony/demo1/model/cheese3d_demo_model/backend/cheese3d_demo_model-houlab-2025-05-28/labeled-data/20231031_chew_record_L/img129474.png,/data/disk2/home/tony/demo1/model/cheese3d_demo_model/backend/cheese3d_demo_model-houlab-2025-05-28/labeled-data/20231031_chew_record_L/CollectedData_houlab.h5,17,28
Q0453,1,20231031_chew_record_L,img137822.png,/data/disk2/home/tony/demo1/model/cheese3d_demo_model/backend/cheese3d_demo_model-houlab-2025-05-28/labeled-data/20231031_chew_record_L/img137822.png,/data/disk2/home/tony/demo1/model/cheese3d_demo_model/backend/cheese3d_demo_model-houlab-2025-05-28/labeled-data/20231031_chew_record_L/CollectedData_houlab.h5,17,28
Q0454,1,20231031_chew_record_L,img157643.png,/data/disk2/home/tony/demo1/model/cheese3d_demo_model/backend/cheese3d_demo_model-houlab-2025-05-28/labeled-data/20231031_chew_record_L/img157643.png,/data/disk2/home/tony/demo1/model/cheese3d_demo_model/backend/cheese3d_demo_model-houlab-2025-05-28/labeled-data/20231031_chew_record_L/CollectedData_houlab.h5,16,28
Q0455,1,20231031_chew_record_L,img175638.png,/data/disk2/home/tony/demo1/model/cheese3d_demo_model/backend/cheese3d_demo_model-houlab-2025-05-28/labeled-data/20231031_chew_record_L/img175638.png,/data/disk2/home/tony/demo1/model/cheese3d_demo_model/backend/cheese3d_demo_model-houlab-2025-05-28/labeled-data/20231031_chew_record_L/CollectedData_houlab.h5,17,28
Q0456,1,20231031_chew_record_L,img210929.png,/data/disk2/home/tony/demo1/model/cheese3d_demo_model/backend/cheese3d_demo_model-houlab-2025-05-28/labeled-data/20231031_chew_record_L/img210929.png,/data/disk2/home/tony/demo1/model/cheese3d_demo_model/backend/cheese3d_demo_model-houlab-2025-05-28/labeled-data/20231031_chew_record_L/CollectedData_houlab.h5,17,28
Q0457,1,20231031_chew_record_L,img219672.png,/data/disk2/home/tony/demo1/model/cheese3d_demo_model/backend/cheese3d_demo_model-houlab-2025-05-28/labeled-data/20231031_chew_record_L/img219672.png,/data/disk2/home/tony/demo1/model/cheese3d_demo_model/backend/cheese3d_demo_model-houlab-2025-05-28/labeled-data/20231031_chew_record_L/CollectedData_houlab.h5,16,28
Q0458,1,20231031_chew_record_L,img219854.png,/data/disk2/home/tony/demo1/model/cheese3d_demo_model/backend/cheese3d_demo_model-houlab-2025-05-28/labeled-data/20231031_chew_record_L/img219854.png,/data/disk2/home/tony/demo1/model/cheese3d_demo_model/backend/cheese3d_demo_model-houlab-2025-05-28/labeled-data/20231031_chew_record_L/CollectedData_houlab.h5,15,28
Q0459,1,20231031_chew_record_L,img223268.png,/data/disk2/home/tony/demo1/model/cheese3d_demo_model/backend/cheese3d_demo_model-houlab-2025-05-28/labeled-data/20231031_chew_record_L/img223268.png,/data/disk2/home/tony/demo1/model/cheese3d_demo_model/backend/cheese3d_demo_model-houlab-2025-05-28/labeled-data/20231031_chew_record_L/CollectedData_houlab.h5,17,28
Q0460,1,20231031_chew_record_L,img226147.png,/data/disk2/home/tony/demo1/model/cheese3d_demo_model/backend/cheese3d_demo_model-houlab-2025-05-28/labeled-data/20231031_chew_record_L/img226147.png,/data/disk2/home/tony/demo1/model/cheese3d_demo_model/backend/cheese3d_demo_model-houlab-2025-05-28/labeled-data/20231031_chew_record_L/CollectedData_houlab.h5,16,28
Q0461,1,20231031_chew_record_L,img226273.png,/data/disk2/home/tony/demo1/model/cheese3d_demo_model/backend/cheese3d_demo_model-houlab-2025-05-28/labeled-data/20231031_chew_record_L/img226273.png,/data/disk2/home/tony/demo1/model/cheese3d_demo_model/backend/cheese3d_demo_model-houlab-2025-05-28/labeled-data/20231031_chew_record_L/CollectedData_houlab.h5,16,28
Q0462,1,20231031_chew_record_L,img236397.png,/data/disk2/home/tony/demo1/model/cheese3d_demo_model/backend/cheese3d_demo_model-houlab-2025-05-28/labeled-data/20231031_chew_record_L/img236397.png,/data/disk2/home/tony/demo1/model/cheese3d_demo_model/backend/cheese3d_demo_model-houlab-2025-05-28/labeled-data/20231031_chew_record_L/CollectedData_houlab.h5,17,28
Q0463,1,20231031_chew_record_L,img242042.png,/data/disk2/home/tony/demo1/model/cheese3d_demo_model/backend/cheese3d_demo_model-houlab-2025-05-28/labeled-data/20231031_chew_record_L/img242042.png,/data/disk2/home/tony/demo1/model/cheese3d_demo_model/backend/cheese3d_demo_model-houlab-2025-05-28/labeled-data/20231031_chew_record_L/CollectedData_houlab.h5,17,28
Q0464,1,20231031_chew_record_L,img261868.png,/data/disk2/home/tony/demo1/model/cheese3d_demo_model/backend/cheese3d_demo_model-houlab-2025-05-28/labeled-data/20231031_chew_record_L/img261868.png,/data/disk2/home/tony/demo1/model/cheese3d_demo_model/backend/cheese3d_demo_model-houlab-2025-05-28/labeled-data/20231031_chew_record_L/CollectedData_houlab.h5,17,28
Q0465,1,20231031_chew_record_L,img281415.png,/data/disk2/home/tony/demo1/model/cheese3d_demo_model/backend/cheese3d_demo_model-houlab-2025-05-28/labeled-data/20231031_chew_record_L/img281415.png,/data/disk2/home/tony/demo1/model/cheese3d_demo_model/backend/cheese3d_demo_model-houlab-2025-05-28/labeled-data/20231031_chew_record_L/CollectedData_houlab.h5,17,28
Q0466,1,20231031_chew_record_L,img283302.png,/data/disk2/home/tony/demo1/model/cheese3d_demo_model/backend/cheese3d_demo_model-houlab-2025-05-28/labeled-data/20231031_chew_record_L/img283302.png,/data/disk2/home/tony/demo1/model/cheese3d_demo_model/backend/cheese3d_demo_model-houlab-2025-05-28/labeled-data/20231031_chew_record_L/CollectedData_houlab.h5,17,28
Q0467,1,20231031_chew_record_L,img290808.png,/data/disk2/home/tony/demo1/model/cheese3d_demo_model/backend/cheese3d_demo_model-houlab-2025-05-28/labeled-data/20231031_chew_record_L/img290808.png,/data/disk2/home/tony/demo1/model/cheese3d_demo_model/backend/cheese3d_demo_model-houlab-2025-05-28/labeled-data/20231031_chew_record_L/CollectedData_houlab.h5,17,28
Q0468,1,20231031_chew_record_L,img301661.png,/data/disk2/home/tony/demo1/model/cheese3d_demo_model/backend/cheese3d_demo_model-houlab-2025-05-28/labeled-data/20231031_chew_record_L/img301661.png,/data/disk2/home/tony/demo1/model/cheese3d_demo_model/backend/cheese3d_demo_model-houlab-2025-05-28/labeled-data/20231031_chew_record_L/CollectedData_houlab.h5,17,28
Q0469,1,20231031_chew_record_L,img302344.png,/data/disk2/home/tony/demo1/model/cheese3d_demo_model/backend/cheese3d_demo_model-houlab-2025-05-28/labeled-data/20231031_chew_record_L/img302344.png,/data/disk2/home/tony/demo1/model/cheese3d_demo_model/backend/cheese3d_demo_model-houlab-2025-05-28/labeled-data/20231031_chew_record_L/CollectedData_houlab.h5,15,28
Q0470,1,20231031_chew_record_L,img329532.png,/data/disk2/home/tony/demo1/model/cheese3d_demo_model/backend/cheese3d_demo_model-houlab-2025-05-28/labeled-data/20231031_chew_record_L/img329532.png,/data/disk2/home/tony/demo1/model/cheese3d_demo_model/backend/cheese3d_demo_model-houlab-2025-05-28/labeled-data/20231031_chew_record_L/CollectedData_houlab.h5,17,28
Q0471,1,20231031_chew_record_L,img346318.png,/data/disk2/home/tony/demo1/model/cheese3d_demo_model/backend/cheese3d_demo_model-houlab-2025-05-28/labeled-data/20231031_chew_record_L/img346318.png,/data/disk2/home/tony/demo1/model/cheese3d_demo_model/backend/cheese3d_demo_model-houlab-2025-05-28/labeled-data/20231031_chew_record_L/CollectedData_houlab.h5,17,28
Q0472,1,20231031_chew_record_L,img368778.png,/data/disk2/home/tony/demo1/model/cheese3d_demo_model/backend/cheese3d_demo_model-houlab-2025-05-28/labeled-data/20231031_chew_record_L/img368778.png,/data/disk2/home/tony/demo1/model/cheese3d_demo_model/backend/cheese3d_demo_model-houlab-2025-05-28/labeled-data/20231031_chew_record_L/CollectedData_houlab.h5,17,28
Q0473,1,20231031_chew_record_L,img386351.png,/data/disk2/home/tony/demo1/model/cheese3d_demo_model/backend/cheese3d_demo_model-houlab-2025-05-28/labeled-data/20231031_chew_record_L/img386351.png,/data/disk2/home/tony/demo1/model/cheese3d_demo_model/backend/cheese3d_demo_model-houlab-2025-05-28/labeled-data/20231031_chew_record_L/CollectedData_houlab.h5,17,28
Q0474,1,20231031_chew_record_L,img392193.png,/data/disk2/home/tony/demo1/model/cheese3d_demo_model/backend/cheese3d_demo_model-houlab-2025-05-28/labeled-data/20231031_chew_record_L/img392193.png,/data/disk2/home/tony/demo1/model/cheese3d_demo_model/backend/cheese3d_demo_model-houlab-2025-05-28/labeled-data/20231031_chew_record_L/CollectedData_houlab.h5,17,28
Q0475,1,20231031_chew_record_L,img401963.png,/data/disk2/home/tony/demo1/model/cheese3d_demo_model/backend/cheese3d_demo_model-houlab-2025-05-28/labeled-data/20231031_chew_record_L/img401963.png,/data/disk2/home/tony/demo1/model/cheese3d_demo_model/backend/cheese3d_demo_model-houlab-2025-05-28/labeled-data/20231031_chew_record_L/CollectedData_houlab.h5,17,28
Q0476,1,20231031_chew_record_L,img415688.png,/data/disk2/home/tony/demo1/model/cheese3d_demo_model/backend/cheese3d_demo_model-houlab-2025-05-28/labeled-data/20231031_chew_record_L/img415688.png,/data/disk2/home/tony/demo1/model/cheese3d_demo_model/backend/cheese3d_demo_model-houlab-2025-05-28/labeled-data/20231031_chew_record_L/CollectedData_houlab.h5,17,28
Q0477,1,20231031_chew_record_L,img424012.png,/data/disk2/home/tony/demo1/model/cheese3d_demo_model/backend/cheese3d_demo_model-houlab-2025-05-28/labeled-data/20231031_chew_record_L/img424012.png,/data/disk2/home/tony/demo1/model/cheese3d_demo_model/backend/cheese3d_demo_model-houlab-2025-05-28/labeled-data/20231031_chew_record_L/CollectedData_houlab.h5,16,28
Q0478,1,20231031_chew_record_L,img464428.png,/data/disk2/home/tony/demo1/model/cheese3d_demo_model/backend/cheese3d_demo_model-houlab-2025-05-28/labeled-data/20231031_chew_record_L/img464428.png,/data/disk2/home/tony/demo1/model/cheese3d_demo_model/backend/cheese3d_demo_model-houlab-2025-05-28/labeled-data/20231031_chew_record_L/CollectedData_houlab.h5,17,28
Q0479,1,20231031_chew_record_L,img486154.png,/data/disk2/home/tony/demo1/model/cheese3d_demo_model/backend/cheese3d_demo_model-houlab-2025-05-28/labeled-data/20231031_chew_record_L/img486154.png,/data/disk2/home/tony/demo1/model/cheese3d_demo_model/backend/cheese3d_demo_model-houlab-2025-05-28/labeled-data/20231031_chew_record_L/CollectedData_houlab.h5,17,28
Q0480,1,20231031_chew_record_L,img488521.png,/data/disk2/home/tony/demo1/model/cheese3d_demo_model/backend/cheese3d_demo_model-houlab-2025-05-28/labeled-data/20231031_chew_record_L/img488521.png,/data/disk2/home/tony/demo1/model/cheese3d_demo_model/backend/cheese3d_demo_model-houlab-2025-05-28/labeled-data/20231031_chew_record_L/CollectedData_houlab.h5,17,28
Q0481,1,20231031_chew_record_L,img511074.png,/data/disk2/home/tony/demo1/model/cheese3d_demo_model/backend/cheese3d_demo_model-houlab-2025-05-28/labeled-data/20231031_chew_record_L/img511074.png,/data/disk2/home/tony/demo1/model/cheese3d_demo_model/backend/cheese3d_demo_model-houlab-2025-05-28/labeled-data/20231031_chew_record_L/CollectedData_houlab.h5,16,28
Q0482,1,20231031_chew_record_L,img512046.png,/data/disk2/home/tony/demo1/model/cheese3d_demo_model/backend/cheese3d_demo_model-houlab-2025-05-28/labeled-data/20231031_chew_record_L/img512046.png,/data/disk2/home/tony/demo1/model/cheese3d_demo_model/backend/cheese3d_demo_model-houlab-2025-05-28/labeled-data/20231031_chew_record_L/CollectedData_houlab.h5,17,28
Q0483,1,20231031_chew_record_L,img513411.png,/data/disk2/home/tony/demo1/model/cheese3d_demo_model/backend/cheese3d_demo_model-houlab-2025-05-28/labeled-data/20231031_chew_record_L/img513411.png,/data/disk2/home/tony/demo1/model/cheese3d_demo_model/backend/cheese3d_demo_model-houlab-2025-05-28/labeled-data/20231031_chew_record_L/CollectedData_houlab.h5,16,28
Q0484,1,20231031_chew_record_L,img530507.png,/data/disk2/home/tony/demo1/model/cheese3d_demo_model/backend/cheese3d_demo_model-houlab-2025-05-28/labeled-data/20231031_chew_record_L/img530507.png,/data/disk2/home/tony/demo1/model/cheese3d_demo_model/backend/cheese3d_demo_model-houlab-2025-05-28/labeled-data/20231031_chew_record_L/CollectedData_houlab.h5,15,28
Q0485,1,20231031_chew_record_L,img546265.png,/data/disk2/home/tony/demo1/model/cheese3d_demo_model/backend/cheese3d_demo_model-houlab-2025-05-28/labeled-data/20231031_chew_record_L/img546265.png,/data/disk2/home/tony/demo1/model/cheese3d_demo_model/backend/cheese3d_demo_model-houlab-2025-05-28/labeled-data/20231031_chew_record_L/CollectedData_houlab.h5,16,28
Q0486,1,20231031_chew_record_L,img569682.png,/data/disk2/home/tony/demo1/model/cheese3d_demo_model/backend/cheese3d_demo_model-houlab-2025-05-28/labeled-data/20231031_chew_record_L/img569682.png,/data/disk2/home/tony/demo1/model/cheese3d_demo_model/backend/cheese3d_demo_model-houlab-2025-05-28/labeled-data/20231031_chew_record_L/CollectedData_houlab.h5,17,28
Q0487,1,20231031_chew_record_L,img574430.png,/data/disk2/home/tony/demo1/model/cheese3d_demo_model/backend/cheese3d_demo_model-houlab-2025-05-28/labeled-data/20231031_chew_record_L/img574430.png,/data/disk2/home/tony/demo1/model/cheese3d_demo_model/backend/cheese3d_demo_model-houlab-2025-05-28/labeled-data/20231031_chew_record_L/CollectedData_houlab.h5,17,28
Q0488,1,20231031_chew_record_L,img702571.png,/data/disk2/home/tony/demo1/model/cheese3d_demo_model/backend/cheese3d_demo_model-houlab-2025-05-28/labeled-data/20231031_chew_record_L/img702571.png,/data/disk2/home/tony/demo1/model/cheese3d_demo_model/backend/cheese3d_demo_model-houlab-2025-05-28/labeled-data/20231031_chew_record_L/CollectedData_houlab.h5,17,28
Q0489,1,20231031_chew_record_L,img735543.png,/data/disk2/home/tony/demo1/model/cheese3d_demo_model/backend/cheese3d_demo_model-houlab-2025-05-28/labeled-data/20231031_chew_record_L/img735543.png,/data/disk2/home/tony/demo1/model/cheese3d_demo_model/backend/cheese3d_demo_model-houlab-2025-05-28/labeled-data/20231031_chew_record_L/CollectedData_houlab.h5,17,28
Q0490,1,20231031_chew_record_L,img735563.png,/data/disk2/home/tony/demo1/model/cheese3d_demo_model/backend/cheese3d_demo_model-houlab-2025-05-28/labeled-data/20231031_chew_record_L/img735563.png,/data/disk2/home/tony/demo1/model/cheese3d_demo_model/backend/cheese3d_demo_model-houlab-2025-05-28/labeled-data/20231031_chew_record_L/CollectedData_houlab.h5,17,28
Q0491,1,20231031_chew_record_L,img735858.png,/data/disk2/home/tony/demo1/model/cheese3d_demo_model/backend/cheese3d_demo_model-houlab-2025-05-28/labeled-data/20231031_chew_record_L/img735858.png,/data/disk2/home/tony/demo1/model/cheese3d_demo_model/backend/cheese3d_demo_model-houlab-2025-05-28/labeled-data/20231031_chew_record_L/CollectedData_houlab.h5,17,28
Q0492,1,20231031_chew_record_L,img766353.png,/data/disk2/home/tony/demo1/model/cheese3d_demo_model/backend/cheese3d_demo_model-houlab-2025-05-28/labeled-data/20231031_chew_record_L/img766353.png,/data/disk2/home/tony/demo1/model/cheese3d_demo_model/backend/cheese3d_demo_model-houlab-2025-05-28/labeled-data/20231031_chew_record_L/CollectedData_houlab.h5,17,28
Q0493,1,20231031_chew_record_L,img772055.png,/data/disk2/home/tony/demo1/model/cheese3d_demo_model/backend/cheese3d_demo_model-houlab-2025-05-28/labeled-data/20231031_chew_record_L/img772055.png,/data/disk2/home/tony/demo1/model/cheese3d_demo_model/backend/cheese3d_demo_model-houlab-2025-05-28/labeled-data/20231031_chew_record_L/CollectedData_houlab.h5,16,28
Q0494,1,20231031_chew_record_L,img795392.png,/data/disk2/home/tony/demo1/model/cheese3d_demo_model/backend/cheese3d_demo_model-houlab-2025-05-28/labeled-data/20231031_chew_record_L/img795392.png,/data/disk2/home/tony/demo1/model/cheese3d_demo_model/backend/cheese3d_demo_model-houlab-2025-05-28/labeled-data/20231031_chew_record_L/CollectedData_houlab.h5,17,28
Q0495,1,20231031_chew_record_L,img811409.png,/data/disk2/home/tony/demo1/model/cheese3d_demo_model/backend/cheese3d_demo_model-houlab-2025-05-28/labeled-data/20231031_chew_record_L/img811409.png,/data/disk2/home/tony/demo1/model/cheese3d_demo_model/backend/cheese3d_demo_model-houlab-2025-05-28/labeled-data/20231031_chew_record_L/CollectedData_houlab.h5,17,28
Q0496,1,20231031_chew_record_L,img827544.png,/data/disk2/home/tony/demo1/model/cheese3d_demo_model/backend/cheese3d_demo_model-houlab-2025-05-28/labeled-data/20231031_chew_record_L/img827544.png,/data/disk2/home/tony/demo1/model/cheese3d_demo_model/backend/cheese3d_demo_model-houlab-2025-05-28/labeled-data/20231031_chew_record_L/CollectedData_houlab.h5,17,28
Q0497,1,20231031_chew_record_R,im10039.png,/data/disk2/home/tony/demo1/model/cheese3d_demo_model/backend/cheese3d_demo_model-houlab-2025-05-28/labeled-data/20231031_chew_record_R/im10039.png,/data/disk2/home/tony/demo1/model/cheese3d_demo_model/backend/cheese3d_demo_model-houlab-2025-05-28/labeled-data/20231031_chew_record_R/CollectedData_houlab.h5,17,28
Q0498,1,20231031_chew_record_R,im10058.png,/data/disk2/home/tony/demo1/model/cheese3d_demo_model/backend/cheese3d_demo_model-houlab-2025-05-28/labeled-data/20231031_chew_record_R/im10058.png,/data/disk2/home/tony/demo1/model/cheese3d_demo_model/backend/cheese3d_demo_model-houlab-2025-05-28/labeled-data/20231031_chew_record_R/CollectedData_houlab.h5,17,28
Q0499,1,20231031_chew_record_R,im10059.png,/data/disk2/home/tony/demo1/model/cheese3d_demo_model/backend/cheese3d_demo_model-houlab-2025-05-28/labeled-data/20231031_chew_record_R/im10059.png,/data/disk2/home/tony/demo1/model/cheese3d_demo_model/backend/cheese3d_demo_model-houlab-2025-05-28/labeled-data/20231031_chew_record_R/CollectedData_houlab.h5,17,28
Q0500,1,20231031_chew_record_R,im10070.png,/data/disk2/home/tony/demo1/model/cheese3d_demo_model/backend/cheese3d_demo_model-houlab-2025-05-28/labeled-data/20231031_chew_record_R/im10070.png,/data/disk2/home/tony/demo1/model/cheese3d_demo_model/backend/cheese3d_demo_model-houlab-2025-05-28/labeled-data/20231031_chew_record_R/CollectedData_houlab.h5,17,28
Q0501,1,20231031_chew_record_R,im10148.png,/data/disk2/home/tony/demo1/model/cheese3d_demo_model/backend/cheese3d_demo_model-houlab-2025-05-28/labeled-data/20231031_chew_record_R/im10148.png,/data/disk2/home/tony/demo1/model/cheese3d_demo_model/backend/cheese3d_demo_model-houlab-2025-05-28/labeled-data/20231031_chew_record_R/CollectedData_houlab.h5,17,28
Q0502,1,20231031_chew_record_R,im10281.png,/data/disk2/home/tony/demo1/model/cheese3d_demo_model/backend/cheese3d_demo_model-houlab-2025-05-28/labeled-data/20231031_chew_record_R/im10281.png,/data/disk2/home/tony/demo1/model/cheese3d_demo_model/backend/cheese3d_demo_model-houlab-2025-05-28/labeled-data/20231031_chew_record_R/CollectedData_houlab.h5,15,28
Q0503,1,20231031_chew_record_R,im10284.png,/data/disk2/home/tony/demo1/model/cheese3d_demo_model/backend/cheese3d_demo_model-houlab-2025-05-28/labeled-data/20231031_chew_record_R/im10284.png,/data/disk2/home/tony/demo1/model/cheese3d_demo_model/backend/cheese3d_demo_model-houlab-2025-05-28/labeled-data/20231031_chew_record_R/CollectedData_houlab.h5,16,28
Q0504,1,20231031_chew_record_R,im10523.png,/data/disk2/home/tony/demo1/model/cheese3d_demo_model/backend/cheese3d_demo_model-houlab-2025-05-28/labeled-data/20231031_chew_record_R/im10523.png,/data/disk2/home/tony/demo1/model/cheese3d_demo_model/backend/cheese3d_demo_model-houlab-2025-05-28/labeled-data/20231031_chew_record_R/CollectedData_houlab.h5,17,28
Q0505,1,20231031_chew_record_R,im25587.png,/data/disk2/home/tony/demo1/model/cheese3d_demo_model/backend/cheese3d_demo_model-houlab-2025-05-28/labeled-data/20231031_chew_record_R/im25587.png,/data/disk2/home/tony/demo1/model/cheese3d_demo_model/backend/cheese3d_demo_model-houlab-2025-05-28/labeled-data/20231031_chew_record_R/CollectedData_houlab.h5,17,28
Q0506,1,20231031_chew_record_R,im9717.png,/data/disk2/home/tony/demo1/model/cheese3d_demo_model/backend/cheese3d_demo_model-houlab-2025-05-28/labeled-data/20231031_chew_record_R/im9717.png,/data/disk2/home/tony/demo1/model/cheese3d_demo_model/backend/cheese3d_demo_model-houlab-2025-05-28/labeled-data/20231031_chew_record_R/CollectedData_houlab.h5,16,28
Q0507,1,20231031_chew_record_R,im9743.png,/data/disk2/home/tony/demo1/model/cheese3d_demo_model/backend/cheese3d_demo_model-houlab-2025-05-28/labeled-data/20231031_chew_record_R/im9743.png,/data/disk2/home/tony/demo1/model/cheese3d_demo_model/backend/cheese3d_demo_model-houlab-2025-05-28/labeled-data/20231031_chew_record_R/CollectedData_houlab.h5,16,28
Q0508,1,20231031_chew_record_R,im9800.png,/data/disk2/home/tony/demo1/model/cheese3d_demo_model/backend/cheese3d_demo_model-houlab-2025-05-28/labeled-data/20231031_chew_record_R/im9800.png,/data/disk2/home/tony/demo1/model/cheese3d_demo_model/backend/cheese3d_demo_model-houlab-2025-05-28/labeled-data/20231031_chew_record_R/CollectedData_houlab.h5,17,28
Q0509,1,20231031_chew_record_R,im9817.png,/data/disk2/home/tony/demo1/model/cheese3d_demo_model/backend/cheese3d_demo_model-houlab-2025-05-28/labeled-data/20231031_chew_record_R/im9817.png,/data/disk2/home/tony/demo1/model/cheese3d_demo_model/backend/cheese3d_demo_model-houlab-2025-05-28/labeled-data/20231031_chew_record_R/CollectedData_houlab.h5,17,28
Q0510,1,20231031_chew_record_R,im9821.png,/data/disk2/home/tony/demo1/model/cheese3d_demo_model/backend/cheese3d_demo_model-houlab-2025-05-28/labeled-data/20231031_chew_record_R/im9821.png,/data/disk2/home/tony/demo1/model/cheese3d_demo_model/backend/cheese3d_demo_model-houlab-2025-05-28/labeled-data/20231031_chew_record_R/CollectedData_houlab.h5,17,28
Q0511,1,20231031_chew_record_R,im9835.png,/data/disk2/home/tony/demo1/model/cheese3d_demo_model/backend/cheese3d_demo_model-houlab-2025-05-28/labeled-data/20231031_chew_record_R/im9835.png,/data/disk2/home/tony/demo1/model/cheese3d_demo_model/backend/cheese3d_demo_model-houlab-2025-05-28/labeled-data/20231031_chew_record_R/CollectedData_houlab.h5,17,28
Q0512,1,20231031_chew_record_R,im9851.png,/data/disk2/home/tony/demo1/model/cheese3d_demo_model/backend/cheese3d_demo_model-houlab-2025-05-28/labeled-data/20231031_chew_record_R/im9851.png,/data/disk2/home/tony/demo1/model/cheese3d_demo_model/backend/cheese3d_demo_model-houlab-2025-05-28/labeled-data/20231031_chew_record_R/CollectedData_houlab.h5,16,28
Q0513,1,20231031_chew_record_R,im9857.png,/data/disk2/home/tony/demo1/model/cheese3d_demo_model/backend/cheese3d_demo_model-houlab-2025-05-28/labeled-data/20231031_chew_record_R/im9857.png,/data/disk2/home/tony/demo1/model/cheese3d_demo_model/backend/cheese3d_demo_model-houlab-2025-05-28/labeled-data/20231031_chew_record_R/CollectedData_houlab.h5,17,28
Q0514,1,20231031_chew_record_R,im9927.png,/data/disk2/home/tony/demo1/model/cheese3d_demo_model/backend/cheese3d_demo_model-houlab-2025-05-28/labeled-data/20231031_chew_record_R/im9927.png,/data/disk2/home/tony/demo1/model/cheese3d_demo_model/backend/cheese3d_demo_model-houlab-2025-05-28/labeled-data/20231031_chew_record_R/CollectedData_houlab.h5,17,28
Q0515,1,20231031_chew_record_R,im9934.png,/data/disk2/home/tony/demo1/model/cheese3d_demo_model/backend/cheese3d_demo_model-houlab-2025-05-28/labeled-data/20231031_chew_record_R/im9934.png,/data/disk2/home/tony/demo1/model/cheese3d_demo_model/backend/cheese3d_demo_model-houlab-2025-05-28/labeled-data/20231031_chew_record_R/CollectedData_houlab.h5,17,28
Q0516,1,20231031_chew_record_R,im9956.png,/data/disk2/home/tony/demo1/model/cheese3d_demo_model/backend/cheese3d_demo_model-houlab-2025-05-28/labeled-data/20231031_chew_record_R/im9956.png,/data/disk2/home/tony/demo1/model/cheese3d_demo_model/backend/cheese3d_demo_model-houlab-2025-05-28/labeled-data/20231031_chew_record_R/CollectedData_houlab.h5,16,28
Q0517,1,20231031_chew_record_R,im9988.png,/data/disk2/home/tony/demo1/model/cheese3d_demo_model/backend/cheese3d_demo_model-houlab-2025-05-28/labeled-data/20231031_chew_record_R/im9988.png,/data/disk2/home/tony/demo1/model/cheese3d_demo_model/backend/cheese3d_demo_model-houlab-2025-05-28/labeled-data/20231031_chew_record_R/CollectedData_houlab.h5,16,28
Q0518,1,20231031_chew_record_R,img025821.png,/data/disk2/home/tony/demo1/model/cheese3d_demo_model/backend/cheese3d_demo_model-houlab-2025-05-28/labeled-data/20231031_chew_record_R/img025821.png,/data/disk2/home/tony/demo1/model/cheese3d_demo_model/backend/cheese3d_demo_model-houlab-2025-05-28/labeled-data/20231031_chew_record_R/CollectedData_houlab.h5,17,28
Q0519,1,20231031_chew_record_R,img035759.png,/data/disk2/home/tony/demo1/model/cheese3d_demo_model/backend/cheese3d_demo_model-houlab-2025-05-28/labeled-data/20231031_chew_record_R/img035759.png,/data/disk2/home/tony/demo1/model/cheese3d_demo_model/backend/cheese3d_demo_model-houlab-2025-05-28/labeled-data/20231031_chew_record_R/CollectedData_houlab.h5,17,28
Q0520,1,20231031_chew_record_R,img044955.png,/data/disk2/home/tony/demo1/model/cheese3d_demo_model/backend/cheese3d_demo_model-houlab-2025-05-28/labeled-data/20231031_chew_record_R/img044955.png,/data/disk2/home/tony/demo1/model/cheese3d_demo_model/backend/cheese3d_demo_model-houlab-2025-05-28/labeled-data/20231031_chew_record_R/CollectedData_houlab.h5,17,28
Q0521,1,20231031_chew_record_R,img045202.png,/data/disk2/home/tony/demo1/model/cheese3d_demo_model/backend/cheese3d_demo_model-houlab-2025-05-28/labeled-data/20231031_chew_record_R/img045202.png,/data/disk2/home/tony/demo1/model/cheese3d_demo_model/backend/cheese3d_demo_model-houlab-2025-05-28/labeled-data/20231031_chew_record_R/CollectedData_houlab.h5,17,28
Q0522,1,20231031_chew_record_R,img057794.png,/data/disk2/home/tony/demo1/model/cheese3d_demo_model/backend/cheese3d_demo_model-houlab-2025-05-28/labeled-data/20231031_chew_record_R/img057794.png,/data/disk2/home/tony/demo1/model/cheese3d_demo_model/backend/cheese3d_demo_model-houlab-2025-05-28/labeled-data/20231031_chew_record_R/CollectedData_houlab.h5,17,28
Q0523,1,20231031_chew_record_R,img102674.png,/data/disk2/home/tony/demo1/model/cheese3d_demo_model/backend/cheese3d_demo_model-houlab-2025-05-28/labeled-data/20231031_chew_record_R/img102674.png,/data/disk2/home/tony/demo1/model/cheese3d_demo_model/backend/cheese3d_demo_model-houlab-2025-05-28/labeled-data/20231031_chew_record_R/CollectedData_houlab.h5,17,28
Q0524,1,20231031_chew_record_R,img112427.png,/data/disk2/home/tony/demo1/model/cheese3d_demo_model/backend/cheese3d_demo_model-houlab-2025-05-28/labeled-data/20231031_chew_record_R/img112427.png,/data/disk2/home/tony/demo1/model/cheese3d_demo_model/backend/cheese3d_demo_model-houlab-2025-05-28/labeled-data/20231031_chew_record_R/CollectedData_houlab.h5,16,28
Q0525,1,20231031_chew_record_R,img114422.png,/data/disk2/home/tony/demo1/model/cheese3d_demo_model/backend/cheese3d_demo_model-houlab-2025-05-28/labeled-data/20231031_chew_record_R/img114422.png,/data/disk2/home/tony/demo1/model/cheese3d_demo_model/backend/cheese3d_demo_model-houlab-2025-05-28/labeled-data/20231031_chew_record_R/CollectedData_houlab.h5,17,28
Q0526,1,20231031_chew_record_R,img121026.png,/data/disk2/home/tony/demo1/model/cheese3d_demo_model/backend/cheese3d_demo_model-houlab-2025-05-28/labeled-data/20231031_chew_record_R/img121026.png,/data/disk2/home/tony/demo1/model/cheese3d_demo_model/backend/cheese3d_demo_model-houlab-2025-05-28/labeled-data/20231031_chew_record_R/CollectedData_houlab.h5,17,28
Q0527,1,20231031_chew_record_R,img135250.png,/data/disk2/home/tony/demo1/model/cheese3d_demo_model/backend/cheese3d_demo_model-houlab-2025-05-28/labeled-data/20231031_chew_record_R/img135250.png,/data/disk2/home/tony/demo1/model/cheese3d_demo_model/backend/cheese3d_demo_model-houlab-2025-05-28/labeled-data/20231031_chew_record_R/CollectedData_houlab.h5,17,28
Q0528,1,20231031_chew_record_R,img149401.png,/data/disk2/home/tony/demo1/model/cheese3d_demo_model/backend/cheese3d_demo_model-houlab-2025-05-28/labeled-data/20231031_chew_record_R/img149401.png,/data/disk2/home/tony/demo1/model/cheese3d_demo_model/backend/cheese3d_demo_model-houlab-2025-05-28/labeled-data/20231031_chew_record_R/CollectedData_houlab.h5,17,28
Q0529,1,20231031_chew_record_R,img173079.png,/data/disk2/home/tony/demo1/model/cheese3d_demo_model/backend/cheese3d_demo_model-houlab-2025-05-28/labeled-data/20231031_chew_record_R/img173079.png,/data/disk2/home/tony/demo1/model/cheese3d_demo_model/backend/cheese3d_demo_model-houlab-2025-05-28/labeled-data/20231031_chew_record_R/CollectedData_houlab.h5,16,28
Q0530,1,20231031_chew_record_R,img215828.png,/data/disk2/home/tony/demo1/model/cheese3d_demo_model/backend/cheese3d_demo_model-houlab-2025-05-28/labeled-data/20231031_chew_record_R/img215828.png,/data/disk2/home/tony/demo1/model/cheese3d_demo_model/backend/cheese3d_demo_model-houlab-2025-05-28/labeled-data/20231031_chew_record_R/CollectedData_houlab.h5,17,28
Q0531,1,20231031_chew_record_R,img216010.png,/data/disk2/home/tony/demo1/model/cheese3d_demo_model/backend/cheese3d_demo_model-houlab-2025-05-28/labeled-data/20231031_chew_record_R/img216010.png,/data/disk2/home/tony/demo1/model/cheese3d_demo_model/backend/cheese3d_demo_model-houlab-2025-05-28/labeled-data/20231031_chew_record_R/CollectedData_houlab.h5,17,28
Q0532,1,20231031_chew_record_R,img234254.png,/data/disk2/home/tony/demo1/model/cheese3d_demo_model/backend/cheese3d_demo_model-houlab-2025-05-28/labeled-data/20231031_chew_record_R/img234254.png,/data/disk2/home/tony/demo1/model/cheese3d_demo_model/backend/cheese3d_demo_model-houlab-2025-05-28/labeled-data/20231031_chew_record_R/CollectedData_houlab.h5,17,28
Q0533,1,20231031_chew_record_R,img254537.png,/data/disk2/home/tony/demo1/model/cheese3d_demo_model/backend/cheese3d_demo_model-houlab-2025-05-28/labeled-data/20231031_chew_record_R/img254537.png,/data/disk2/home/tony/demo1/model/cheese3d_demo_model/backend/cheese3d_demo_model-houlab-2025-05-28/labeled-data/20231031_chew_record_R/CollectedData_houlab.h5,17,28
Q0534,1,20231031_chew_record_R,img283765.png,/data/disk2/home/tony/demo1/model/cheese3d_demo_model/backend/cheese3d_demo_model-houlab-2025-05-28/labeled-data/20231031_chew_record_R/img283765.png,/data/disk2/home/tony/demo1/model/cheese3d_demo_model/backend/cheese3d_demo_model-houlab-2025-05-28/labeled-data/20231031_chew_record_R/CollectedData_houlab.h5,17,28
Q0535,1,20231031_chew_record_R,img307272.png,/data/disk2/home/tony/demo1/model/cheese3d_demo_model/backend/cheese3d_demo_model-houlab-2025-05-28/labeled-data/20231031_chew_record_R/img307272.png,/data/disk2/home/tony/demo1/model/cheese3d_demo_model/backend/cheese3d_demo_model-houlab-2025-05-28/labeled-data/20231031_chew_record_R/CollectedData_houlab.h5,15,28
Q0536,1,20231031_chew_record_R,img366060.png,/data/disk2/home/tony/demo1/model/cheese3d_demo_model/backend/cheese3d_demo_model-houlab-2025-05-28/labeled-data/20231031_chew_record_R/img366060.png,/data/disk2/home/tony/demo1/model/cheese3d_demo_model/backend/cheese3d_demo_model-houlab-2025-05-28/labeled-data/20231031_chew_record_R/CollectedData_houlab.h5,17,28
Q0537,1,20231031_chew_record_R,img397943.png,/data/disk2/home/tony/demo1/model/cheese3d_demo_model/backend/cheese3d_demo_model-houlab-2025-05-28/labeled-data/20231031_chew_record_R/img397943.png,/data/disk2/home/tony/demo1/model/cheese3d_demo_model/backend/cheese3d_demo_model-houlab-2025-05-28/labeled-data/20231031_chew_record_R/CollectedData_houlab.h5,17,28
Q0538,1,20231031_chew_record_R,img409145.png,/data/disk2/home/tony/demo1/model/cheese3d_demo_model/backend/cheese3d_demo_model-houlab-2025-05-28/labeled-data/20231031_chew_record_R/img409145.png,/data/disk2/home/tony/demo1/model/cheese3d_demo_model/backend/cheese3d_demo_model-houlab-2025-05-28/labeled-data/20231031_chew_record_R/CollectedData_houlab.h5,16,28
Q0539,1,20231031_chew_record_R,img439181.png,/data/disk2/home/tony/demo1/model/cheese3d_demo_model/backend/cheese3d_demo_model-houlab-2025-05-28/labeled-data/20231031_chew_record_R/img439181.png,/data/disk2/home/tony/demo1/model/cheese3d_demo_model/backend/cheese3d_demo_model-houlab-2025-05-28/labeled-data/20231031_chew_record_R/CollectedData_houlab.h5,17,28
Q0540,1,20231031_chew_record_R,img443681.png,/data/disk2/home/tony/demo1/model/cheese3d_demo_model/backend/cheese3d_demo_model-houlab-2025-05-28/labeled-data/20231031_chew_record_R/img443681.png,/data/disk2/home/tony/demo1/model/cheese3d_demo_model/backend/cheese3d_demo_model-houlab-2025-05-28/labeled-data/20231031_chew_record_R/CollectedData_houlab.h5,16,28
Q0541,1,20231031_chew_record_R,img446054.png,/data/disk2/home/tony/demo1/model/cheese3d_demo_model/backend/cheese3d_demo_model-houlab-2025-05-28/labeled-data/20231031_chew_record_R/img446054.png,/data/disk2/home/tony/demo1/model/cheese3d_demo_model/backend/cheese3d_demo_model-houlab-2025-05-28/labeled-data/20231031_chew_record_R/CollectedData_houlab.h5,16,28
Q0542,1,20231031_chew_record_R,img446654.png,/data/disk2/home/tony/demo1/model/cheese3d_demo_model/backend/cheese3d_demo_model-houlab-2025-05-28/labeled-data/20231031_chew_record_R/img446654.png,/data/disk2/home/tony/demo1/model/cheese3d_demo_model/backend/cheese3d_demo_model-houlab-2025-05-28/labeled-data/20231031_chew_record_R/CollectedData_houlab.h5,17,28
Q0543,1,20231031_chew_record_R,img456515.png,/data/disk2/home/tony/demo1/model/cheese3d_demo_model/backend/cheese3d_demo_model-houlab-2025-05-28/labeled-data/20231031_chew_record_R/img456515.png,/data/disk2/home/tony/demo1/model/cheese3d_demo_model/backend/cheese3d_demo_model-houlab-2025-05-28/labeled-data/20231031_chew_record_R/CollectedData_houlab.h5,16,28
Q0544,1,20231031_chew_record_R,img458770.png,/data/disk2/home/tony/demo1/model/cheese3d_demo_model/backend/cheese3d_demo_model-houlab-2025-05-28/labeled-data/20231031_chew_record_R/img458770.png,/data/disk2/home/tony/demo1/model/cheese3d_demo_model/backend/cheese3d_demo_model-houlab-2025-05-28/labeled-data/20231031_chew_record_R/CollectedData_houlab.h5,14,28
Q0545,1,20231031_chew_record_R,img492768.png,/data/disk2/home/tony/demo1/model/cheese3d_demo_model/backend/cheese3d_demo_model-houlab-2025-05-28/labeled-data/20231031_chew_record_R/img492768.png,/data/disk2/home/tony/demo1/model/cheese3d_demo_model/backend/cheese3d_demo_model-houlab-2025-05-28/labeled-data/20231031_chew_record_R/CollectedData_houlab.h5,16,28
Q0546,1,20231031_chew_record_R,img506938.png,/data/disk2/home/tony/demo1/model/cheese3d_demo_model/backend/cheese3d_demo_model-houlab-2025-05-28/labeled-data/20231031_chew_record_R/img506938.png,/data/disk2/home/tony/demo1/model/cheese3d_demo_model/backend/cheese3d_demo_model-houlab-2025-05-28/labeled-data/20231031_chew_record_R/CollectedData_houlab.h5,17,28
Q0547,1,20231031_chew_record_R,img507187.png,/data/disk2/home/tony/demo1/model/cheese3d_demo_model/backend/cheese3d_demo_model-houlab-2025-05-28/labeled-data/20231031_chew_record_R/img507187.png,/data/disk2/home/tony/demo1/model/cheese3d_demo_model/backend/cheese3d_demo_model-houlab-2025-05-28/labeled-data/20231031_chew_record_R/CollectedData_houlab.h5,16,28
Q0548,1,20231031_chew_record_R,img514946.png,/data/disk2/home/tony/demo1/model/cheese3d_demo_model/backend/cheese3d_demo_model-houlab-2025-05-28/labeled-data/20231031_chew_record_R/img514946.png,/data/disk2/home/tony/demo1/model/cheese3d_demo_model/backend/cheese3d_demo_model-houlab-2025-05-28/labeled-data/20231031_chew_record_R/CollectedData_houlab.h5,16,28
Q0549,1,20231031_chew_record_R,img542758.png,/data/disk2/home/tony/demo1/model/cheese3d_demo_model/backend/cheese3d_demo_model-houlab-2025-05-28/labeled-data/20231031_chew_record_R/img542758.png,/data/disk2/home/tony/demo1/model/cheese3d_demo_model/backend/cheese3d_demo_model-houlab-2025-05-28/labeled-data/20231031_chew_record_R/CollectedData_houlab.h5,17,28
Q0550,1,20231031_chew_record_R,img549656.png,/data/disk2/home/tony/demo1/model/cheese3d_demo_model/backend/cheese3d_demo_model-houlab-2025-05-28/labeled-data/20231031_chew_record_R/img549656.png,/data/disk2/home/tony/demo1/model/cheese3d_demo_model/backend/cheese3d_demo_model-houlab-2025-05-28/labeled-data/20231031_chew_record_R/CollectedData_houlab.h5,16,28
Q0551,1,20231031_chew_record_R,img552587.png,/data/disk2/home/tony/demo1/model/cheese3d_demo_model/backend/cheese3d_demo_model-houlab-2025-05-28/labeled-data/20231031_chew_record_R/img552587.png,/data/disk2/home/tony/demo1/model/cheese3d_demo_model/backend/cheese3d_demo_model-houlab-2025-05-28/labeled-data/20231031_chew_record_R/CollectedData_houlab.h5,17,28
Q0552,1,20231031_chew_record_R,img587240.png,/data/disk2/home/tony/demo1/model/cheese3d_demo_model/backend/cheese3d_demo_model-houlab-2025-05-28/labeled-data/20231031_chew_record_R/img587240.png,/data/disk2/home/tony/demo1/model/cheese3d_demo_model/backend/cheese3d_demo_model-houlab-2025-05-28/labeled-data/20231031_chew_record_R/CollectedData_houlab.h5,17,28
Q0553,1,20231031_chew_record_R,img605237.png,/data/disk2/home/tony/demo1/model/cheese3d_demo_model/backend/cheese3d_demo_model-houlab-2025-05-28/labeled-data/20231031_chew_record_R/img605237.png,/data/disk2/home/tony/demo1/model/cheese3d_demo_model/backend/cheese3d_demo_model-houlab-2025-05-28/labeled-data/20231031_chew_record_R/CollectedData_houlab.h5,16,28
Q0554,1,20231031_chew_record_R,img621436.png,/data/disk2/home/tony/demo1/model/cheese3d_demo_model/backend/cheese3d_demo_model-houlab-2025-05-28/labeled-data/20231031_chew_record_R/img621436.png,/data/disk2/home/tony/demo1/model/cheese3d_demo_model/backend/cheese3d_demo_model-houlab-2025-05-28/labeled-data/20231031_chew_record_R/CollectedData_houlab.h5,17,28
Q0555,1,20231031_chew_record_R,img634984.png,/data/disk2/home/tony/demo1/model/cheese3d_demo_model/backend/cheese3d_demo_model-houlab-2025-05-28/labeled-data/20231031_chew_record_R/img634984.png,/data/disk2/home/tony/demo1/model/cheese3d_demo_model/backend/cheese3d_demo_model-houlab-2025-05-28/labeled-data/20231031_chew_record_R/CollectedData_houlab.h5,17,28
Q0556,1,20231031_chew_record_R,img668938.png,/data/disk2/home/tony/demo1/model/cheese3d_demo_model/backend/cheese3d_demo_model-houlab-2025-05-28/labeled-data/20231031_chew_record_R/img668938.png,/data/disk2/home/tony/demo1/model/cheese3d_demo_model/backend/cheese3d_demo_model-houlab-2025-05-28/labeled-data/20231031_chew_record_R/CollectedData_houlab.h5,17,28
Q0557,1,20231031_chew_record_R,img669015.png,/data/disk2/home/tony/demo1/model/cheese3d_demo_model/backend/cheese3d_demo_model-houlab-2025-05-28/labeled-data/20231031_chew_record_R/img669015.png,/data/disk2/home/tony/demo1/model/cheese3d_demo_model/backend/cheese3d_demo_model-houlab-2025-05-28/labeled-data/20231031_chew_record_R/CollectedData_houlab.h5,17,28
Q0558,1,20231031_chew_record_R,img674847.png,/data/disk2/home/tony/demo1/model/cheese3d_demo_model/backend/cheese3d_demo_model-houlab-2025-05-28/labeled-data/20231031_chew_record_R/img674847.png,/data/disk2/home/tony/demo1/model/cheese3d_demo_model/backend/cheese3d_demo_model-houlab-2025-05-28/labeled-data/20231031_chew_record_R/CollectedData_houlab.h5,16,28
Q0559,1,20231031_chew_record_R,img702725.png,/data/disk2/home/tony/demo1/model/cheese3d_demo_model/backend/cheese3d_demo_model-houlab-2025-05-28/labeled-data/20231031_chew_record_R/img702725.png,/data/disk2/home/tony/demo1/model/cheese3d_demo_model/backend/cheese3d_demo_model-houlab-2025-05-28/labeled-data/20231031_chew_record_R/CollectedData_houlab.h5,17,28
Q0560,1,20231031_chew_record_R,img705277.png,/data/disk2/home/tony/demo1/model/cheese3d_demo_model/backend/cheese3d_demo_model-houlab-2025-05-28/labeled-data/20231031_chew_record_R/img705277.png,/data/disk2/home/tony/demo1/model/cheese3d_demo_model/backend/cheese3d_demo_model-houlab-2025-05-28/labeled-data/20231031_chew_record_R/CollectedData_houlab.h5,17,28
Q0561,1,20231031_chew_record_R,img726351.png,/data/disk2/home/tony/demo1/model/cheese3d_demo_model/backend/cheese3d_demo_model-houlab-2025-05-28/labeled-data/20231031_chew_record_R/img726351.png,/data/disk2/home/tony/demo1/model/cheese3d_demo_model/backend/cheese3d_demo_model-houlab-2025-05-28/labeled-data/20231031_chew_record_R/CollectedData_houlab.h5,17,28
Q0562,1,20231031_chew_record_R,img728758.png,/data/disk2/home/tony/demo1/model/cheese3d_demo_model/backend/cheese3d_demo_model-houlab-2025-05-28/labeled-data/20231031_chew_record_R/img728758.png,/data/disk2/home/tony/demo1/model/cheese3d_demo_model/backend/cheese3d_demo_model-houlab-2025-05-28/labeled-data/20231031_chew_record_R/CollectedData_houlab.h5,17,28
Q0563,1,20231031_chew_record_R,img733414.png,/data/disk2/home/tony/demo1/model/cheese3d_demo_model/backend/cheese3d_demo_model-houlab-2025-05-28/labeled-data/20231031_chew_record_R/img733414.png,/data/disk2/home/tony/demo1/model/cheese3d_demo_model/backend/cheese3d_demo_model-houlab-2025-05-28/labeled-data/20231031_chew_record_R/CollectedData_houlab.h5,14,28
Q0564,1,20231031_chew_record_R,img782742.png,/data/disk2/home/tony/demo1/model/cheese3d_demo_model/backend/cheese3d_demo_model-houlab-2025-05-28/labeled-data/20231031_chew_record_R/img782742.png,/data/disk2/home/tony/demo1/model/cheese3d_demo_model/backend/cheese3d_demo_model-houlab-2025-05-28/labeled-data/20231031_chew_record_R/CollectedData_houlab.h5,16,28
Q0565,1,20231031_chew_record_R,img827333.png,/data/disk2/home/tony/demo1/model/cheese3d_demo_model/backend/cheese3d_demo_model-houlab-2025-05-28/labeled-data/20231031_chew_record_R/img827333.png,/data/disk2/home/tony/demo1/model/cheese3d_demo_model/backend/cheese3d_demo_model-houlab-2025-05-28/labeled-data/20231031_chew_record_R/CollectedData_houlab.h5,17,28
Q0566,1,20231031_chew_record_R,img833633.png,/data/disk2/home/tony/demo1/model/cheese3d_demo_model/backend/cheese3d_demo_model-houlab-2025-05-28/labeled-data/20231031_chew_record_R/img833633.png,/data/disk2/home/tony/demo1/model/cheese3d_demo_model/backend/cheese3d_demo_model-houlab-2025-05-28/labeled-data/20231031_chew_record_R/CollectedData_houlab.h5,16,28
Q0567,1,20231031_chew_record_R,img835764.png,/data/disk2/home/tony/demo1/model/cheese3d_demo_model/backend/cheese3d_demo_model-houlab-2025-05-28/labeled-data/20231031_chew_record_R/img835764.png,/data/disk2/home/tony/demo1/model/cheese3d_demo_model/backend/cheese3d_demo_model-houlab-2025-05-28/labeled-data/20231031_chew_record_R/CollectedData_houlab.h5,15,28
Q0568,1,20231031_chew_record_TC,img005384.png,/data/disk2/home/tony/demo1/model/cheese3d_demo_model/backend/cheese3d_demo_model-houlab-2025-05-28/labeled-data/20231031_chew_record_TC/img005384.png,/data/disk2/home/tony/demo1/model/cheese3d_demo_model/backend/cheese3d_demo_model-houlab-2025-05-28/labeled-data/20231031_chew_record_TC/CollectedData_houlab.h5,10,28
Q0569,1,20231031_chew_record_TC,img035701.png,/data/disk2/home/tony/demo1/model/cheese3d_demo_model/backend/cheese3d_demo_model-houlab-2025-05-28/labeled-data/20231031_chew_record_TC/img035701.png,/data/disk2/home/tony/demo1/model/cheese3d_demo_model/backend/cheese3d_demo_model-houlab-2025-05-28/labeled-data/20231031_chew_record_TC/CollectedData_houlab.h5,10,28
Q0570,1,20231031_chew_record_TC,img046736.png,/data/disk2/home/tony/demo1/model/cheese3d_demo_model/backend/cheese3d_demo_model-houlab-2025-05-28/labeled-data/20231031_chew_record_TC/img046736.png,/data/disk2/home/tony/demo1/model/cheese3d_demo_model/backend/cheese3d_demo_model-houlab-2025-05-28/labeled-data/20231031_chew_record_TC/CollectedData_houlab.h5,10,28
Q0571,1,20231031_chew_record_TC,img048791.png,/data/disk2/home/tony/demo1/model/cheese3d_demo_model/backend/cheese3d_demo_model-houlab-2025-05-28/labeled-data/20231031_chew_record_TC/img048791.png,/data/disk2/home/tony/demo1/model/cheese3d_demo_model/backend/cheese3d_demo_model-houlab-2025-05-28/labeled-data/20231031_chew_record_TC/CollectedData_houlab.h5,10,28
Q0572,1,20231031_chew_record_TC,img057681.png,/data/disk2/home/tony/demo1/model/cheese3d_demo_model/backend/cheese3d_demo_model-houlab-2025-05-28/labeled-data/20231031_chew_record_TC/img057681.png,/data/disk2/home/tony/demo1/model/cheese3d_demo_model/backend/cheese3d_demo_model-houlab-2025-05-28/labeled-data/20231031_chew_record_TC/CollectedData_houlab.h5,10,28
Q0573,1,20231031_chew_record_TC,img099776.png,/data/disk2/home/tony/demo1/model/cheese3d_demo_model/backend/cheese3d_demo_model-houlab-2025-05-28/labeled-data/20231031_chew_record_TC/img099776.png,/data/disk2/home/tony/demo1/model/cheese3d_demo_model/backend/cheese3d_demo_model-houlab-2025-05-28/labeled-data/20231031_chew_record_TC/CollectedData_houlab.h5,10,28
Q0574,1,20231031_chew_record_TC,img106661.png,/data/disk2/home/tony/demo1/model/cheese3d_demo_model/backend/cheese3d_demo_model-houlab-2025-05-28/labeled-data/20231031_chew_record_TC/img106661.png,/data/disk2/home/tony/demo1/model/cheese3d_demo_model/backend/cheese3d_demo_model-houlab-2025-05-28/labeled-data/20231031_chew_record_TC/CollectedData_houlab.h5,10,28
Q0575,1,20231031_chew_record_TC,img147413.png,/data/disk2/home/tony/demo1/model/cheese3d_demo_model/backend/cheese3d_demo_model-houlab-2025-05-28/labeled-data/20231031_chew_record_TC/img147413.png,/data/disk2/home/tony/demo1/model/cheese3d_demo_model/backend/cheese3d_demo_model-houlab-2025-05-28/labeled-data/20231031_chew_record_TC/CollectedData_houlab.h5,10,28
Q0576,1,20231031_chew_record_TC,img223002.png,/data/disk2/home/tony/demo1/model/cheese3d_demo_model/backend/cheese3d_demo_model-houlab-2025-05-28/labeled-data/20231031_chew_record_TC/img223002.png,/data/disk2/home/tony/demo1/model/cheese3d_demo_model/backend/cheese3d_demo_model-houlab-2025-05-28/labeled-data/20231031_chew_record_TC/CollectedData_houlab.h5,10,28
Q0577,1,20231031_chew_record_TC,img223249.png,/data/disk2/home/tony/demo1/model/cheese3d_demo_model/backend/cheese3d_demo_model-houlab-2025-05-28/labeled-data/20231031_chew_record_TC/img223249.png,/data/disk2/home/tony/demo1/model/cheese3d_demo_model/backend/cheese3d_demo_model-houlab-2025-05-28/labeled-data/20231031_chew_record_TC/CollectedData_houlab.h5,10,28
Q0578,1,20231031_chew_record_TC,img259906.png,/data/disk2/home/tony/demo1/model/cheese3d_demo_model/backend/cheese3d_demo_model-houlab-2025-05-28/labeled-data/20231031_chew_record_TC/img259906.png,/data/disk2/home/tony/demo1/model/cheese3d_demo_model/backend/cheese3d_demo_model-houlab-2025-05-28/labeled-data/20231031_chew_record_TC/CollectedData_houlab.h5,10,28
Q0579,1,20231031_chew_record_TC,img300045.png,/data/disk2/home/tony/demo1/model/cheese3d_demo_model/backend/cheese3d_demo_model-houlab-2025-05-28/labeled-data/20231031_chew_record_TC/img300045.png,/data/disk2/home/tony/demo1/model/cheese3d_demo_model/backend/cheese3d_demo_model-houlab-2025-05-28/labeled-data/20231031_chew_record_TC/CollectedData_houlab.h5,10,28
Q0580,1,20231031_chew_record_TC,img318269.png,/data/disk2/home/tony/demo1/model/cheese3d_demo_model/backend/cheese3d_demo_model-houlab-2025-05-28/labeled-data/20231031_chew_record_TC/img318269.png,/data/disk2/home/tony/demo1/model/cheese3d_demo_model/backend/cheese3d_demo_model-houlab-2025-05-28/labeled-data/20231031_chew_record_TC/CollectedData_houlab.h5,10,28
Q0581,1,20231031_chew_record_TC,img354119.png,/data/disk2/home/tony/demo1/model/cheese3d_demo_model/backend/cheese3d_demo_model-houlab-2025-05-28/labeled-data/20231031_chew_record_TC/img354119.png,/data/disk2/home/tony/demo1/model/cheese3d_demo_model/backend/cheese3d_demo_model-houlab-2025-05-28/labeled-data/20231031_chew_record_TC/CollectedData_houlab.h5,10,28
Q0582,1,20231031_chew_record_TC,img375843.png,/data/disk2/home/tony/demo1/model/cheese3d_demo_model/backend/cheese3d_demo_model-houlab-2025-05-28/labeled-data/20231031_chew_record_TC/img375843.png,/data/disk2/home/tony/demo1/model/cheese3d_demo_model/backend/cheese3d_demo_model-houlab-2025-05-28/labeled-data/20231031_chew_record_TC/CollectedData_houlab.h5,10,28
Q0583,1,20231031_chew_record_TC,img418622.png,/data/disk2/home/tony/demo1/model/cheese3d_demo_model/backend/cheese3d_demo_model-houlab-2025-05-28/labeled-data/20231031_chew_record_TC/img418622.png,/data/disk2/home/tony/demo1/model/cheese3d_demo_model/backend/cheese3d_demo_model-houlab-2025-05-28/labeled-data/20231031_chew_record_TC/CollectedData_houlab.h5,10,28
Q0584,1,20231031_chew_record_TC,img436262.png,/data/disk2/home/tony/demo1/model/cheese3d_demo_model/backend/cheese3d_demo_model-houlab-2025-05-28/labeled-data/20231031_chew_record_TC/img436262.png,/data/disk2/home/tony/demo1/model/cheese3d_demo_model/backend/cheese3d_demo_model-houlab-2025-05-28/labeled-data/20231031_chew_record_TC/CollectedData_houlab.h5,10,28
Q0585,1,20231031_chew_record_TC,img455561.png,/data/disk2/home/tony/demo1/model/cheese3d_demo_model/backend/cheese3d_demo_model-houlab-2025-05-28/labeled-data/20231031_chew_record_TC/img455561.png,/data/disk2/home/tony/demo1/model/cheese3d_demo_model/backend/cheese3d_demo_model-houlab-2025-05-28/labeled-data/20231031_chew_record_TC/CollectedData_houlab.h5,10,28
Q0586,1,20231031_chew_record_TC,img470483.png,/data/disk2/home/tony/demo1/model/cheese3d_demo_model/backend/cheese3d_demo_model-houlab-2025-05-28/labeled-data/20231031_chew_record_TC/img470483.png,/data/disk2/home/tony/demo1/model/cheese3d_demo_model/backend/cheese3d_demo_model-houlab-2025-05-28/labeled-data/20231031_chew_record_TC/CollectedData_houlab.h5,10,28
Q0587,1,20231031_chew_record_TC,img515003.png,/data/disk2/home/tony/demo1/model/cheese3d_demo_model/backend/cheese3d_demo_model-houlab-2025-05-28/labeled-data/20231031_chew_record_TC/img515003.png,/data/disk2/home/tony/demo1/model/cheese3d_demo_model/backend/cheese3d_demo_model-houlab-2025-05-28/labeled-data/20231031_chew_record_TC/CollectedData_houlab.h5,10,28
Q0588,1,20231031_chew_record_TC,img534518.png,/data/disk2/home/tony/demo1/model/cheese3d_demo_model/backend/cheese3d_demo_model-houlab-2025-05-28/labeled-data/20231031_chew_record_TC/img534518.png,/data/disk2/home/tony/demo1/model/cheese3d_demo_model/backend/cheese3d_demo_model-houlab-2025-05-28/labeled-data/20231031_chew_record_TC/CollectedData_houlab.h5,10,28
Q0589,1,20231031_chew_record_TC,img544620.png,/data/disk2/home/tony/demo1/model/cheese3d_demo_model/backend/cheese3d_demo_model-houlab-2025-05-28/labeled-data/20231031_chew_record_TC/img544620.png,/data/disk2/home/tony/demo1/model/cheese3d_demo_model/backend/cheese3d_demo_model-houlab-2025-05-28/labeled-data/20231031_chew_record_TC/CollectedData_houlab.h5,10,28
Q0590,1,20231031_chew_record_TC,img559669.png,/data/disk2/home/tony/demo1/model/cheese3d_demo_model/backend/cheese3d_demo_model-houlab-2025-05-28/labeled-data/20231031_chew_record_TC/img559669.png,/data/disk2/home/tony/demo1/model/cheese3d_demo_model/backend/cheese3d_demo_model-houlab-2025-05-28/labeled-data/20231031_chew_record_TC/CollectedData_houlab.h5,10,28
Q0591,1,20231031_chew_record_TC,img623533.png,/data/disk2/home/tony/demo1/model/cheese3d_demo_model/backend/cheese3d_demo_model-houlab-2025-05-28/labeled-data/20231031_chew_record_TC/img623533.png,/data/disk2/home/tony/demo1/model/cheese3d_demo_model/backend/cheese3d_demo_model-houlab-2025-05-28/labeled-data/20231031_chew_record_TC/CollectedData_houlab.h5,10,28
Q0592,1,20231031_chew_record_TC,img654153.png,/data/disk2/home/tony/demo1/model/cheese3d_demo_model/backend/cheese3d_demo_model-houlab-2025-05-28/labeled-data/20231031_chew_record_TC/img654153.png,/data/disk2/home/tony/demo1/model/cheese3d_demo_model/backend/cheese3d_demo_model-houlab-2025-05-28/labeled-data/20231031_chew_record_TC/CollectedData_houlab.h5,10,28
Q0593,1,20231031_chew_record_TC,img675611.png,/data/disk2/home/tony/demo1/model/cheese3d_demo_model/backend/cheese3d_demo_model-houlab-2025-05-28/labeled-data/20231031_chew_record_TC/img675611.png,/data/disk2/home/tony/demo1/model/cheese3d_demo_model/backend/cheese3d_demo_model-houlab-2025-05-28/labeled-data/20231031_chew_record_TC/CollectedData_houlab.h5,10,28
Q0594,1,20231031_chew_record_TC,img679188.png,/data/disk2/home/tony/demo1/model/cheese3d_demo_model/backend/cheese3d_demo_model-houlab-2025-05-28/labeled-data/20231031_chew_record_TC/img679188.png,/data/disk2/home/tony/demo1/model/cheese3d_demo_model/backend/cheese3d_demo_model-houlab-2025-05-28/labeled-data/20231031_chew_record_TC/CollectedData_houlab.h5,10,28
Q0595,1,20231031_chew_record_TC,img755945.png,/data/disk2/home/tony/demo1/model/cheese3d_demo_model/backend/cheese3d_demo_model-houlab-2025-05-28/labeled-data/20231031_chew_record_TC/img755945.png,/data/disk2/home/tony/demo1/model/cheese3d_demo_model/backend/cheese3d_demo_model-houlab-2025-05-28/labeled-data/20231031_chew_record_TC/CollectedData_houlab.h5,10,28
Q0596,1,20231031_chew_record_TC,img755976.png,/data/disk2/home/tony/demo1/model/cheese3d_demo_model/backend/cheese3d_demo_model-houlab-2025-05-28/labeled-data/20231031_chew_record_TC/img755976.png,/data/disk2/home/tony/demo1/model/cheese3d_demo_model/backend/cheese3d_demo_model-houlab-2025-05-28/labeled-data/20231031_chew_record_TC/CollectedData_houlab.h5,10,28
Q0597,1,20231031_chew_record_TC,img812254.png,/data/disk2/home/tony/demo1/model/cheese3d_demo_model/backend/cheese3d_demo_model-houlab-2025-05-28/labeled-data/20231031_chew_record_TC/img812254.png,/data/disk2/home/tony/demo1/model/cheese3d_demo_model/backend/cheese3d_demo_model-houlab-2025-05-28/labeled-data/20231031_chew_record_TC/CollectedData_houlab.h5,10,28
Q0598,1,20231031_chew_record_TL,img011973.png,/data/disk2/home/tony/demo1/model/cheese3d_demo_model/backend/cheese3d_demo_model-houlab-2025-05-28/labeled-data/20231031_chew_record_TL/img011973.png,/data/disk2/home/tony/demo1/model/cheese3d_demo_model/backend/cheese3d_demo_model-houlab-2025-05-28/labeled-data/20231031_chew_record_TL/CollectedData_houlab.h5,11,28
Q0599,1,20231031_chew_record_TL,img017417.png,/data/disk2/home/tony/demo1/model/cheese3d_demo_model/backend/cheese3d_demo_model-houlab-2025-05-28/labeled-data/20231031_chew_record_TL/img017417.png,/data/disk2/home/tony/demo1/model/cheese3d_demo_model/backend/cheese3d_demo_model-houlab-2025-05-28/labeled-data/20231031_chew_record_TL/CollectedData_houlab.h5,11,28
Q0600,1,20231031_chew_record_TL,img057345.png,/data/disk2/home/tony/demo1/model/cheese3d_demo_model/backend/cheese3d_demo_model-houlab-2025-05-28/labeled-data/20231031_chew_record_TL/img057345.png,/data/disk2/home/tony/demo1/model/cheese3d_demo_model/backend/cheese3d_demo_model-houlab-2025-05-28/labeled-data/20231031_chew_record_TL/CollectedData_houlab.h5,9,28
Q0601,1,20231031_chew_record_TL,img057366.png,/data/disk2/home/tony/demo1/model/cheese3d_demo_model/backend/cheese3d_demo_model-houlab-2025-05-28/labeled-data/20231031_chew_record_TL/img057366.png,/data/disk2/home/tony/demo1/model/cheese3d_demo_model/backend/cheese3d_demo_model-houlab-2025-05-28/labeled-data/20231031_chew_record_TL/CollectedData_houlab.h5,9,28
Q0602,1,20231031_chew_record_TL,img065797.png,/data/disk2/home/tony/demo1/model/cheese3d_demo_model/backend/cheese3d_demo_model-houlab-2025-05-28/labeled-data/20231031_chew_record_TL/img065797.png,/data/disk2/home/tony/demo1/model/cheese3d_demo_model/backend/cheese3d_demo_model-houlab-2025-05-28/labeled-data/20231031_chew_record_TL/CollectedData_houlab.h5,11,28
Q0603,1,20231031_chew_record_TL,img099151.png,/data/disk2/home/tony/demo1/model/cheese3d_demo_model/backend/cheese3d_demo_model-houlab-2025-05-28/labeled-data/20231031_chew_record_TL/img099151.png,/data/disk2/home/tony/demo1/model/cheese3d_demo_model/backend/cheese3d_demo_model-houlab-2025-05-28/labeled-data/20231031_chew_record_TL/CollectedData_houlab.h5,9,28
Q0604,1,20231031_chew_record_TL,img099248.png,/data/disk2/home/tony/demo1/model/cheese3d_demo_model/backend/cheese3d_demo_model-houlab-2025-05-28/labeled-data/20231031_chew_record_TL/img099248.png,/data/disk2/home/tony/demo1/model/cheese3d_demo_model/backend/cheese3d_demo_model-houlab-2025-05-28/labeled-data/20231031_chew_record_TL/CollectedData_houlab.h5,9,28
Q0605,1,20231031_chew_record_TL,img099575.png,/data/disk2/home/tony/demo1/model/cheese3d_demo_model/backend/cheese3d_demo_model-houlab-2025-05-28/labeled-data/20231031_chew_record_TL/img099575.png,/data/disk2/home/tony/demo1/model/cheese3d_demo_model/backend/cheese3d_demo_model-houlab-2025-05-28/labeled-data/20231031_chew_record_TL/CollectedData_houlab.h5,9,28
Q0606,1,20231031_chew_record_TL,img154396.png,/data/disk2/home/tony/demo1/model/cheese3d_demo_model/backend/cheese3d_demo_model-houlab-2025-05-28/labeled-data/20231031_chew_record_TL/img154396.png,/data/disk2/home/tony/demo1/model/cheese3d_demo_model/backend/cheese3d_demo_model-houlab-2025-05-28/labeled-data/20231031_chew_record_TL/CollectedData_houlab.h5,11,28
Q0607,1,20231031_chew_record_TL,img219201.png,/data/disk2/home/tony/demo1/model/cheese3d_demo_model/backend/cheese3d_demo_model-houlab-2025-05-28/labeled-data/20231031_chew_record_TL/img219201.png,/data/disk2/home/tony/demo1/model/cheese3d_demo_model/backend/cheese3d_demo_model-houlab-2025-05-28/labeled-data/20231031_chew_record_TL/CollectedData_houlab.h5,11,28
Q0608,1,20231031_chew_record_TL,img240939.png,/data/disk2/home/tony/demo1/model/cheese3d_demo_model/backend/cheese3d_demo_model-houlab-2025-05-28/labeled-data/20231031_chew_record_TL/img240939.png,/data/disk2/home/tony/demo1/model/cheese3d_demo_model/backend/cheese3d_demo_model-houlab-2025-05-28/labeled-data/20231031_chew_record_TL/CollectedData_houlab.h5,11,28
Q0609,1,20231031_chew_record_TL,img262152.png,/data/disk2/home/tony/demo1/model/cheese3d_demo_model/backend/cheese3d_demo_model-houlab-2025-05-28/labeled-data/20231031_chew_record_TL/img262152.png,/data/disk2/home/tony/demo1/model/cheese3d_demo_model/backend/cheese3d_demo_model-houlab-2025-05-28/labeled-data/20231031_chew_record_TL/CollectedData_houlab.h5,11,28
Q0610,1,20231031_chew_record_TL,img272942.png,/data/disk2/home/tony/demo1/model/cheese3d_demo_model/backend/cheese3d_demo_model-houlab-2025-05-28/labeled-data/20231031_chew_record_TL/img272942.png,/data/disk2/home/tony/demo1/model/cheese3d_demo_model/backend/cheese3d_demo_model-houlab-2025-05-28/labeled-data/20231031_chew_record_TL/CollectedData_houlab.h5,11,28
Q0611,1,20231031_chew_record_TL,img292397.png,/data/disk2/home/tony/demo1/model/cheese3d_demo_model/backend/cheese3d_demo_model-houlab-2025-05-28/labeled-data/20231031_chew_record_TL/img292397.png,/data/disk2/home/tony/demo1/model/cheese3d_demo_model/backend/cheese3d_demo_model-houlab-2025-05-28/labeled-data/20231031_chew_record_TL/CollectedData_houlab.h5,11,28
Q0612,1,20231031_chew_record_TL,img330080.png,/data/disk2/home/tony/demo1/model/cheese3d_demo_model/backend/cheese3d_demo_model-houlab-2025-05-28/labeled-data/20231031_chew_record_TL/img330080.png,/data/disk2/home/tony/demo1/model/cheese3d_demo_model/backend/cheese3d_demo_model-houlab-2025-05-28/labeled-data/20231031_chew_record_TL/CollectedData_houlab.h5,11,28
Q0613,1,20231031_chew_record_TL,img340974.png,/data/disk2/home/tony/demo1/model/cheese3d_demo_model/backend/cheese3d_demo_model-houlab-2025-05-28/labeled-data/20231031_chew_record_TL/img340974.png,/data/disk2/home/tony/demo1/model/cheese3d_demo_model/backend/cheese3d_demo_model-houlab-2025-05-28/labeled-data/20231031_chew_record_TL/CollectedData_houlab.h5,11,28
Q0614,1,20231031_chew_record_TL,img387881.png,/data/disk2/home/tony/demo1/model/cheese3d_demo_model/backend/cheese3d_demo_model-houlab-2025-05-28/labeled-data/20231031_chew_record_TL/img387881.png,/data/disk2/home/tony/demo1/model/cheese3d_demo_model/backend/cheese3d_demo_model-houlab-2025-05-28/labeled-data/20231031_chew_record_TL/CollectedData_houlab.h5,11,28
Q0615,1,20231031_chew_record_TL,img445218.png,/data/disk2/home/tony/demo1/model/cheese3d_demo_model/backend/cheese3d_demo_model-houlab-2025-05-28/labeled-data/20231031_chew_record_TL/img445218.png,/data/disk2/home/tony/demo1/model/cheese3d_demo_model/backend/cheese3d_demo_model-houlab-2025-05-28/labeled-data/20231031_chew_record_TL/CollectedData_houlab.h5,11,28
Q0616,1,20231031_chew_record_TL,img463997.png,/data/disk2/home/tony/demo1/model/cheese3d_demo_model/backend/cheese3d_demo_model-houlab-2025-05-28/labeled-data/20231031_chew_record_TL/img463997.png,/data/disk2/home/tony/demo1/model/cheese3d_demo_model/backend/cheese3d_demo_model-houlab-2025-05-28/labeled-data/20231031_chew_record_TL/CollectedData_houlab.h5,10,28
Q0617,1,20231031_chew_record_TL,img551888.png,/data/disk2/home/tony/demo1/model/cheese3d_demo_model/backend/cheese3d_demo_model-houlab-2025-05-28/labeled-data/20231031_chew_record_TL/img551888.png,/data/disk2/home/tony/demo1/model/cheese3d_demo_model/backend/cheese3d_demo_model-houlab-2025-05-28/labeled-data/20231031_chew_record_TL/CollectedData_houlab.h5,11,28
Q0618,1,20231031_chew_record_TL,img564666.png,/data/disk2/home/tony/demo1/model/cheese3d_demo_model/backend/cheese3d_demo_model-houlab-2025-05-28/labeled-data/20231031_chew_record_TL/img564666.png,/data/disk2/home/tony/demo1/model/cheese3d_demo_model/backend/cheese3d_demo_model-houlab-2025-05-28/labeled-data/20231031_chew_record_TL/CollectedData_houlab.h5,11,28
Q0619,1,20231031_chew_record_TL,img603212.png,/data/disk2/home/tony/demo1/model/cheese3d_demo_model/backend/cheese3d_demo_model-houlab-2025-05-28/labeled-data/20231031_chew_record_TL/img603212.png,/data/disk2/home/tony/demo1/model/cheese3d_demo_model/backend/cheese3d_demo_model-houlab-2025-05-28/labeled-data/20231031_chew_record_TL/CollectedData_houlab.h5,11,28
Q0620,1,20231031_chew_record_TL,img627113.png,/data/disk2/home/tony/demo1/model/cheese3d_demo_model/backend/cheese3d_demo_model-houlab-2025-05-28/labeled-data/20231031_chew_record_TL/img627113.png,/data/disk2/home/tony/demo1/model/cheese3d_demo_model/backend/cheese3d_demo_model-houlab-2025-05-28/labeled-data/20231031_chew_record_TL/CollectedData_houlab.h5,11,28
Q0621,1,20231031_chew_record_TL,img641661.png,/data/disk2/home/tony/demo1/model/cheese3d_demo_model/backend/cheese3d_demo_model-houlab-2025-05-28/labeled-data/20231031_chew_record_TL/img641661.png,/data/disk2/home/tony/demo1/model/cheese3d_demo_model/backend/cheese3d_demo_model-houlab-2025-05-28/labeled-data/20231031_chew_record_TL/CollectedData_houlab.h5,11,28
Q0622,1,20231031_chew_record_TL,img672010.png,/data/disk2/home/tony/demo1/model/cheese3d_demo_model/backend/cheese3d_demo_model-houlab-2025-05-28/labeled-data/20231031_chew_record_TL/img672010.png,/data/disk2/home/tony/demo1/model/cheese3d_demo_model/backend/cheese3d_demo_model-houlab-2025-05-28/labeled-data/20231031_chew_record_TL/CollectedData_houlab.h5,11,28
Q0623,1,20231031_chew_record_TL,img725167.png,/data/disk2/home/tony/demo1/model/cheese3d_demo_model/backend/cheese3d_demo_model-houlab-2025-05-28/labeled-data/20231031_chew_record_TL/img725167.png,/data/disk2/home/tony/demo1/model/cheese3d_demo_model/backend/cheese3d_demo_model-houlab-2025-05-28/labeled-data/20231031_chew_record_TL/CollectedData_houlab.h5,11,28
Q0624,1,20231031_chew_record_TL,img734630.png,/data/disk2/home/tony/demo1/model/cheese3d_demo_model/backend/cheese3d_demo_model-houlab-2025-05-28/labeled-data/20231031_chew_record_TL/img734630.png,/data/disk2/home/tony/demo1/model/cheese3d_demo_model/backend/cheese3d_demo_model-houlab-2025-05-28/labeled-data/20231031_chew_record_TL/CollectedData_houlab.h5,9,28
Q0625,1,20231031_chew_record_TL,img750542.png,/data/disk2/home/tony/demo1/model/cheese3d_demo_model/backend/cheese3d_demo_model-houlab-2025-05-28/labeled-data/20231031_chew_record_TL/img750542.png,/data/disk2/home/tony/demo1/model/cheese3d_demo_model/backend/cheese3d_demo_model-houlab-2025-05-28/labeled-data/20231031_chew_record_TL/CollectedData_houlab.h5,11,28
Q0626,1,20231031_chew_record_TL,img800803.png,/data/disk2/home/tony/demo1/model/cheese3d_demo_model/backend/cheese3d_demo_model-houlab-2025-05-28/labeled-data/20231031_chew_record_TL/img800803.png,/data/disk2/home/tony/demo1/model/cheese3d_demo_model/backend/cheese3d_demo_model-houlab-2025-05-28/labeled-data/20231031_chew_record_TL/CollectedData_houlab.h5,11,28
Q0627,1,20231031_chew_record_TL,img801792.png,/data/disk2/home/tony/demo1/model/cheese3d_demo_model/backend/cheese3d_demo_model-houlab-2025-05-28/labeled-data/20231031_chew_record_TL/img801792.png,/data/disk2/home/tony/demo1/model/cheese3d_demo_model/backend/cheese3d_demo_model-houlab-2025-05-28/labeled-data/20231031_chew_record_TL/CollectedData_houlab.h5,11,28
Q0628,1,20231031_chew_record_TR,img012511.png,/data/disk2/home/tony/demo1/model/cheese3d_demo_model/backend/cheese3d_demo_model-houlab-2025-05-28/labeled-data/20231031_chew_record_TR/img012511.png,/data/disk2/home/tony/demo1/model/cheese3d_demo_model/backend/cheese3d_demo_model-houlab-2025-05-28/labeled-data/20231031_chew_record_TR/CollectedData_houlab.h5,11,28
Q0629,1,20231031_chew_record_TR,img019356.png,/data/disk2/home/tony/demo1/model/cheese3d_demo_model/backend/cheese3d_demo_model-houlab-2025-05-28/labeled-data/20231031_chew_record_TR/img019356.png,/data/disk2/home/tony/demo1/model/cheese3d_demo_model/backend/cheese3d_demo_model-houlab-2025-05-28/labeled-data/20231031_chew_record_TR/CollectedData_houlab.h5,11,28
Q0630,1,20231031_chew_record_TR,img037577.png,/data/disk2/home/tony/demo1/model/cheese3d_demo_model/backend/cheese3d_demo_model-houlab-2025-05-28/labeled-data/20231031_chew_record_TR/img037577.png,/data/disk2/home/tony/demo1/model/cheese3d_demo_model/backend/cheese3d_demo_model-houlab-2025-05-28/labeled-data/20231031_chew_record_TR/CollectedData_houlab.h5,11,28
Q0631,1,20231031_chew_record_TR,img049891.png,/data/disk2/home/tony/demo1/model/cheese3d_demo_model/backend/cheese3d_demo_model-houlab-2025-05-28/labeled-data/20231031_chew_record_TR/img049891.png,/data/disk2/home/tony/demo1/model/cheese3d_demo_model/backend/cheese3d_demo_model-houlab-2025-05-28/labeled-data/20231031_chew_record_TR/CollectedData_houlab.h5,9,28
Q0632,1,20231031_chew_record_TR,img086913.png,/data/disk2/home/tony/demo1/model/cheese3d_demo_model/backend/cheese3d_demo_model-houlab-2025-05-28/labeled-data/20231031_chew_record_TR/img086913.png,/data/disk2/home/tony/demo1/model/cheese3d_demo_model/backend/cheese3d_demo_model-houlab-2025-05-28/labeled-data/20231031_chew_record_TR/CollectedData_houlab.h5,11,28
Q0633,1,20231031_chew_record_TR,img088939.png,/data/disk2/home/tony/demo1/model/cheese3d_demo_model/backend/cheese3d_demo_model-houlab-2025-05-28/labeled-data/20231031_chew_record_TR/img088939.png,/data/disk2/home/tony/demo1/model/cheese3d_demo_model/backend/cheese3d_demo_model-houlab-2025-05-28/labeled-data/20231031_chew_record_TR/CollectedData_houlab.h5,11,28
Q0634,1,20231031_chew_record_TR,img110542.png,/data/disk2/home/tony/demo1/model/cheese3d_demo_model/backend/cheese3d_demo_model-houlab-2025-05-28/labeled-data/20231031_chew_record_TR/img110542.png,/data/disk2/home/tony/demo1/model/cheese3d_demo_model/backend/cheese3d_demo_model-houlab-2025-05-28/labeled-data/20231031_chew_record_TR/CollectedData_houlab.h5,11,28
Q0635,1,20231031_chew_record_TR,img133440.png,/data/disk2/home/tony/demo1/model/cheese3d_demo_model/backend/cheese3d_demo_model-houlab-2025-05-28/labeled-data/20231031_chew_record_TR/img133440.png,/data/disk2/home/tony/demo1/model/cheese3d_demo_model/backend/cheese3d_demo_model-houlab-2025-05-28/labeled-data/20231031_chew_record_TR/CollectedData_houlab.h5,11,28
Q0636,1,20231031_chew_record_TR,img134976.png,/data/disk2/home/tony/demo1/model/cheese3d_demo_model/backend/cheese3d_demo_model-houlab-2025-05-28/labeled-data/20231031_chew_record_TR/img134976.png,/data/disk2/home/tony/demo1/model/cheese3d_demo_model/backend/cheese3d_demo_model-houlab-2025-05-28/labeled-data/20231031_chew_record_TR/CollectedData_houlab.h5,11,28
Q0637,1,20231031_chew_record_TR,img164823.png,/data/disk2/home/tony/demo1/model/cheese3d_demo_model/backend/cheese3d_demo_model-houlab-2025-05-28/labeled-data/20231031_chew_record_TR/img164823.png,/data/disk2/home/tony/demo1/model/cheese3d_demo_model/backend/cheese3d_demo_model-houlab-2025-05-28/labeled-data/20231031_chew_record_TR/CollectedData_houlab.h5,11,28
Q0638,1,20231031_chew_record_TR,img186464.png,/data/disk2/home/tony/demo1/model/cheese3d_demo_model/backend/cheese3d_demo_model-houlab-2025-05-28/labeled-data/20231031_chew_record_TR/img186464.png,/data/disk2/home/tony/demo1/model/cheese3d_demo_model/backend/cheese3d_demo_model-houlab-2025-05-28/labeled-data/20231031_chew_record_TR/CollectedData_houlab.h5,11,28
Q0639,1,20231031_chew_record_TR,img193338.png,/data/disk2/home/tony/demo1/model/cheese3d_demo_model/backend/cheese3d_demo_model-houlab-2025-05-28/labeled-data/20231031_chew_record_TR/img193338.png,/data/disk2/home/tony/demo1/model/cheese3d_demo_model/backend/cheese3d_demo_model-houlab-2025-05-28/labeled-data/20231031_chew_record_TR/CollectedData_houlab.h5,11,28
Q0640,1,20231031_chew_record_TR,img221812.png,/data/disk2/home/tony/demo1/model/cheese3d_demo_model/backend/cheese3d_demo_model-houlab-2025-05-28/labeled-data/20231031_chew_record_TR/img221812.png,/data/disk2/home/tony/demo1/model/cheese3d_demo_model/backend/cheese3d_demo_model-houlab-2025-05-28/labeled-data/20231031_chew_record_TR/CollectedData_houlab.h5,11,28
Q0641,1,20231031_chew_record_TR,img230112.png,/data/disk2/home/tony/demo1/model/cheese3d_demo_model/backend/cheese3d_demo_model-houlab-2025-05-28/labeled-data/20231031_chew_record_TR/img230112.png,/data/disk2/home/tony/demo1/model/cheese3d_demo_model/backend/cheese3d_demo_model-houlab-2025-05-28/labeled-data/20231031_chew_record_TR/CollectedData_houlab.h5,11,28
Q0642,1,20231031_chew_record_TR,img249237.png,/data/disk2/home/tony/demo1/model/cheese3d_demo_model/backend/cheese3d_demo_model-houlab-2025-05-28/labeled-data/20231031_chew_record_TR/img249237.png,/data/disk2/home/tony/demo1/model/cheese3d_demo_model/backend/cheese3d_demo_model-houlab-2025-05-28/labeled-data/20231031_chew_record_TR/CollectedData_houlab.h5,11,28
Q0643,1,20231031_chew_record_TR,img279841.png,/data/disk2/home/tony/demo1/model/cheese3d_demo_model/backend/cheese3d_demo_model-houlab-2025-05-28/labeled-data/20231031_chew_record_TR/img279841.png,/data/disk2/home/tony/demo1/model/cheese3d_demo_model/backend/cheese3d_demo_model-houlab-2025-05-28/labeled-data/20231031_chew_record_TR/CollectedData_houlab.h5,11,28
Q0644,1,20231031_chew_record_TR,img323513.png,/data/disk2/home/tony/demo1/model/cheese3d_demo_model/backend/cheese3d_demo_model-houlab-2025-05-28/labeled-data/20231031_chew_record_TR/img323513.png,/data/disk2/home/tony/demo1/model/cheese3d_demo_model/backend/cheese3d_demo_model-houlab-2025-05-28/labeled-data/20231031_chew_record_TR/CollectedData_houlab.h5,11,28
Q0645,1,20231031_chew_record_TR,img338575.png,/data/disk2/home/tony/demo1/model/cheese3d_demo_model/backend/cheese3d_demo_model-houlab-2025-05-28/labeled-data/20231031_chew_record_TR/img338575.png,/data/disk2/home/tony/demo1/model/cheese3d_demo_model/backend/cheese3d_demo_model-houlab-2025-05-28/labeled-data/20231031_chew_record_TR/CollectedData_houlab.h5,11,28
Q0646,1,20231031_chew_record_TR,img348472.png,/data/disk2/home/tony/demo1/model/cheese3d_demo_model/backend/cheese3d_demo_model-houlab-2025-05-28/labeled-data/20231031_chew_record_TR/img348472.png,/data/disk2/home/tony/demo1/model/cheese3d_demo_model/backend/cheese3d_demo_model-houlab-2025-05-28/labeled-data/20231031_chew_record_TR/CollectedData_houlab.h5,11,28
Q0647,1,20231031_chew_record_TR,img413092.png,/data/disk2/home/tony/demo1/model/cheese3d_demo_model/backend/cheese3d_demo_model-houlab-2025-05-28/labeled-data/20231031_chew_record_TR/img413092.png,/data/disk2/home/tony/demo1/model/cheese3d_demo_model/backend/cheese3d_demo_model-houlab-2025-05-28/labeled-data/20231031_chew_record_TR/CollectedData_houlab.h5,11,28
Q0648,2,20231031_chew_record_TR,img424211.png,/data/disk2/home/tony/demo1/model/cheese3d_demo_model/backend/cheese3d_demo_model-houlab-2025-05-28/labeled-data/20231031_chew_record_TR/img424211.png,/data/disk2/home/tony/demo1/model/cheese3d_demo_model/backend/cheese3d_demo_model-houlab-2025-05-28/labeled-data/20231031_chew_record_TR/CollectedData_houlab.h5,11,28
Q0649,2,20231031_chew_record_TR,img502960.png,/data/disk2/home/tony/demo1/model/cheese3d_demo_model/backend/cheese3d_demo_model-houlab-2025-05-28/labeled-data/20231031_chew_record_TR/img502960.png,/data/disk2/home/tony/demo1/model/cheese3d_demo_model/backend/cheese3d_demo_model-houlab-2025-05-28/labeled-data/20231031_chew_record_TR/CollectedData_houlab.h5,11,28
Q0650,2,20231031_chew_record_TR,img523934.png,/data/disk2/home/tony/demo1/model/cheese3d_demo_model/backend/cheese3d_demo_model-houlab-2025-05-28/labeled-data/20231031_chew_record_TR/img523934.png,/data/disk2/home/tony/demo1/model/cheese3d_demo_model/backend/cheese3d_demo_model-houlab-2025-05-28/labeled-data/20231031_chew_record_TR/CollectedData_houlab.h5,11,28
Q0651,2,20231031_chew_record_TR,img544016.png,/data/disk2/home/tony/demo1/model/cheese3d_demo_model/backend/cheese3d_demo_model-houlab-2025-05-28/labeled-data/20231031_chew_record_TR/img544016.png,/data/disk2/home/tony/demo1/model/cheese3d_demo_model/backend/cheese3d_demo_model-houlab-2025-05-28/labeled-data/20231031_chew_record_TR/CollectedData_houlab.h5,11,28
Q0652,2,20231031_chew_record_TR,img568502.png,/data/disk2/home/tony/demo1/model/cheese3d_demo_model/backend/cheese3d_demo_model-houlab-2025-05-28/labeled-data/20231031_chew_record_TR/img568502.png,/data/disk2/home/tony/demo1/model/cheese3d_demo_model/backend/cheese3d_demo_model-houlab-2025-05-28/labeled-data/20231031_chew_record_TR/CollectedData_houlab.h5,9,28
Q0653,2,20231031_chew_record_TR,img617679.png,/data/disk2/home/tony/demo1/model/cheese3d_demo_model/backend/cheese3d_demo_model-houlab-2025-05-28/labeled-data/20231031_chew_record_TR/img617679.png,/data/disk2/home/tony/demo1/model/cheese3d_demo_model/backend/cheese3d_demo_model-houlab-2025-05-28/labeled-data/20231031_chew_record_TR/CollectedData_houlab.h5,11,28
Q0654,2,20231031_chew_record_TR,img627276.png,/data/disk2/home/tony/demo1/model/cheese3d_demo_model/backend/cheese3d_demo_model-houlab-2025-05-28/labeled-data/20231031_chew_record_TR/img627276.png,/data/disk2/home/tony/demo1/model/cheese3d_demo_model/backend/cheese3d_demo_model-houlab-2025-05-28/labeled-data/20231031_chew_record_TR/CollectedData_houlab.h5,11,28
Q0655,2,20231031_chew_record_TR,img669441.png,/data/disk2/home/tony/demo1/model/cheese3d_demo_model/backend/cheese3d_demo_model-houlab-2025-05-28/labeled-data/20231031_chew_record_TR/img669441.png,/data/disk2/home/tony/demo1/model/cheese3d_demo_model/backend/cheese3d_demo_model-houlab-2025-05-28/labeled-data/20231031_chew_record_TR/CollectedData_houlab.h5,11,28
Q0656,2,20231031_chew_record_TR,img699305.png,/data/disk2/home/tony/demo1/model/cheese3d_demo_model/backend/cheese3d_demo_model-houlab-2025-05-28/labeled-data/20231031_chew_record_TR/img699305.png,/data/disk2/home/tony/demo1/model/cheese3d_demo_model/backend/cheese3d_demo_model-houlab-2025-05-28/labeled-data/20231031_chew_record_TR/CollectedData_houlab.h5,11,28
Q0657,2,20231031_chew_record_TR,img796819.png,/data/disk2/home/tony/demo1/model/cheese3d_demo_model/backend/cheese3d_demo_model-houlab-2025-05-28/labeled-data/20231031_chew_record_TR/img796819.png,/data/disk2/home/tony/demo1/model/cheese3d_demo_model/backend/cheese3d_demo_model-houlab-2025-05-28/labeled-data/20231031_chew_record_TR/CollectedData_houlab.h5,9,28
Q0658,2,20231102_B21_3D-structure_awake_000_BC_10-51-06,img01014.png,/data/disk2/home/tony/demo1/model/cheese3d_demo_model/backend/cheese3d_demo_model-houlab-2025-05-28/labeled-data/20231102_B21_3D-structure_awake_000_BC_10-51-06/img01014.png,/data/disk2/home/tony/demo1/model/cheese3d_demo_model/backend/cheese3d_demo_model-houlab-2025-05-28/labeled-data/20231102_B21_3D-structure_awake_000_BC_10-51-06/CollectedData_houlab.h5,9,28
Q0659,2,20231102_B21_3D-structure_awake_000_BC_10-51-06,img07591.png,/data/disk2/home/tony/demo1/model/cheese3d_demo_model/backend/cheese3d_demo_model-houlab-2025-05-28/labeled-data/20231102_B21_3D-structure_awake_000_BC_10-51-06/img07591.png,/data/disk2/home/tony/demo1/model/cheese3d_demo_model/backend/cheese3d_demo_model-houlab-2025-05-28/labeled-data/20231102_B21_3D-structure_awake_000_BC_10-51-06/CollectedData_houlab.h5,9,28
Q0660,2,20231102_B21_3D-structure_awake_000_BC_10-51-06,img10585.png,/data/disk2/home/tony/demo1/model/cheese3d_demo_model/backend/cheese3d_demo_model-houlab-2025-05-28/labeled-data/20231102_B21_3D-structure_awake_000_BC_10-51-06/img10585.png,/data/disk2/home/tony/demo1/model/cheese3d_demo_model/backend/cheese3d_demo_model-houlab-2025-05-28/labeled-data/20231102_B21_3D-structure_awake_000_BC_10-51-06/CollectedData_houlab.h5,9,28
Q0661,2,20231102_B21_3D-structure_awake_000_BC_10-51-06,img16246.png,/data/disk2/home/tony/demo1/model/cheese3d_demo_model/backend/cheese3d_demo_model-houlab-2025-05-28/labeled-data/20231102_B21_3D-structure_awake_000_BC_10-51-06/img16246.png,/data/disk2/home/tony/demo1/model/cheese3d_demo_model/backend/cheese3d_demo_model-houlab-2025-05-28/labeled-data/20231102_B21_3D-structure_awake_000_BC_10-51-06/CollectedData_houlab.h5,9,28
Q0662,2,20231102_B21_3D-structure_awake_000_BC_10-51-06,img25704.png,/data/disk2/home/tony/demo1/model/cheese3d_demo_model/backend/cheese3d_demo_model-houlab-2025-05-28/labeled-data/20231102_B21_3D-structure_awake_000_BC_10-51-06/img25704.png,/data/disk2/home/tony/demo1/model/cheese3d_demo_model/backend/cheese3d_demo_model-houlab-2025-05-28/labeled-data/20231102_B21_3D-structure_awake_000_BC_10-51-06/CollectedData_houlab.h5,9,28
Q0663,2,20231102_B21_3D-structure_awake_000_L_10-51-06,img04737.png,/data/disk2/home/tony/demo1/model/cheese3d_demo_model/backend/cheese3d_demo_model-houlab-2025-05-28/labeled-data/20231102_B21_3D-structure_awake_000_L_10-51-06/img04737.png,/data/disk2/home/tony/demo1/model/cheese3d_demo_model/backend/cheese3d_demo_model-houlab-2025-05-28/labeled-data/20231102_B21_3D-structure_awake_000_L_10-51-06/CollectedData_houlab.h5,16,28
Q0664,2,20231102_B21_3D-structure_awake_000_L_10-51-06,img08195.png,/data/disk2/home/tony/demo1/model/cheese3d_demo_model/backend/cheese3d_demo_model-houlab-2025-05-28/labeled-data/20231102_B21_3D-structure_awake_000_L_10-51-06/img08195.png,/data/disk2/home/tony/demo1/model/cheese3d_demo_model/backend/cheese3d_demo_model-houlab-2025-05-28/labeled-data/20231102_B21_3D-structure_awake_000_L_10-51-06/CollectedData_houlab.h5,16,28
Q0665,2,20231102_B21_3D-structure_awake_000_L_10-51-06,img12586.png,/data/disk2/home/tony/demo1/model/cheese3d_demo_model/backend/cheese3d_demo_model-houlab-2025-05-28/labeled-data/20231102_B21_3D-structure_awake_000_L_10-51-06/img12586.png,/data/disk2/home/tony/demo1/model/cheese3d_demo_model/backend/cheese3d_demo_model-houlab-2025-05-28/labeled-data/20231102_B21_3D-structure_awake_000_L_10-51-06/CollectedData_houlab.h5,16,28
Q0666,2,20231102_B21_3D-structure_awake_000_L_10-51-06,img18621.png,/data/disk2/home/tony/demo1/model/cheese3d_demo_model/backend/cheese3d_demo_model-houlab-2025-05-28/labeled-data/20231102_B21_3D-structure_awake_000_L_10-51-06/img18621.png,/data/disk2/home/tony/demo1/model/cheese3d_demo_model/backend/cheese3d_demo_model-houlab-2025-05-28/labeled-data/20231102_B21_3D-structure_awake_000_L_10-51-06/CollectedData_houlab.h5,16,28
Q0667,2,20231102_B21_3D-structure_awake_000_L_10-51-06,img22829.png,/data/disk2/home/tony/demo1/model/cheese3d_demo_model/backend/cheese3d_demo_model-houlab-2025-05-28/labeled-data/20231102_B21_3D-structure_awake_000_L_10-51-06/img22829.png,/data/disk2/home/tony/demo1/model/cheese3d_demo_model/backend/cheese3d_demo_model-houlab-2025-05-28/labeled-data/20231102_B21_3D-structure_awake_000_L_10-51-06/CollectedData_houlab.h5,16,28
Q0668,2,20231102_B21_3D-structure_awake_000_R_10-51-06,img05216.png,/data/disk2/home/tony/demo1/model/cheese3d_demo_model/backend/cheese3d_demo_model-houlab-2025-05-28/labeled-data/20231102_B21_3D-structure_awake_000_R_10-51-06/img05216.png,/data/disk2/home/tony/demo1/model/cheese3d_demo_model/backend/cheese3d_demo_model-houlab-2025-05-28/labeled-data/20231102_B21_3D-structure_awake_000_R_10-51-06/CollectedData_houlab.h5,16,28
Q0669,2,20231102_B21_3D-structure_awake_000_R_10-51-06,img08141.png,/data/disk2/home/tony/demo1/model/cheese3d_demo_model/backend/cheese3d_demo_model-houlab-2025-05-28/labeled-data/20231102_B21_3D-structure_awake_000_R_10-51-06/img08141.png,/data/disk2/home/tony/demo1/model/cheese3d_demo_model/backend/cheese3d_demo_model-houlab-2025-05-28/labeled-data/20231102_B21_3D-structure_awake_000_R_10-51-06/CollectedData_houlab.h5,15,28
Q0670,2,20231102_B21_3D-structure_awake_000_R_10-51-06,img12646.png,/data/disk2/home/tony/demo1/model/cheese3d_demo_model/backend/cheese3d_demo_model-houlab-2025-05-28/labeled-data/20231102_B21_3D-structure_awake_000_R_10-51-06/img12646.png,/data/disk2/home/tony/demo1/model/cheese3d_demo_model/backend/cheese3d_demo_model-houlab-2025-05-28/labeled-data/20231102_B21_3D-structure_awake_000_R_10-51-06/CollectedData_houlab.h5,15,28
Q0671,2,20231102_B21_3D-structure_awake_000_R_10-51-06,img27258.png,/data/disk2/home/tony/demo1/model/cheese3d_demo_model/backend/cheese3d_demo_model-houlab-2025-05-28/labeled-data/20231102_B21_3D-structure_awake_000_R_10-51-06/img27258.png,/data/disk2/home/tony/demo1/model/cheese3d_demo_model/backend/cheese3d_demo_model-houlab-2025-05-28/labeled-data/20231102_B21_3D-structure_awake_000_R_10-51-06/CollectedData_houlab.h5,15,28
Q0672,2,20231102_B21_3D-structure_awake_000_R_10-51-06,img29318.png,/data/disk2/home/tony/demo1/model/cheese3d_demo_model/backend/cheese3d_demo_model-houlab-2025-05-28/labeled-data/20231102_B21_3D-structure_awake_000_R_10-51-06/img29318.png,/data/disk2/home/tony/demo1/model/cheese3d_demo_model/backend/cheese3d_demo_model-houlab-2025-05-28/labeled-data/20231102_B21_3D-structure_awake_000_R_10-51-06/CollectedData_houlab.h5,15,28
Q0673,2,20231102_B21_3D-structure_awake_000_TC_10-51-06,img02605.png,/data/disk2/home/tony/demo1/model/cheese3d_demo_model/backend/cheese3d_demo_model-houlab-2025-05-28/labeled-data/20231102_B21_3D-structure_awake_000_TC_10-51-06/img02605.png,/data/disk2/home/tony/demo1/model/cheese3d_demo_model/backend/cheese3d_demo_model-houlab-2025-05-28/labeled-data/20231102_B21_3D-structure_awake_000_TC_10-51-06/CollectedData_houlab.h5,10,28
Q0674,2,20231102_B21_3D-structure_awake_000_TC_10-51-06,img06724.png,/data/disk2/home/tony/demo1/model/cheese3d_demo_model/backend/cheese3d_demo_model-houlab-2025-05-28/labeled-data/20231102_B21_3D-structure_awake_000_TC_10-51-06/img06724.png,/data/disk2/home/tony/demo1/model/cheese3d_demo_model/backend/cheese3d_demo_model-houlab-2025-05-28/labeled-data/20231102_B21_3D-structure_awake_000_TC_10-51-06/CollectedData_houlab.h5,10,28
Q0675,2,20231102_B21_3D-structure_awake_000_TC_10-51-06,img12587.png,/data/disk2/home/tony/demo1/model/cheese3d_demo_model/backend/cheese3d_demo_model-houlab-2025-05-28/labeled-data/20231102_B21_3D-structure_awake_000_TC_10-51-06/img12587.png,/data/disk2/home/tony/demo1/model/cheese3d_demo_model/backend/cheese3d_demo_model-houlab-2025-05-28/labeled-data/20231102_B21_3D-structure_awake_000_TC_10-51-06/CollectedData_houlab.h5,10,28
Q0676,2,20231102_B21_3D-structure_awake_000_TC_10-51-06,img16451.png,/data/disk2/home/tony/demo1/model/cheese3d_demo_model/backend/cheese3d_demo_model-houlab-2025-05-28/labeled-data/20231102_B21_3D-structure_awake_000_TC_10-51-06/img16451.png,/data/disk2/home/tony/demo1/model/cheese3d_demo_model/backend/cheese3d_demo_model-houlab-2025-05-28/labeled-data/20231102_B21_3D-structure_awake_000_TC_10-51-06/CollectedData_houlab.h5,10,28
Q0677,2,20231102_B21_3D-structure_awake_000_TC_10-51-06,img22231.png,/data/disk2/home/tony/demo1/model/cheese3d_demo_model/backend/cheese3d_demo_model-houlab-2025-05-28/labeled-data/20231102_B21_3D-structure_awake_000_TC_10-51-06/img22231.png,/data/disk2/home/tony/demo1/model/cheese3d_demo_model/backend/cheese3d_demo_model-houlab-2025-05-28/labeled-data/20231102_B21_3D-structure_awake_000_TC_10-51-06/CollectedData_houlab.h5,10,28
Q0678,2,20231102_B21_3D-structure_awake_000_TR_10-51-06,img06747.png,/data/disk2/home/tony/demo1/model/cheese3d_demo_model/backend/cheese3d_demo_model-houlab-2025-05-28/labeled-data/20231102_B21_3D-structure_awake_000_TR_10-51-06/img06747.png,/data/disk2/home/tony/demo1/model/cheese3d_demo_model/backend/cheese3d_demo_model-houlab-2025-05-28/labeled-data/20231102_B21_3D-structure_awake_000_TR_10-51-06/CollectedData_houlab.h5,9,28
Q0679,2,20231102_B21_3D-structure_awake_000_TR_10-51-06,img07644.png,/data/disk2/home/tony/demo1/model/cheese3d_demo_model/backend/cheese3d_demo_model-houlab-2025-05-28/labeled-data/20231102_B21_3D-structure_awake_000_TR_10-51-06/img07644.png,/data/disk2/home/tony/demo1/model/cheese3d_demo_model/backend/cheese3d_demo_model-houlab-2025-05-28/labeled-data/20231102_B21_3D-structure_awake_000_TR_10-51-06/CollectedData_houlab.h5,9,28
Q0680,2,20231102_B21_3D-structure_awake_000_TR_10-51-06,img09368.png,/data/disk2/home/tony/demo1/model/cheese3d_demo_model/backend/cheese3d_demo_model-houlab-2025-05-28/labeled-data/20231102_B21_3D-structure_awake_000_TR_10-51-06/img09368.png,/data/disk2/home/tony/demo1/model/cheese3d_demo_model/backend/cheese3d_demo_model-houlab-2025-05-28/labeled-data/20231102_B21_3D-structure_awake_000_TR_10-51-06/CollectedData_houlab.h5,9,28
Q0681,2,20231102_B21_3D-structure_awake_000_TR_10-51-06,img13034.png,/data/disk2/home/tony/demo1/model/cheese3d_demo_model/backend/cheese3d_demo_model-houlab-2025-05-28/labeled-data/20231102_B21_3D-structure_awake_000_TR_10-51-06/img13034.png,/data/disk2/home/tony/demo1/model/cheese3d_demo_model/backend/cheese3d_demo_model-houlab-2025-05-28/labeled-data/20231102_B21_3D-structure_awake_000_TR_10-51-06/CollectedData_houlab.h5,9,28
Q0682,2,20231102_B21_3D-structure_awake_000_TR_10-51-06,img17249.png,/data/disk2/home/tony/demo1/model/cheese3d_demo_model/backend/cheese3d_demo_model-houlab-2025-05-28/labeled-data/20231102_B21_3D-structure_awake_000_TR_10-51-06/img17249.png,/data/disk2/home/tony/demo1/model/cheese3d_demo_model/backend/cheese3d_demo_model-houlab-2025-05-28/labeled-data/20231102_B21_3D-structure_awake_000_TR_10-51-06/CollectedData_houlab.h5,9,28
Q0683,2,20231102_B6-B15-B20-B21-B26-B31-B32-B33_3D-structure_rig2_concat_BC,img003572.png,/data/disk2/home/tony/demo1/model/cheese3d_demo_model/backend/cheese3d_demo_model-houlab-2025-05-28/labeled-data/20231102_B6-B15-B20-B21-B26-B31-B32-B33_3D-structure_rig2_concat_BC/img003572.png,/data/disk2/home/tony/demo1/model/cheese3d_demo_model/backend/cheese3d_demo_model-houlab-2025-05-28/labeled-data/20231102_B6-B15-B20-B21-B26-B31-B32-B33_3D-structure_rig2_concat_BC/CollectedData_houlab.h5,11,28
Q0684,2,20231102_B6-B15-B20-B21-B26-B31-B32-B33_3D-structure_rig2_concat_BC,img018060.png,/data/disk2/home/tony/demo1/model/cheese3d_demo_model/backend/cheese3d_demo_model-houlab-2025-05-28/labeled-data/20231102_B6-B15-B20-B21-B26-B31-B32-B33_3D-structure_rig2_concat_BC/img018060.png,/data/disk2/home/tony/demo1/model/cheese3d_demo_model/backend/cheese3d_demo_model-houlab-2025-05-28/labeled-data/20231102_B6-B15-B20-B21-B26-B31-B32-B33_3D-structure_rig2_concat_BC/CollectedData_houlab.h5,11,28
Q0685,2,20231102_B6-B15-B20-B21-B26-B31-B32-B33_3D-structure_rig2_concat_BC,img055091.png,/data/disk2/home/tony/demo1/model/cheese3d_demo_model/backend/cheese3d_demo_model-houlab-2025-05-28/labeled-data/20231102_B6-B15-B20-B21-B26-B31-B32-B33_3D-structure_rig2_concat_BC/img055091.png,/data/disk2/home/tony/demo1/model/cheese3d_demo_model/backend/cheese3d_demo_model-houlab-2025-05-28/labeled-data/20231102_B6-B15-B20-B21-B26-B31-B32-B33_3D-structure_rig2_concat_BC/CollectedData_houlab.h5,11,28
Q0686,2,20231102_B6-B15-B20-B21-B26-B31-B32-B33_3D-structure_rig2_concat_BC,img076000.png,/data/disk2/home/tony/demo1/model/cheese3d_demo_model/backend/cheese3d_demo_model-houlab-2025-05-28/labeled-data/20231102_B6-B15-B20-B21-B26-B31-B32-B33_3D-structure_rig2_concat_BC/img076000.png,/data/disk2/home/tony/demo1/model/cheese3d_demo_model/backend/cheese3d_demo_model-houlab-2025-05-28/labeled-data/20231102_B6-B15-B20-B21-B26-B31-B32-B33_3D-structure_rig2_concat_BC/CollectedData_houlab.h5,11,28
Q0687,2,20231102_B6-B15-B20-B21-B26-B31-B32-B33_3D-structure_rig2_concat_BC,img098282.png,/data/disk2/home/tony/demo1/model/cheese3d_demo_model/backend/cheese3d_demo_model-houlab-2025-05-28/labeled-data/20231102_B6-B15-B20-B21-B26-B31-B32-B33_3D-structure_rig2_concat_BC/img098282.png,/data/disk2/home/tony/demo1/model/cheese3d_demo_model/backend/cheese3d_demo_model-houlab-2025-05-28/labeled-data/20231102_B6-B15-B20-B21-B26-B31-B32-B33_3D-structure_rig2_concat_BC/CollectedData_houlab.h5,11,28
Q0688,2,20231102_B6-B15-B20-B21-B26-B31-B32-B33_3D-structure_rig2_concat_BC,img100668.png,/data/disk2/home/tony/demo1/model/cheese3d_demo_model/backend/cheese3d_demo_model-houlab-2025-05-28/labeled-data/20231102_B6-B15-B20-B21-B26-B31-B32-B33_3D-structure_rig2_concat_BC/img100668.png,/data/disk2/home/tony/demo1/model/cheese3d_demo_model/backend/cheese3d_demo_model-houlab-2025-05-28/labeled-data/20231102_B6-B15-B20-B21-B26-B31-B32-B33_3D-structure_rig2_concat_BC/CollectedData_houlab.h5,11,28
Q0689,2,20231102_B6-B15-B20-B21-B26-B31-B32-B33_3D-structure_rig2_concat_BC,img104143.png,/data/disk2/home/tony/demo1/model/cheese3d_demo_model/backend/cheese3d_demo_model-houlab-2025-05-28/labeled-data/20231102_B6-B15-B20-B21-B26-B31-B32-B33_3D-structure_rig2_concat_BC/img104143.png,/data/disk2/home/tony/demo1/model/cheese3d_demo_model/backend/cheese3d_demo_model-houlab-2025-05-28/labeled-data/20231102_B6-B15-B20-B21-B26-B31-B32-B33_3D-structure_rig2_concat_BC/CollectedData_houlab.h5,11,28
Q0690,2,20231102_B6-B15-B20-B21-B26-B31-B32-B33_3D-structure_rig2_concat_BC,img119500.png,/data/disk2/home/tony/demo1/model/cheese3d_demo_model/backend/cheese3d_demo_model-houlab-2025-05-28/labeled-data/20231102_B6-B15-B20-B21-B26-B31-B32-B33_3D-structure_rig2_concat_BC/img119500.png,/data/disk2/home/tony/demo1/model/cheese3d_demo_model/backend/cheese3d_demo_model-houlab-2025-05-28/labeled-data/20231102_B6-B15-B20-B21-B26-B31-B32-B33_3D-structure_rig2_concat_BC/CollectedData_houlab.h5,11,28
Q0691,2,20231102_B6-B15-B20-B21-B26-B31-B32-B33_3D-structure_rig2_concat_BC,img122838.png,/data/disk2/home/tony/demo1/model/cheese3d_demo_model/backend/cheese3d_demo_model-houlab-2025-05-28/labeled-data/20231102_B6-B15-B20-B21-B26-B31-B32-B33_3D-structure_rig2_concat_BC/img122838.png,/data/disk2/home/tony/demo1/model/cheese3d_demo_model/backend/cheese3d_demo_model-houlab-2025-05-28/labeled-data/20231102_B6-B15-B20-B21-B26-B31-B32-B33_3D-structure_rig2_concat_BC/CollectedData_houlab.h5,11,28
Q0692,2,20231102_B6-B15-B20-B21-B26-B31-B32-B33_3D-structure_rig2_concat_BC,img140498.png,/data/disk2/home/tony/demo1/model/cheese3d_demo_model/backend/cheese3d_demo_model-houlab-2025-05-28/labeled-data/20231102_B6-B15-B20-B21-B26-B31-B32-B33_3D-structure_rig2_concat_BC/img140498.png,/data/disk2/home/tony/demo1/model/cheese3d_demo_model/backend/cheese3d_demo_model-houlab-2025-05-28/labeled-data/20231102_B6-B15-B20-B21-B26-B31-B32-B33_3D-structure_rig2_concat_BC/CollectedData_houlab.h5,11,28
Q0693,2,20231102_B6-B15-B20-B21-B26-B31-B32-B33_3D-structure_rig2_concat_BC,img143674.png,/data/disk2/home/tony/demo1/model/cheese3d_demo_model/backend/cheese3d_demo_model-houlab-2025-05-28/labeled-data/20231102_B6-B15-B20-B21-B26-B31-B32-B33_3D-structure_rig2_concat_BC/img143674.png,/data/disk2/home/tony/demo1/model/cheese3d_demo_model/backend/cheese3d_demo_model-houlab-2025-05-28/labeled-data/20231102_B6-B15-B20-B21-B26-B31-B32-B33_3D-structure_rig2_concat_BC/CollectedData_houlab.h5,11,28
Q0694,2,20231102_B6-B15-B20-B21-B26-B31-B32-B33_3D-structure_rig2_concat_BC,img153904.png,/data/disk2/home/tony/demo1/model/cheese3d_demo_model/backend/cheese3d_demo_model-houlab-2025-05-28/labeled-data/20231102_B6-B15-B20-B21-B26-B31-B32-B33_3D-structure_rig2_concat_BC/img153904.png,/data/disk2/home/tony/demo1/model/cheese3d_demo_model/backend/cheese3d_demo_model-houlab-2025-05-28/labeled-data/20231102_B6-B15-B20-B21-B26-B31-B32-B33_3D-structure_rig2_concat_BC/CollectedData_houlab.h5,11,28
Q0695,2,20231102_B6-B15-B20-B21-B26-B31-B32-B33_3D-structure_rig2_concat_BC,img174617.png,/data/disk2/home/tony/demo1/model/cheese3d_demo_model/backend/cheese3d_demo_model-houlab-2025-05-28/labeled-data/20231102_B6-B15-B20-B21-B26-B31-B32-B33_3D-structure_rig2_concat_BC/img174617.png,/data/disk2/home/tony/demo1/model/cheese3d_demo_model/backend/cheese3d_demo_model-houlab-2025-05-28/labeled-data/20231102_B6-B15-B20-B21-B26-B31-B32-B33_3D-structure_rig2_concat_BC/CollectedData_houlab.h5,11,28
Q0696,2,20231102_B6-B15-B20-B21-B26-B31-B32-B33_3D-structure_rig2_concat_BC,img197595.png,/data/disk2/home/tony/demo1/model/cheese3d_demo_model/backend/cheese3d_demo_model-houlab-2025-05-28/labeled-data/20231102_B6-B15-B20-B21-B26-B31-B32-B33_3D-structure_rig2_concat_BC/img197595.png,/data/disk2/home/tony/demo1/model/cheese3d_demo_model/backend/cheese3d_demo_model-houlab-2025-05-28/labeled-data/20231102_B6-B15-B20-B21-B26-B31-B32-B33_3D-structure_rig2_concat_BC/CollectedData_houlab.h5,11,28
Q0697,2,20231102_B6-B15-B20-B21-B26-B31-B32-B33_3D-structure_rig2_concat_BC,img229739.png,/data/disk2/home/tony/demo1/model/cheese3d_demo_model/backend/cheese3d_demo_model-houlab-2025-05-28/labeled-data/20231102_B6-B15-B20-B21-B26-B31-B32-B33_3D-structure_rig2_concat_BC/img229739.png,/data/disk2/home/tony/demo1/model/cheese3d_demo_model/backend/cheese3d_demo_model-houlab-2025-05-28/labeled-data/20231102_B6-B15-B20-B21-B26-B31-B32-B33_3D-structure_rig2_concat_BC/CollectedData_houlab.h5,11,28
Q0698,2,20231102_B6-B15-B20-B21-B26-B31-B32-B33_3D-structure_rig2_concat_BC,img236852.png,/data/disk2/home/tony/demo1/model/cheese3d_demo_model/backend/cheese3d_demo_model-houlab-2025-05-28/labeled-data/20231102_B6-B15-B20-B21-B26-B31-B32-B33_3D-structure_rig2_concat_BC/img236852.png,/data/disk2/home/tony/demo1/model/cheese3d_demo_model/backend/cheese3d_demo_model-houlab-2025-05-28/labeled-data/20231102_B6-B15-B20-B21-B26-B31-B32-B33_3D-structure_rig2_concat_BC/CollectedData_houlab.h5,11,28
Q0699,2,20231102_B6-B15-B20-B21-B26-B31-B32-B33_3D-structure_rig2_concat_BC,img258500.png,/data/disk2/home/tony/demo1/model/cheese3d_demo_model/backend/cheese3d_demo_model-houlab-2025-05-28/labeled-data/20231102_B6-B15-B20-B21-B26-B31-B32-B33_3D-structure_rig2_concat_BC/img258500.png,/data/disk2/home/tony/demo1/model/cheese3d_demo_model/backend/cheese3d_demo_model-houlab-2025-05-28/labeled-data/20231102_B6-B15-B20-B21-B26-B31-B32-B33_3D-structure_rig2_concat_BC/CollectedData_houlab.h5,11,28
Q0700,2,20231102_B6-B15-B20-B21-B26-B31-B32-B33_3D-structure_rig2_concat_BC,img272236.png,/data/disk2/home/tony/demo1/model/cheese3d_demo_model/backend/cheese3d_demo_model-houlab-2025-05-28/labeled-data/20231102_B6-B15-B20-B21-B26-B31-B32-B33_3D-structure_rig2_concat_BC/img272236.png,/data/disk2/home/tony/demo1/model/cheese3d_demo_model/backend/cheese3d_demo_model-houlab-2025-05-28/labeled-data/20231102_B6-B15-B20-B21-B26-B31-B32-B33_3D-structure_rig2_concat_BC/CollectedData_houlab.h5,11,28
Q0701,2,20231102_B6-B15-B20-B21-B26-B31-B32-B33_3D-structure_rig2_concat_BC,img290758.png,/data/disk2/home/tony/demo1/model/cheese3d_demo_model/backend/cheese3d_demo_model-houlab-2025-05-28/labeled-data/20231102_B6-B15-B20-B21-B26-B31-B32-B33_3D-structure_rig2_concat_BC/img290758.png,/data/disk2/home/tony/demo1/model/cheese3d_demo_model/backend/cheese3d_demo_model-houlab-2025-05-28/labeled-data/20231102_B6-B15-B20-B21-B26-B31-B32-B33_3D-structure_rig2_concat_BC/CollectedData_houlab.h5,11,28
Q0702,2,20231102_B6-B15-B20-B21-B26-B31-B32-B33_3D-structure_rig2_concat_BC,img297099.png,/data/disk2/home/tony/demo1/model/cheese3d_demo_model/backend/cheese3d_demo_model-houlab-2025-05-28/labeled-data/20231102_B6-B15-B20-B21-B26-B31-B32-B33_3D-structure_rig2_concat_BC/img297099.png,/data/disk2/home/tony/demo1/model/cheese3d_demo_model/backend/cheese3d_demo_model-houlab-2025-05-28/labeled-data/20231102_B6-B15-B20-B21-B26-B31-B32-B33_3D-structure_rig2_concat_BC/CollectedData_houlab.h5,11,28
Q0703,2,20231102_B6-B15-B20-B21-B26-B31-B32-B33_3D-structure_rig2_concat_L,img001236.png,/data/disk2/home/tony/demo1/model/cheese3d_demo_model/backend/cheese3d_demo_model-houlab-2025-05-28/labeled-data/20231102_B6-B15-B20-B21-B26-B31-B32-B33_3D-structure_rig2_concat_L/img001236.png,/data/disk2/home/tony/demo1/model/cheese3d_demo_model/backend/cheese3d_demo_model-houlab-2025-05-28/labeled-data/20231102_B6-B15-B20-B21-B26-B31-B32-B33_3D-structure_rig2_concat_L/CollectedData_houlab.h5,17,28
Q0704,2,20231102_B6-B15-B20-B21-B26-B31-B32-B33_3D-structure_rig2_concat_L,img005823.png,/data/disk2/home/tony/demo1/model/cheese3d_demo_model/backend/cheese3d_demo_model-houlab-2025-05-28/labeled-data/20231102_B6-B15-B20-B21-B26-B31-B32-B33_3D-structure_rig2_concat_L/img005823.png,/data/disk2/home/tony/demo1/model/cheese3d_demo_model/backend/cheese3d_demo_model-houlab-2025-05-28/labeled-data/20231102_B6-B15-B20-B21-B26-B31-B32-B33_3D-structure_rig2_concat_L/CollectedData_houlab.h5,17,28
Q0705,2,20231102_B6-B15-B20-B21-B26-B31-B32-B33_3D-structure_rig2_concat_L,img031446.png,/data/disk2/home/tony/demo1/model/cheese3d_demo_model/backend/cheese3d_demo_model-houlab-2025-05-28/labeled-data/20231102_B6-B15-B20-B21-B26-B31-B32-B33_3D-structure_rig2_concat_L/img031446.png,/data/disk2/home/tony/demo1/model/cheese3d_demo_model/backend/cheese3d_demo_model-houlab-2025-05-28/labeled-data/20231102_B6-B15-B20-B21-B26-B31-B32-B33_3D-structure_rig2_concat_L/CollectedData_houlab.h5,17,28
Q0706,2,20231102_B6-B15-B20-B21-B26-B31-B32-B33_3D-structure_rig2_concat_L,img061058.png,/data/disk2/home/tony/demo1/model/cheese3d_demo_model/backend/cheese3d_demo_model-houlab-2025-05-28/labeled-data/20231102_B6-B15-B20-B21-B26-B31-B32-B33_3D-structure_rig2_concat_L/img061058.png,/data/disk2/home/tony/demo1/model/cheese3d_demo_model/backend/cheese3d_demo_model-houlab-2025-05-28/labeled-data/20231102_B6-B15-B20-B21-B26-B31-B32-B33_3D-structure_rig2_concat_L/CollectedData_houlab.h5,17,28
Q0707,2,20231102_B6-B15-B20-B21-B26-B31-B32-B33_3D-structure_rig2_concat_L,img067802.png,/data/disk2/home/tony/demo1/model/cheese3d_demo_model/backend/cheese3d_demo_model-houlab-2025-05-28/labeled-data/20231102_B6-B15-B20-B21-B26-B31-B32-B33_3D-structure_rig2_concat_L/img067802.png,/data/disk2/home/tony/demo1/model/cheese3d_demo_model/backend/cheese3d_demo_model-houlab-2025-05-28/labeled-data/20231102_B6-B15-B20-B21-B26-B31-B32-B33_3D-structure_rig2_concat_L/CollectedData_houlab.h5,17,28
Q0708,2,20231102_B6-B15-B20-B21-B26-B31-B32-B33_3D-structure_rig2_concat_L,img074460.png,/data/disk2/home/tony/demo1/model/cheese3d_demo_model/backend/cheese3d_demo_model-houlab-2025-05-28/labeled-data/20231102_B6-B15-B20-B21-B26-B31-B32-B33_3D-structure_rig2_concat_L/img074460.png,/data/disk2/home/tony/demo1/model/cheese3d_demo_model/backend/cheese3d_demo_model-houlab-2025-05-28/labeled-data/20231102_B6-B15-B20-B21-B26-B31-B32-B33_3D-structure_rig2_concat_L/CollectedData_houlab.h5,17,28
Q0709,2,20231102_B6-B15-B20-B21-B26-B31-B32-B33_3D-structure_rig2_concat_L,img088066.png,/data/disk2/home/tony/demo1/model/cheese3d_demo_model/backend/cheese3d_demo_model-houlab-2025-05-28/labeled-data/20231102_B6-B15-B20-B21-B26-B31-B32-B33_3D-structure_rig2_concat_L/img088066.png,/data/disk2/home/tony/demo1/model/cheese3d_demo_model/backend/cheese3d_demo_model-houlab-2025-05-28/labeled-data/20231102_B6-B15-B20-B21-B26-B31-B32-B33_3D-structure_rig2_concat_L/CollectedData_houlab.h5,17,28
Q0710,2,20231102_B6-B15-B20-B21-B26-B31-B32-B33_3D-structure_rig2_concat_L,img131667.png,/data/disk2/home/tony/demo1/model/cheese3d_demo_model/backend/cheese3d_demo_model-houlab-2025-05-28/labeled-data/20231102_B6-B15-B20-B21-B26-B31-B32-B33_3D-structure_rig2_concat_L/img131667.png,/data/disk2/home/tony/demo1/model/cheese3d_demo_model/backend/cheese3d_demo_model-houlab-2025-05-28/labeled-data/20231102_B6-B15-B20-B21-B26-B31-B32-B33_3D-structure_rig2_concat_L/CollectedData_houlab.h5,17,28
Q0711,2,20231102_B6-B15-B20-B21-B26-B31-B32-B33_3D-structure_rig2_concat_L,img148281.png,/data/disk2/home/tony/demo1/model/cheese3d_demo_model/backend/cheese3d_demo_model-houlab-2025-05-28/labeled-data/20231102_B6-B15-B20-B21-B26-B31-B32-B33_3D-structure_rig2_concat_L/img148281.png,/data/disk2/home/tony/demo1/model/cheese3d_demo_model/backend/cheese3d_demo_model-houlab-2025-05-28/labeled-data/20231102_B6-B15-B20-B21-B26-B31-B32-B33_3D-structure_rig2_concat_L/CollectedData_houlab.h5,17,28
Q0712,2,20231102_B6-B15-B20-B21-B26-B31-B32-B33_3D-structure_rig2_concat_L,img170188.png,/data/disk2/home/tony/demo1/model/cheese3d_demo_model/backend/cheese3d_demo_model-houlab-2025-05-28/labeled-data/20231102_B6-B15-B20-B21-B26-B31-B32-B33_3D-structure_rig2_concat_L/img170188.png,/data/disk2/home/tony/demo1/model/cheese3d_demo_model/backend/cheese3d_demo_model-houlab-2025-05-28/labeled-data/20231102_B6-B15-B20-B21-B26-B31-B32-B33_3D-structure_rig2_concat_L/CollectedData_houlab.h5,17,28
Q0713,2,20231102_B6-B15-B20-B21-B26-B31-B32-B33_3D-structure_rig2_concat_L,img172918.png,/data/disk2/home/tony/demo1/model/cheese3d_demo_model/backend/cheese3d_demo_model-houlab-2025-05-28/labeled-data/20231102_B6-B15-B20-B21-B26-B31-B32-B33_3D-structure_rig2_concat_L/img172918.png,/data/disk2/home/tony/demo1/model/cheese3d_demo_model/backend/cheese3d_demo_model-houlab-2025-05-28/labeled-data/20231102_B6-B15-B20-B21-B26-B31-B32-B33_3D-structure_rig2_concat_L/CollectedData_houlab.h5,17,28
Q0714,2,20231102_B6-B15-B20-B21-B26-B31-B32-B33_3D-structure_rig2_concat_L,img186289.png,/data/disk2/home/tony/demo1/model/cheese3d_demo_model/backend/cheese3d_demo_model-houlab-2025-05-28/labeled-data/20231102_B6-B15-B20-B21-B26-B31-B32-B33_3D-structure_rig2_concat_L/img186289.png,/data/disk2/home/tony/demo1/model/cheese3d_demo_model/backend/cheese3d_demo_model-houlab-2025-05-28/labeled-data/20231102_B6-B15-B20-B21-B26-B31-B32-B33_3D-structure_rig2_concat_L/CollectedData_houlab.h5,17,28
Q0715,2,20231102_B6-B15-B20-B21-B26-B31-B32-B33_3D-structure_rig2_concat_L,img198221.png,/data/disk2/home/tony/demo1/model/cheese3d_demo_model/backend/cheese3d_demo_model-houlab-2025-05-28/labeled-data/20231102_B6-B15-B20-B21-B26-B31-B32-B33_3D-structure_rig2_concat_L/img198221.png,/data/disk2/home/tony/demo1/model/cheese3d_demo_model/backend/cheese3d_demo_model-houlab-2025-05-28/labeled-data/20231102_B6-B15-B20-B21-B26-B31-B32-B33_3D-structure_rig2_concat_L/CollectedData_houlab.h5,17,28
Q0716,2,20231102_B6-B15-B20-B21-B26-B31-B32-B33_3D-structure_rig2_concat_L,img213211.png,/data/disk2/home/tony/demo1/model/cheese3d_demo_model/backend/cheese3d_demo_model-houlab-2025-05-28/labeled-data/20231102_B6-B15-B20-B21-B26-B31-B32-B33_3D-structure_rig2_concat_L/img213211.png,/data/disk2/home/tony/demo1/model/cheese3d_demo_model/backend/cheese3d_demo_model-houlab-2025-05-28/labeled-data/20231102_B6-B15-B20-B21-B26-B31-B32-B33_3D-structure_rig2_concat_L/CollectedData_houlab.h5,17,28
Q0717,2,20231102_B6-B15-B20-B21-B26-B31-B32-B33_3D-structure_rig2_concat_L,img227453.png,/data/disk2/home/tony/demo1/model/cheese3d_demo_model/backend/cheese3d_demo_model-houlab-2025-05-28/labeled-data/20231102_B6-B15-B20-B21-B26-B31-B32-B33_3D-structure_rig2_concat_L/img227453.png,/data/disk2/home/tony/demo1/model/cheese3d_demo_model/backend/cheese3d_demo_model-houlab-2025-05-28/labeled-data/20231102_B6-B15-B20-B21-B26-B31-B32-B33_3D-structure_rig2_concat_L/CollectedData_houlab.h5,17,28
Q0718,2,20231102_B6-B15-B20-B21-B26-B31-B32-B33_3D-structure_rig2_concat_L,img238843.png,/data/disk2/home/tony/demo1/model/cheese3d_demo_model/backend/cheese3d_demo_model-houlab-2025-05-28/labeled-data/20231102_B6-B15-B20-B21-B26-B31-B32-B33_3D-structure_rig2_concat_L/img238843.png,/data/disk2/home/tony/demo1/model/cheese3d_demo_model/backend/cheese3d_demo_model-houlab-2025-05-28/labeled-data/20231102_B6-B15-B20-B21-B26-B31-B32-B33_3D-structure_rig2_concat_L/CollectedData_houlab.h5,16,28
Q0719,2,20231102_B6-B15-B20-B21-B26-B31-B32-B33_3D-structure_rig2_concat_L,img250426.png,/data/disk2/home/tony/demo1/model/cheese3d_demo_model/backend/cheese3d_demo_model-houlab-2025-05-28/labeled-data/20231102_B6-B15-B20-B21-B26-B31-B32-B33_3D-structure_rig2_concat_L/img250426.png,/data/disk2/home/tony/demo1/model/cheese3d_demo_model/backend/cheese3d_demo_model-houlab-2025-05-28/labeled-data/20231102_B6-B15-B20-B21-B26-B31-B32-B33_3D-structure_rig2_concat_L/CollectedData_houlab.h5,16,28
Q0720,2,20231102_B6-B15-B20-B21-B26-B31-B32-B33_3D-structure_rig2_concat_L,img254453.png,/data/disk2/home/tony/demo1/model/cheese3d_demo_model/backend/cheese3d_demo_model-houlab-2025-05-28/labeled-data/20231102_B6-B15-B20-B21-B26-B31-B32-B33_3D-structure_rig2_concat_L/img254453.png,/data/disk2/home/tony/demo1/model/cheese3d_demo_model/backend/cheese3d_demo_model-houlab-2025-05-28/labeled-data/20231102_B6-B15-B20-B21-B26-B31-B32-B33_3D-structure_rig2_concat_L/CollectedData_houlab.h5,16,28
Q0721,2,20231102_B6-B15-B20-B21-B26-B31-B32-B33_3D-structure_rig2_concat_L,img266160.png,/data/disk2/home/tony/demo1/model/cheese3d_demo_model/backend/cheese3d_demo_model-houlab-2025-05-28/labeled-data/20231102_B6-B15-B20-B21-B26-B31-B32-B33_3D-structure_rig2_concat_L/img266160.png,/data/disk2/home/tony/demo1/model/cheese3d_demo_model/backend/cheese3d_demo_model-houlab-2025-05-28/labeled-data/20231102_B6-B15-B20-B21-B26-B31-B32-B33_3D-structure_rig2_concat_L/CollectedData_houlab.h5,17,28
Q0722,2,20231102_B6-B15-B20-B21-B26-B31-B32-B33_3D-structure_rig2_concat_L,img283504.png,/data/disk2/home/tony/demo1/model/cheese3d_demo_model/backend/cheese3d_demo_model-houlab-2025-05-28/labeled-data/20231102_B6-B15-B20-B21-B26-B31-B32-B33_3D-structure_rig2_concat_L/img283504.png,/data/disk2/home/tony/demo1/model/cheese3d_demo_model/backend/cheese3d_demo_model-houlab-2025-05-28/labeled-data/20231102_B6-B15-B20-B21-B26-B31-B32-B33_3D-structure_rig2_concat_L/CollectedData_houlab.h5,17,28
Q0723,2,20231102_B6-B15-B20-B21-B26-B31-B32-B33_3D-structure_rig2_concat_R,img005829.png,/data/disk2/home/tony/demo1/model/cheese3d_demo_model/backend/cheese3d_demo_model-houlab-2025-05-28/labeled-data/20231102_B6-B15-B20-B21-B26-B31-B32-B33_3D-structure_rig2_concat_R/img005829.png,/data/disk2/home/tony/demo1/model/cheese3d_demo_model/backend/cheese3d_demo_model-houlab-2025-05-28/labeled-data/20231102_B6-B15-B20-B21-B26-B31-B32-B33_3D-structure_rig2_concat_R/CollectedData_houlab.h5,17,28
Q0724,2,20231102_B6-B15-B20-B21-B26-B31-B32-B33_3D-structure_rig2_concat_R,img013261.png,/data/disk2/home/tony/demo1/model/cheese3d_demo_model/backend/cheese3d_demo_model-houlab-2025-05-28/labeled-data/20231102_B6-B15-B20-B21-B26-B31-B32-B33_3D-structure_rig2_concat_R/img013261.png,/data/disk2/home/tony/demo1/model/cheese3d_demo_model/backend/cheese3d_demo_model-houlab-2025-05-28/labeled-data/20231102_B6-B15-B20-B21-B26-B31-B32-B33_3D-structure_rig2_concat_R/CollectedData_houlab.h5,16,28
Q0725,2,20231102_B6-B15-B20-B21-B26-B31-B32-B33_3D-structure_rig2_concat_R,img020746.png,/data/disk2/home/tony/demo1/model/cheese3d_demo_model/backend/cheese3d_demo_model-houlab-2025-05-28/labeled-data/20231102_B6-B15-B20-B21-B26-B31-B32-B33_3D-structure_rig2_concat_R/img020746.png,/data/disk2/home/tony/demo1/model/cheese3d_demo_model/backend/cheese3d_demo_model-houlab-2025-05-28/labeled-data/20231102_B6-B15-B20-B21-B26-B31-B32-B33_3D-structure_rig2_concat_R/CollectedData_houlab.h5,16,28
Q0726,2,20231102_B6-B15-B20-B21-B26-B31-B32-B33_3D-structure_rig2_concat_R,img037248.png,/data/disk2/home/tony/demo1/model/cheese3d_demo_model/backend/cheese3d_demo_model-houlab-2025-05-28/labeled-data/20231102_B6-B15-B20-B21-B26-B31-B32-B33_3D-structure_rig2_concat_R/img037248.png,/data/disk2/home/tony/demo1/model/cheese3d_demo_model/backend/cheese3d_demo_model-houlab-2025-05-28/labeled-data/20231102_B6-B15-B20-B21-B26-B31-B32-B33_3D-structure_rig2_concat_R/CollectedData_houlab.h5,17,28
Q0727,2,20231102_B6-B15-B20-B21-B26-B31-B32-B33_3D-structure_rig2_concat_R,img085895.png,/data/disk2/home/tony/demo1/model/cheese3d_demo_model/backend/cheese3d_demo_model-houlab-2025-05-28/labeled-data/20231102_B6-B15-B20-B21-B26-B31-B32-B33_3D-structure_rig2_concat_R/img085895.png,/data/disk2/home/tony/demo1/model/cheese3d_demo_model/backend/cheese3d_demo_model-houlab-2025-05-28/labeled-data/20231102_B6-B15-B20-B21-B26-B31-B32-B33_3D-structure_rig2_concat_R/CollectedData_houlab.h5,17,28
Q0728,2,20231102_B6-B15-B20-B21-B26-B31-B32-B33_3D-structure_rig2_concat_R,img102250.png,/data/disk2/home/tony/demo1/model/cheese3d_demo_model/backend/cheese3d_demo_model-houlab-2025-05-28/labeled-data/20231102_B6-B15-B20-B21-B26-B31-B32-B33_3D-structure_rig2_concat_R/img102250.png,/data/disk2/home/tony/demo1/model/cheese3d_demo_model/backend/cheese3d_demo_model-houlab-2025-05-28/labeled-data/20231102_B6-B15-B20-B21-B26-B31-B32-B33_3D-structure_rig2_concat_R/CollectedData_houlab.h5,17,28
Q0729,2,20231102_B6-B15-B20-B21-B26-B31-B32-B33_3D-structure_rig2_concat_R,img131609.png,/data/disk2/home/tony/demo1/model/cheese3d_demo_model/backend/cheese3d_demo_model-houlab-2025-05-28/labeled-data/20231102_B6-B15-B20-B21-B26-B31-B32-B33_3D-structure_rig2_concat_R/img131609.png,/data/disk2/home/tony/demo1/model/cheese3d_demo_model/backend/cheese3d_demo_model-houlab-2025-05-28/labeled-data/20231102_B6-B15-B20-B21-B26-B31-B32-B33_3D-structure_rig2_concat_R/CollectedData_houlab.h5,16,28
Q0730,2,20231102_B6-B15-B20-B21-B26-B31-B32-B33_3D-structure_rig2_concat_R,img136708.png,/data/disk2/home/tony/demo1/model/cheese3d_demo_model/backend/cheese3d_demo_model-houlab-2025-05-28/labeled-data/20231102_B6-B15-B20-B21-B26-B31-B32-B33_3D-structure_rig2_concat_R/img136708.png,/data/disk2/home/tony/demo1/model/cheese3d_demo_model/backend/cheese3d_demo_model-houlab-2025-05-28/labeled-data/20231102_B6-B15-B20-B21-B26-B31-B32-B33_3D-structure_rig2_concat_R/CollectedData_houlab.h5,17,28
Q0731,2,20231102_B6-B15-B20-B21-B26-B31-B32-B33_3D-structure_rig2_concat_R,img159849.png,/data/disk2/home/tony/demo1/model/cheese3d_demo_model/backend/cheese3d_demo_model-houlab-2025-05-28/labeled-data/20231102_B6-B15-B20-B21-B26-B31-B32-B33_3D-structure_rig2_concat_R/img159849.png,/data/disk2/home/tony/demo1/model/cheese3d_demo_model/backend/cheese3d_demo_model-houlab-2025-05-28/labeled-data/20231102_B6-B15-B20-B21-B26-B31-B32-B33_3D-structure_rig2_concat_R/CollectedData_houlab.h5,17,28
Q0732,2,20231102_B6-B15-B20-B21-B26-B31-B32-B33_3D-structure_rig2_concat_R,img169204.png,/data/disk2/home/tony/demo1/model/cheese3d_demo_model/backend/cheese3d_demo_model-houlab-2025-05-28/labeled-data/20231102_B6-B15-B20-B21-B26-B31-B32-B33_3D-structure_rig2_concat_R/img169204.png,/data/disk2/home/tony/demo1/model/cheese3d_demo_model/backend/cheese3d_demo_model-houlab-2025-05-28/labeled-data/20231102_B6-B15-B20-B21-B26-B31-B32-B33_3D-structure_rig2_concat_R/CollectedData_houlab.h5,17,28
Q0733,2,20231102_B6-B15-B20-B21-B26-B31-B32-B33_3D-structure_rig2_concat_R,img180734.png,/data/disk2/home/tony/demo1/model/cheese3d_demo_model/backend/cheese3d_demo_model-houlab-2025-05-28/labeled-data/20231102_B6-B15-B20-B21-B26-B31-B32-B33_3D-structure_rig2_concat_R/img180734.png,/data/disk2/home/tony/demo1/model/cheese3d_demo_model/backend/cheese3d_demo_model-houlab-2025-05-28/labeled-data/20231102_B6-B15-B20-B21-B26-B31-B32-B33_3D-structure_rig2_concat_R/CollectedData_houlab.h5,17,28
Q0734,2,20231102_B6-B15-B20-B21-B26-B31-B32-B33_3D-structure_rig2_concat_R,img189848.png,/data/disk2/home/tony/demo1/model/cheese3d_demo_model/backend/cheese3d_demo_model-houlab-2025-05-28/labeled-data/20231102_B6-B15-B20-B21-B26-B31-B32-B33_3D-structure_rig2_concat_R/img189848.png,/data/disk2/home/tony/demo1/model/cheese3d_demo_model/backend/cheese3d_demo_model-houlab-2025-05-28/labeled-data/20231102_B6-B15-B20-B21-B26-B31-B32-B33_3D-structure_rig2_concat_R/CollectedData_houlab.h5,17,28
Q0735,2,20231102_B6-B15-B20-B21-B26-B31-B32-B33_3D-structure_rig2_concat_R,img201618.png,/data/disk2/home/tony/demo1/model/cheese3d_demo_model/backend/cheese3d_demo_model-houlab-2025-05-28/labeled-data/20231102_B6-B15-B20-B21-B26-B31-B32-B33_3D-structure_rig2_concat_R/img201618.png,/data/disk2/home/tony/demo1/model/cheese3d_demo_model/backend/cheese3d_demo_model-houlab-2025-05-28/labeled-data/20231102_B6-B15-B20-B21-B26-B31-B32-B33_3D-structure_rig2_concat_R/CollectedData_houlab.h5,17,28
Q0736,2,20231102_B6-B15-B20-B21-B26-B31-B32-B33_3D-structure_rig2_concat_R,img228915.png,/data/disk2/home/tony/demo1/model/cheese3d_demo_model/backend/cheese3d_demo_model-houlab-2025-05-28/labeled-data/20231102_B6-B15-B20-B21-B26-B31-B32-B33_3D-structure_rig2_concat_R/img228915.png,/data/disk2/home/tony/demo1/model/cheese3d_demo_model/backend/cheese3d_demo_model-houlab-2025-05-28/labeled-data/20231102_B6-B15-B20-B21-B26-B31-B32-B33_3D-structure_rig2_concat_R/CollectedData_houlab.h5,17,28
Q0737,2,20231102_B6-B15-B20-B21-B26-B31-B32-B33_3D-structure_rig2_concat_R,img238342.png,/data/disk2/home/tony/demo1/model/cheese3d_demo_model/backend/cheese3d_demo_model-houlab-2025-05-28/labeled-data/20231102_B6-B15-B20-B21-B26-B31-B32-B33_3D-structure_rig2_concat_R/img238342.png,/data/disk2/home/tony/demo1/model/cheese3d_demo_model/backend/cheese3d_demo_model-houlab-2025-05-28/labeled-data/20231102_B6-B15-B20-B21-B26-B31-B32-B33_3D-structure_rig2_concat_R/CollectedData_houlab.h5,17,28
Q0738,2,20231102_B6-B15-B20-B21-B26-B31-B32-B33_3D-structure_rig2_concat_R,img257129.png,/data/disk2/home/tony/demo1/model/cheese3d_demo_model/backend/cheese3d_demo_model-houlab-2025-05-28/labeled-data/20231102_B6-B15-B20-B21-B26-B31-B32-B33_3D-structure_rig2_concat_R/img257129.png,/data/disk2/home/tony/demo1/model/cheese3d_demo_model/backend/cheese3d_demo_model-houlab-2025-05-28/labeled-data/20231102_B6-B15-B20-B21-B26-B31-B32-B33_3D-structure_rig2_concat_R/CollectedData_houlab.h5,17,28
Q0739,2,20231102_B6-B15-B20-B21-B26-B31-B32-B33_3D-structure_rig2_concat_R,img264790.png,/data/disk2/home/tony/demo1/model/cheese3d_demo_model/backend/cheese3d_demo_model-houlab-2025-05-28/labeled-data/20231102_B6-B15-B20-B21-B26-B31-B32-B33_3D-structure_rig2_concat_R/img264790.png,/data/disk2/home/tony/demo1/model/cheese3d_demo_model/backend/cheese3d_demo_model-houlab-2025-05-28/labeled-data/20231102_B6-B15-B20-B21-B26-B31-B32-B33_3D-structure_rig2_concat_R/CollectedData_houlab.h5,17,28
Q0740,2,20231102_B6-B15-B20-B21-B26-B31-B32-B33_3D-structure_rig2_concat_R,img270198.png,/data/disk2/home/tony/demo1/model/cheese3d_demo_model/backend/cheese3d_demo_model-houlab-2025-05-28/labeled-data/20231102_B6-B15-B20-B21-B26-B31-B32-B33_3D-structure_rig2_concat_R/img270198.png,/data/disk2/home/tony/demo1/model/cheese3d_demo_model/backend/cheese3d_demo_model-houlab-2025-05-28/labeled-data/20231102_B6-B15-B20-B21-B26-B31-B32-B33_3D-structure_rig2_concat_R/CollectedData_houlab.h5,17,28
Q0741,2,20231102_B6-B15-B20-B21-B26-B31-B32-B33_3D-structure_rig2_concat_R,img273923.png,/data/disk2/home/tony/demo1/model/cheese3d_demo_model/backend/cheese3d_demo_model-houlab-2025-05-28/labeled-data/20231102_B6-B15-B20-B21-B26-B31-B32-B33_3D-structure_rig2_concat_R/img273923.png,/data/disk2/home/tony/demo1/model/cheese3d_demo_model/backend/cheese3d_demo_model-houlab-2025-05-28/labeled-data/20231102_B6-B15-B20-B21-B26-B31-B32-B33_3D-structure_rig2_concat_R/CollectedData_houlab.h5,17,28
Q0742,2,20231102_B6-B15-B20-B21-B26-B31-B32-B33_3D-structure_rig2_concat_R,img293766.png,/data/disk2/home/tony/demo1/model/cheese3d_demo_model/backend/cheese3d_demo_model-houlab-2025-05-28/labeled-data/20231102_B6-B15-B20-B21-B26-B31-B32-B33_3D-structure_rig2_concat_R/img293766.png,/data/disk2/home/tony/demo1/model/cheese3d_demo_model/backend/cheese3d_demo_model-houlab-2025-05-28/labeled-data/20231102_B6-B15-B20-B21-B26-B31-B32-B33_3D-structure_rig2_concat_R/CollectedData_houlab.h5,16,28
Q0743,2,20231102_B6-B15-B20-B21-B26-B31-B32-B33_3D-structure_rig2_concat_TC,img003199.png,/data/disk2/home/tony/demo1/model/cheese3d_demo_model/backend/cheese3d_demo_model-houlab-2025-05-28/labeled-data/20231102_B6-B15-B20-B21-B26-B31-B32-B33_3D-structure_rig2_concat_TC/img003199.png,/data/disk2/home/tony/demo1/model/cheese3d_demo_model/backend/cheese3d_demo_model-houlab-2025-05-28/labeled-data/20231102_B6-B15-B20-B21-B26-B31-B32-B33_3D-structure_rig2_concat_TC/CollectedData_houlab.h5,10,28
Q0744,2,20231102_B6-B15-B20-B21-B26-B31-B32-B33_3D-structure_rig2_concat_TC,img010452.png,/data/disk2/home/tony/demo1/model/cheese3d_demo_model/backend/cheese3d_demo_model-houlab-2025-05-28/labeled-data/20231102_B6-B15-B20-B21-B26-B31-B32-B33_3D-structure_rig2_concat_TC/img010452.png,/data/disk2/home/tony/demo1/model/cheese3d_demo_model/backend/cheese3d_demo_model-houlab-2025-05-28/labeled-data/20231102_B6-B15-B20-B21-B26-B31-B32-B33_3D-structure_rig2_concat_TC/CollectedData_houlab.h5,10,28
Q0745,2,20231102_B6-B15-B20-B21-B26-B31-B32-B33_3D-structure_rig2_concat_TC,img035823.png,/data/disk2/home/tony/demo1/model/cheese3d_demo_model/backend/cheese3d_demo_model-houlab-2025-05-28/labeled-data/20231102_B6-B15-B20-B21-B26-B31-B32-B33_3D-structure_rig2_concat_TC/img035823.png,/data/disk2/home/tony/demo1/model/cheese3d_demo_model/backend/cheese3d_demo_model-houlab-2025-05-28/labeled-data/20231102_B6-B15-B20-B21-B26-B31-B32-B33_3D-structure_rig2_concat_TC/CollectedData_houlab.h5,10,28
Q0746,2,20231102_B6-B15-B20-B21-B26-B31-B32-B33_3D-structure_rig2_concat_TC,img038909.png,/data/disk2/home/tony/demo1/model/cheese3d_demo_model/backend/cheese3d_demo_model-houlab-2025-05-28/labeled-data/20231102_B6-B15-B20-B21-B26-B31-B32-B33_3D-structure_rig2_concat_TC/img038909.png,/data/disk2/home/tony/demo1/model/cheese3d_demo_model/backend/cheese3d_demo_model-houlab-2025-05-28/labeled-data/20231102_B6-B15-B20-B21-B26-B31-B32-B33_3D-structure_rig2_concat_TC/CollectedData_houlab.h5,10,28
Q0747,2,20231102_B6-B15-B20-B21-B26-B31-B32-B33_3D-structure_rig2_concat_TC,img046742.png,/data/disk2/home/tony/demo1/model/cheese3d_demo_model/backend/cheese3d_demo_model-houlab-2025-05-28/labeled-data/20231102_B6-B15-B20-B21-B26-B31-B32-B33_3D-structure_rig2_concat_TC/img046742.png,/data/disk2/home/tony/demo1/model/cheese3d_demo_model/backend/cheese3d_demo_model-houlab-2025-05-28/labeled-data/20231102_B6-B15-B20-B21-B26-B31-B32-B33_3D-structure_rig2_concat_TC/CollectedData_houlab.h5,10,28
Q0748,2,20231102_B6-B15-B20-B21-B26-B31-B32-B33_3D-structure_rig2_concat_TC,img063244.png,/data/disk2/home/tony/demo1/model/cheese3d_demo_model/backend/cheese3d_demo_model-houlab-2025-05-28/labeled-data/20231102_B6-B15-B20-B21-B26-B31-B32-B33_3D-structure_rig2_concat_TC/img063244.png,/data/disk2/home/tony/demo1/model/cheese3d_demo_model/backend/cheese3d_demo_model-houlab-2025-05-28/labeled-data/20231102_B6-B15-B20-B21-B26-B31-B32-B33_3D-structure_rig2_concat_TC/CollectedData_houlab.h5,10,28
Q0749,2,20231102_B6-B15-B20-B21-B26-B31-B32-B33_3D-structure_rig2_concat_TC,img071514.png,/data/disk2/home/tony/demo1/model/cheese3d_demo_model/backend/cheese3d_demo_model-houlab-2025-05-28/labeled-data/20231102_B6-B15-B20-B21-B26-B31-B32-B33_3D-structure_rig2_concat_TC/img071514.png,/data/disk2/home/tony/demo1/model/cheese3d_demo_model/backend/cheese3d_demo_model-houlab-2025-05-28/labeled-data/20231102_B6-B15-B20-B21-B26-B31-B32-B33_3D-structure_rig2_concat_TC/CollectedData_houlab.h5,10,28
Q0750,2,20231102_B6-B15-B20-B21-B26-B31-B32-B33_3D-structure_rig2_concat_TC,img083200.png,/data/disk2/home/tony/demo1/model/cheese3d_demo_model/backend/cheese3d_demo_model-houlab-2025-05-28/labeled-data/20231102_B6-B15-B20-B21-B26-B31-B32-B33_3D-structure_rig2_concat_TC/img083200.png,/data/disk2/home/tony/demo1/model/cheese3d_demo_model/backend/cheese3d_demo_model-houlab-2025-05-28/labeled-data/20231102_B6-B15-B20-B21-B26-B31-B32-B33_3D-structure_rig2_concat_TC/CollectedData_houlab.h5,10,28
Q0751,2,20231102_B6-B15-B20-B21-B26-B31-B32-B33_3D-structure_rig2_concat_TC,img096790.png,/data/disk2/home/tony/demo1/model/cheese3d_demo_model/backend/cheese3d_demo_model-houlab-2025-05-28/labeled-data/20231102_B6-B15-B20-B21-B26-B31-B32-B33_3D-structure_rig2_concat_TC/img096790.png,/data/disk2/home/tony/demo1/model/cheese3d_demo_model/backend/cheese3d_demo_model-houlab-2025-05-28/labeled-data/20231102_B6-B15-B20-B21-B26-B31-B32-B33_3D-structure_rig2_concat_TC/CollectedData_houlab.h5,10,28
Q0752,2,20231102_B6-B15-B20-B21-B26-B31-B32-B33_3D-structure_rig2_concat_TC,img109946.png,/data/disk2/home/tony/demo1/model/cheese3d_demo_model/backend/cheese3d_demo_model-houlab-2025-05-28/labeled-data/20231102_B6-B15-B20-B21-B26-B31-B32-B33_3D-structure_rig2_concat_TC/img109946.png,/data/disk2/home/tony/demo1/model/cheese3d_demo_model/backend/cheese3d_demo_model-houlab-2025-05-28/labeled-data/20231102_B6-B15-B20-B21-B26-B31-B32-B33_3D-structure_rig2_concat_TC/CollectedData_houlab.h5,10,28
Q0753,2,20231102_B6-B15-B20-B21-B26-B31-B32-B33_3D-structure_rig2_concat_TC,img142564.png,/data/disk2/home/tony/demo1/model/cheese3d_demo_model/backend/cheese3d_demo_model-houlab-2025-05-28/labeled-data/20231102_B6-B15-B20-B21-B26-B31-B32-B33_3D-structure_rig2_concat_TC/img142564.png,/data/disk2/home/tony/demo1/model/cheese3d_demo_model/backend/cheese3d_demo_model-houlab-2025-05-28/labeled-data/20231102_B6-B15-B20-B21-B26-B31-B32-B33_3D-structure_rig2_concat_TC/CollectedData_houlab.h5,10,28
Q0754,2,20231102_B6-B15-B20-B21-B26-B31-B32-B33_3D-structure_rig2_concat_TC,img147227.png,/data/disk2/home/tony/demo1/model/cheese3d_demo_model/backend/cheese3d_demo_model-houlab-2025-05-28/labeled-data/20231102_B6-B15-B20-B21-B26-B31-B32-B33_3D-structure_rig2_concat_TC/img147227.png,/data/disk2/home/tony/demo1/model/cheese3d_demo_model/backend/cheese3d_demo_model-houlab-2025-05-28/labeled-data/20231102_B6-B15-B20-B21-B26-B31-B32-B33_3D-structure_rig2_concat_TC/CollectedData_houlab.h5,10,28
Q0755,2,20231102_B6-B15-B20-B21-B26-B31-B32-B33_3D-structure_rig2_concat_TC,img154968.png,/data/disk2/home/tony/demo1/model/cheese3d_demo_model/backend/cheese3d_demo_model-houlab-2025-05-28/labeled-data/20231102_B6-B15-B20-B21-B26-B31-B32-B33_3D-structure_rig2_concat_TC/img154968.png,/data/disk2/home/tony/demo1/model/cheese3d_demo_model/backend/cheese3d_demo_model-houlab-2025-05-28/labeled-data/20231102_B6-B15-B20-B21-B26-B31-B32-B33_3D-structure_rig2_concat_TC/CollectedData_houlab.h5,10,28
Q0756,2,20231102_B6-B15-B20-B21-B26-B31-B32-B33_3D-structure_rig2_concat_TC,img179235.png,/data/disk2/home/tony/demo1/model/cheese3d_demo_model/backend/cheese3d_demo_model-houlab-2025-05-28/labeled-data/20231102_B6-B15-B20-B21-B26-B31-B32-B33_3D-structure_rig2_concat_TC/img179235.png,/data/disk2/home/tony/demo1/model/cheese3d_demo_model/backend/cheese3d_demo_model-houlab-2025-05-28/labeled-data/20231102_B6-B15-B20-B21-B26-B31-B32-B33_3D-structure_rig2_concat_TC/CollectedData_houlab.h5,10,28
Q0757,2,20231102_B6-B15-B20-B21-B26-B31-B32-B33_3D-structure_rig2_concat_TC,img197190.png,/data/disk2/home/tony/demo1/model/cheese3d_demo_model/backend/cheese3d_demo_model-houlab-2025-05-28/labeled-data/20231102_B6-B15-B20-B21-B26-B31-B32-B33_3D-structure_rig2_concat_TC/img197190.png,/data/disk2/home/tony/demo1/model/cheese3d_demo_model/backend/cheese3d_demo_model-houlab-2025-05-28/labeled-data/20231102_B6-B15-B20-B21-B26-B31-B32-B33_3D-structure_rig2_concat_TC/CollectedData_houlab.h5,10,28
Q0758,2,20231102_B6-B15-B20-B21-B26-B31-B32-B33_3D-structure_rig2_concat_TC,img206079.png,/data/disk2/home/tony/demo1/model/cheese3d_demo_model/backend/cheese3d_demo_model-houlab-2025-05-28/labeled-data/20231102_B6-B15-B20-B21-B26-B31-B32-B33_3D-structure_rig2_concat_TC/img206079.png,/data/disk2/home/tony/demo1/model/cheese3d_demo_model/backend/cheese3d_demo_model-houlab-2025-05-28/labeled-data/20231102_B6-B15-B20-B21-B26-B31-B32-B33_3D-structure_rig2_concat_TC/CollectedData_houlab.h5,10,28
Q0759,2,20231102_B6-B15-B20-B21-B26-B31-B32-B33_3D-structure_rig2_concat_TC,img220767.png,/data/disk2/home/tony/demo1/model/cheese3d_demo_model/backend/cheese3d_demo_model-houlab-2025-05-28/labeled-data/20231102_B6-B15-B20-B21-B26-B31-B32-B33_3D-structure_rig2_concat_TC/img220767.png,/data/disk2/home/tony/demo1/model/cheese3d_demo_model/backend/cheese3d_demo_model-houlab-2025-05-28/labeled-data/20231102_B6-B15-B20-B21-B26-B31-B32-B33_3D-structure_rig2_concat_TC/CollectedData_houlab.h5,10,28
Q0760,2,20231102_B6-B15-B20-B21-B26-B31-B32-B33_3D-structure_rig2_concat_TC,img245683.png,/data/disk2/home/tony/demo1/model/cheese3d_demo_model/backend/cheese3d_demo_model-houlab-2025-05-28/labeled-data/20231102_B6-B15-B20-B21-B26-B31-B32-B33_3D-structure_rig2_concat_TC/img245683.png,/data/disk2/home/tony/demo1/model/cheese3d_demo_model/backend/cheese3d_demo_model-houlab-2025-05-28/labeled-data/20231102_B6-B15-B20-B21-B26-B31-B32-B33_3D-structure_rig2_concat_TC/CollectedData_houlab.h5,10,28
Q0761,2,20231102_B6-B15-B20-B21-B26-B31-B32-B33_3D-structure_rig2_concat_TC,img270846.png,/data/disk2/home/tony/demo1/model/cheese3d_demo_model/backend/cheese3d_demo_model-houlab-2025-05-28/labeled-data/20231102_B6-B15-B20-B21-B26-B31-B32-B33_3D-structure_rig2_concat_TC/img270846.png,/data/disk2/home/tony/demo1/model/cheese3d_demo_model/backend/cheese3d_demo_model-houlab-2025-05-28/labeled-data/20231102_B6-B15-B20-B21-B26-B31-B32-B33_3D-structure_rig2_concat_TC/CollectedData_houlab.h5,10,28
Q0762,2,20231102_B6-B15-B20-B21-B26-B31-B32-B33_3D-structure_rig2_concat_TC,img296281.png,/data/disk2/home/tony/demo1/model/cheese3d_demo_model/backend/cheese3d_demo_model-houlab-2025-05-28/labeled-data/20231102_B6-B15-B20-B21-B26-B31-B32-B33_3D-structure_rig2_concat_TC/img296281.png,/data/disk2/home/tony/demo1/model/cheese3d_demo_model/backend/cheese3d_demo_model-houlab-2025-05-28/labeled-data/20231102_B6-B15-B20-B21-B26-B31-B32-B33_3D-structure_rig2_concat_TC/CollectedData_houlab.h5,10,28
Q0763,2,20231102_B6-B15-B20-B21-B26-B31-B32-B33_3D-structure_rig2_concat_TL,img003113.png,/data/disk2/home/tony/demo1/model/cheese3d_demo_model/backend/cheese3d_demo_model-houlab-2025-05-28/labeled-data/20231102_B6-B15-B20-B21-B26-B31-B32-B33_3D-structure_rig2_concat_TL/img003113.png,/data/disk2/home/tony/demo1/model/cheese3d_demo_model/backend/cheese3d_demo_model-houlab-2025-05-28/labeled-data/20231102_B6-B15-B20-B21-B26-B31-B32-B33_3D-structure_rig2_concat_TL/CollectedData_houlab.h5,14,28
Q0764,2,20231102_B6-B15-B20-B21-B26-B31-B32-B33_3D-structure_rig2_concat_TL,img007496.png,/data/disk2/home/tony/demo1/model/cheese3d_demo_model/backend/cheese3d_demo_model-houlab-2025-05-28/labeled-data/20231102_B6-B15-B20-B21-B26-B31-B32-B33_3D-structure_rig2_concat_TL/img007496.png,/data/disk2/home/tony/demo1/model/cheese3d_demo_model/backend/cheese3d_demo_model-houlab-2025-05-28/labeled-data/20231102_B6-B15-B20-B21-B26-B31-B32-B33_3D-structure_rig2_concat_TL/CollectedData_houlab.h5,14,28
Q0765,2,20231102_B6-B15-B20-B21-B26-B31-B32-B33_3D-structure_rig2_concat_TL,img028462.png,/data/disk2/home/tony/demo1/model/cheese3d_demo_model/backend/cheese3d_demo_model-houlab-2025-05-28/labeled-data/20231102_B6-B15-B20-B21-B26-B31-B32-B33_3D-structure_rig2_concat_TL/img028462.png,/data/disk2/home/tony/demo1/model/cheese3d_demo_model/backend/cheese3d_demo_model-houlab-2025-05-28/labeled-data/20231102_B6-B15-B20-B21-B26-B31-B32-B33_3D-structure_rig2_concat_TL/CollectedData_houlab.h5,14,28
Q0766,2,20231102_B6-B15-B20-B21-B26-B31-B32-B33_3D-structure_rig2_concat_TL,img066074.png,/data/disk2/home/tony/demo1/model/cheese3d_demo_model/backend/cheese3d_demo_model-houlab-2025-05-28/labeled-data/20231102_B6-B15-B20-B21-B26-B31-B32-B33_3D-structure_rig2_concat_TL/img066074.png,/data/disk2/home/tony/demo1/model/cheese3d_demo_model/backend/cheese3d_demo_model-houlab-2025-05-28/labeled-data/20231102_B6-B15-B20-B21-B26-B31-B32-B33_3D-structure_rig2_concat_TL/CollectedData_houlab.h5,14,28
Q0767,2,20231102_B6-B15-B20-B21-B26-B31-B32-B33_3D-structure_rig2_concat_TL,img069265.png,/data/disk2/home/tony/demo1/model/cheese3d_demo_model/backend/cheese3d_demo_model-houlab-2025-05-28/labeled-data/20231102_B6-B15-B20-B21-B26-B31-B32-B33_3D-structure_rig2_concat_TL/img069265.png,/data/disk2/home/tony/demo1/model/cheese3d_demo_model/backend/cheese3d_demo_model-houlab-2025-05-28/labeled-data/20231102_B6-B15-B20-B21-B26-B31-B32-B33_3D-structure_rig2_concat_TL/CollectedData_houlab.h5,14,28
Q0768,2,20231102_B6-B15-B20-B21-B26-B31-B32-B33_3D-structure_rig2_concat_TL,img075125.png,/data/disk2/home/tony/demo1/model/cheese3d_demo_model/backend/cheese3d_demo_model-houlab-2025-05-28/labeled-data/20231102_B6-B15-B20-B21-B26-B31-B32-B33_3D-structure_rig2_concat_TL/img075125.png,/data/disk2/home/tony/demo1/model/cheese3d_demo_model/backend/cheese3d_demo_model-houlab-2025-05-28/labeled-data/20231102_B6-B15-B20-B21-B26-B31-B32-B33_3D-structure_rig2_concat_TL/CollectedData_houlab.h5,14,28
Q0769,2,20231102_B6-B15-B20-B21-B26-B31-B32-B33_3D-structure_rig2_concat_TL,img103044.png,/data/disk2/home/tony/demo1/model/cheese3d_demo_model/backend/cheese3d_demo_model-houlab-2025-05-28/labeled-data/20231102_B6-B15-B20-B21-B26-B31-B32-B33_3D-structure_rig2_concat_TL/img103044.png,/data/disk2/home/tony/demo1/model/cheese3d_demo_model/backend/cheese3d_demo_model-houlab-2025-05-28/labeled-data/20231102_B6-B15-B20-B21-B26-B31-B32-B33_3D-structure_rig2_concat_TL/CollectedData_houlab.h5,12,28
Q0770,2,20231102_B6-B15-B20-B21-B26-B31-B32-B33_3D-structure_rig2_concat_TL,img104913.png,/data/disk2/home/tony/demo1/model/cheese3d_demo_model/backend/cheese3d_demo_model-houlab-2025-05-28/labeled-data/20231102_B6-B15-B20-B21-B26-B31-B32-B33_3D-structure_rig2_concat_TL/img104913.png,/data/disk2/home/tony/demo1/model/cheese3d_demo_model/backend/cheese3d_demo_model-houlab-2025-05-28/labeled-data/20231102_B6-B15-B20-B21-B26-B31-B32-B33_3D-structure_rig2_concat_TL/CollectedData_houlab.h5,14,28
Q0771,2,20231102_B6-B15-B20-B21-B26-B31-B32-B33_3D-structure_rig2_concat_TL,img125509.png,/data/disk2/home/tony/demo1/model/cheese3d_demo_model/backend/cheese3d_demo_model-houlab-2025-05-28/labeled-data/20231102_B6-B15-B20-B21-B26-B31-B32-B33_3D-structure_rig2_concat_TL/img125509.png,/data/disk2/home/tony/demo1/model/cheese3d_demo_model/backend/cheese3d_demo_model-houlab-2025-05-28/labeled-data/20231102_B6-B15-B20-B21-B26-B31-B32-B33_3D-structure_rig2_concat_TL/CollectedData_houlab.h5,14,28
Q0772,2,20231102_B6-B15-B20-B21-B26-B31-B32-B33_3D-structure_rig2_concat_TL,img159486.png,/data/disk2/home/tony/demo1/model/cheese3d_demo_model/backend/cheese3d_demo_model-houlab-2025-05-28/labeled-data/20231102_B6-B15-B20-B21-B26-B31-B32-B33_3D-structure_rig2_concat_TL/img159486.png,/data/disk2/home/tony/demo1/model/cheese3d_demo_model/backend/cheese3d_demo_model-houlab-2025-05-28/labeled-data/20231102_B6-B15-B20-B21-B26-B31-B32-B33_3D-structure_rig2_concat_TL/CollectedData_houlab.h5,14,28
Q0773,2,20231102_B6-B15-B20-B21-B26-B31-B32-B33_3D-structure_rig2_concat_TL,img168866.png,/data/disk2/home/tony/demo1/model/cheese3d_demo_model/backend/cheese3d_demo_model-houlab-2025-05-28/labeled-data/20231102_B6-B15-B20-B21-B26-B31-B32-B33_3D-structure_rig2_concat_TL/img168866.png,/data/disk2/home/tony/demo1/model/cheese3d_demo_model/backend/cheese3d_demo_model-houlab-2025-05-28/labeled-data/20231102_B6-B15-B20-B21-B26-B31-B32-B33_3D-structure_rig2_concat_TL/CollectedData_houlab.h5,13,28
Q0774,2,20231102_B6-B15-B20-B21-B26-B31-B32-B33_3D-structure_rig2_concat_TL,img173649.png,/data/disk2/home/tony/demo1/model/cheese3d_demo_model/backend/cheese3d_demo_model-houlab-2025-05-28/labeled-data/20231102_B6-B15-B20-B21-B26-B31-B32-B33_3D-structure_rig2_concat_TL/img173649.png,/data/disk2/home/tony/demo1/model/cheese3d_demo_model/backend/cheese3d_demo_model-houlab-2025-05-28/labeled-data/20231102_B6-B15-B20-B21-B26-B31-B32-B33_3D-structure_rig2_concat_TL/CollectedData_houlab.h5,14,28
Q0775,2,20231102_B6-B15-B20-B21-B26-B31-B32-B33_3D-structure_rig2_concat_TL,img189263.png,/data/disk2/home/tony/demo1/model/cheese3d_demo_model/backend/cheese3d_demo_model-houlab-2025-05-28/labeled-data/20231102_B6-B15-B20-B21-B26-B31-B32-B33_3D-structure_rig2_concat_TL/img189263.png,/data/disk2/home/tony/demo1/model/cheese3d_demo_model/backend/cheese3d_demo_model-houlab-2025-05-28/labeled-data/20231102_B6-B15-B20-B21-B26-B31-B32-B33_3D-structure_rig2_concat_TL/CollectedData_houlab.h5,14,28
Q0776,2,20231102_B6-B15-B20-B21-B26-B31-B32-B33_3D-structure_rig2_concat_TL,img218132.png,/data/disk2/home/tony/demo1/model/cheese3d_demo_model/backend/cheese3d_demo_model-houlab-2025-05-28/labeled-data/20231102_B6-B15-B20-B21-B26-B31-B32-B33_3D-structure_rig2_concat_TL/img218132.png,/data/disk2/home/tony/demo1/model/cheese3d_demo_model/backend/cheese3d_demo_model-houlab-2025-05-28/labeled-data/20231102_B6-B15-B20-B21-B26-B31-B32-B33_3D-structure_rig2_concat_TL/CollectedData_houlab.h5,14,28
Q0777,2,20231102_B6-B15-B20-B21-B26-B31-B32-B33_3D-structure_rig2_concat_TL,img228305.png,/data/disk2/home/tony/demo1/model/cheese3d_demo_model/backend/cheese3d_demo_model-houlab-2025-05-28/labeled-data/20231102_B6-B15-B20-B21-B26-B31-B32-B33_3D-structure_rig2_concat_TL/img228305.png,/data/disk2/home/tony/demo1/model/cheese3d_demo_model/backend/cheese3d_demo_model-houlab-2025-05-28/labeled-data/20231102_B6-B15-B20-B21-B26-B31-B32-B33_3D-structure_rig2_concat_TL/CollectedData_houlab.h5,14,28
Q0778,2,20231102_B6-B15-B20-B21-B26-B31-B32-B33_3D-structure_rig2_concat_TL,img231658.png,/data/disk2/home/tony/demo1/model/cheese3d_demo_model/backend/cheese3d_demo_model-houlab-2025-05-28/labeled-data/20231102_B6-B15-B20-B21-B26-B31-B32-B33_3D-structure_rig2_concat_TL/img231658.png,/data/disk2/home/tony/demo1/model/cheese3d_demo_model/backend/cheese3d_demo_model-houlab-2025-05-28/labeled-data/20231102_B6-B15-B20-B21-B26-B31-B32-B33_3D-structure_rig2_concat_TL/CollectedData_houlab.h5,14,28
Q0779,2,20231102_B6-B15-B20-B21-B26-B31-B32-B33_3D-structure_rig2_concat_TL,img253761.png,/data/disk2/home/tony/demo1/model/cheese3d_demo_model/backend/cheese3d_demo_model-houlab-2025-05-28/labeled-data/20231102_B6-B15-B20-B21-B26-B31-B32-B33_3D-structure_rig2_concat_TL/img253761.png,/data/disk2/home/tony/demo1/model/cheese3d_demo_model/backend/cheese3d_demo_model-houlab-2025-05-28/labeled-data/20231102_B6-B15-B20-B21-B26-B31-B32-B33_3D-structure_rig2_concat_TL/CollectedData_houlab.h5,14,28
Q0780,2,20231102_B6-B15-B20-B21-B26-B31-B32-B33_3D-structure_rig2_concat_TL,img267353.png,/data/disk2/home/tony/demo1/model/cheese3d_demo_model/backend/cheese3d_demo_model-houlab-2025-05-28/labeled-data/20231102_B6-B15-B20-B21-B26-B31-B32-B33_3D-structure_rig2_concat_TL/img267353.png,/data/disk2/home/tony/demo1/model/cheese3d_demo_model/backend/cheese3d_demo_model-houlab-2025-05-28/labeled-data/20231102_B6-B15-B20-B21-B26-B31-B32-B33_3D-structure_rig2_concat_TL/CollectedData_houlab.h5,14,28
Q0781,2,20231102_B6-B15-B20-B21-B26-B31-B32-B33_3D-structure_rig2_concat_TL,img273339.png,/data/disk2/home/tony/demo1/model/cheese3d_demo_model/backend/cheese3d_demo_model-houlab-2025-05-28/labeled-data/20231102_B6-B15-B20-B21-B26-B31-B32-B33_3D-structure_rig2_concat_TL/img273339.png,/data/disk2/home/tony/demo1/model/cheese3d_demo_model/backend/cheese3d_demo_model-houlab-2025-05-28/labeled-data/20231102_B6-B15-B20-B21-B26-B31-B32-B33_3D-structure_rig2_concat_TL/CollectedData_houlab.h5,14,28
Q0782,2,20231102_B6-B15-B20-B21-B26-B31-B32-B33_3D-structure_rig2_concat_TL,img287762.png,/data/disk2/home/tony/demo1/model/cheese3d_demo_model/backend/cheese3d_demo_model-houlab-2025-05-28/labeled-data/20231102_B6-B15-B20-B21-B26-B31-B32-B33_3D-structure_rig2_concat_TL/img287762.png,/data/disk2/home/tony/demo1/model/cheese3d_demo_model/backend/cheese3d_demo_model-houlab-2025-05-28/labeled-data/20231102_B6-B15-B20-B21-B26-B31-B32-B33_3D-structure_rig2_concat_TL/CollectedData_houlab.h5,14,28
Q0783,2,20231102_B6-B15-B20-B21-B26-B31-B32-B33_3D-structure_rig2_concat_TR,img009850.png,/data/disk2/home/tony/demo1/model/cheese3d_demo_model/backend/cheese3d_demo_model-houlab-2025-05-28/labeled-data/20231102_B6-B15-B20-B21-B26-B31-B32-B33_3D-structure_rig2_concat_TR/img009850.png,/data/disk2/home/tony/demo1/model/cheese3d_demo_model/backend/cheese3d_demo_model-houlab-2025-05-28/labeled-data/20231102_B6-B15-B20-B21-B26-B31-B32-B33_3D-structure_rig2_concat_TR/CollectedData_houlab.h5,13,28
Q0784,2,20231102_B6-B15-B20-B21-B26-B31-B32-B33_3D-structure_rig2_concat_TR,img034443.png,/data/disk2/home/tony/demo1/model/cheese3d_demo_model/backend/cheese3d_demo_model-houlab-2025-05-28/labeled-data/20231102_B6-B15-B20-B21-B26-B31-B32-B33_3D-structure_rig2_concat_TR/img034443.png,/data/disk2/home/tony/demo1/model/cheese3d_demo_model/backend/cheese3d_demo_model-houlab-2025-05-28/labeled-data/20231102_B6-B15-B20-B21-B26-B31-B32-B33_3D-structure_rig2_concat_TR/CollectedData_houlab.h5,13,28
Q0785,2,20231102_B6-B15-B20-B21-B26-B31-B32-B33_3D-structure_rig2_concat_TR,img056599.png,/data/disk2/home/tony/demo1/model/cheese3d_demo_model/backend/cheese3d_demo_model-houlab-2025-05-28/labeled-data/20231102_B6-B15-B20-B21-B26-B31-B32-B33_3D-structure_rig2_concat_TR/img056599.png,/data/disk2/home/tony/demo1/model/cheese3d_demo_model/backend/cheese3d_demo_model-houlab-2025-05-28/labeled-data/20231102_B6-B15-B20-B21-B26-B31-B32-B33_3D-structure_rig2_concat_TR/CollectedData_houlab.h5,13,28
Q0786,2,20231102_B6-B15-B20-B21-B26-B31-B32-B33_3D-structure_rig2_concat_TR,img060185.png,/data/disk2/home/tony/demo1/model/cheese3d_demo_model/backend/cheese3d_demo_model-houlab-2025-05-28/labeled-data/20231102_B6-B15-B20-B21-B26-B31-B32-B33_3D-structure_rig2_concat_TR/img060185.png,/data/disk2/home/tony/demo1/model/cheese3d_demo_model/backend/cheese3d_demo_model-houlab-2025-05-28/labeled-data/20231102_B6-B15-B20-B21-B26-B31-B32-B33_3D-structure_rig2_concat_TR/CollectedData_houlab.h5,12,28
Q0787,2,20231102_B6-B15-B20-B21-B26-B31-B32-B33_3D-structure_rig2_concat_TR,img069785.png,/data/disk2/home/tony/demo1/model/cheese3d_demo_model/backend/cheese3d_demo_model-houlab-2025-05-28/labeled-data/20231102_B6-B15-B20-B21-B26-B31-B32-B33_3D-structure_rig2_concat_TR/img069785.png,/data/disk2/home/tony/demo1/model/cheese3d_demo_model/backend/cheese3d_demo_model-houlab-2025-05-28/labeled-data/20231102_B6-B15-B20-B21-B26-B31-B32-B33_3D-structure_rig2_concat_TR/CollectedData_houlab.h5,13,28
Q0788,2,20231102_B6-B15-B20-B21-B26-B31-B32-B33_3D-structure_rig2_concat_TR,img075974.png,/data/disk2/home/tony/demo1/model/cheese3d_demo_model/backend/cheese3d_demo_model-houlab-2025-05-28/labeled-data/20231102_B6-B15-B20-B21-B26-B31-B32-B33_3D-structure_rig2_concat_TR/img075974.png,/data/disk2/home/tony/demo1/model/cheese3d_demo_model/backend/cheese3d_demo_model-houlab-2025-05-28/labeled-data/20231102_B6-B15-B20-B21-B26-B31-B32-B33_3D-structure_rig2_concat_TR/CollectedData_houlab.h5,13,28
Q0789,2,20231102_B6-B15-B20-B21-B26-B31-B32-B33_3D-structure_rig2_concat_TR,img086269.png,/data/disk2/home/tony/demo1/model/cheese3d_demo_model/backend/cheese3d_demo_model-houlab-2025-05-28/labeled-data/20231102_B6-B15-B20-B21-B26-B31-B32-B33_3D-structure_rig2_concat_TR/img086269.png,/data/disk2/home/tony/demo1/model/cheese3d_demo_model/backend/cheese3d_demo_model-houlab-2025-05-28/labeled-data/20231102_B6-B15-B20-B21-B26-B31-B32-B33_3D-structure_rig2_concat_TR/CollectedData_houlab.h5,13,28
Q0790,2,20231102_B6-B15-B20-B21-B26-B31-B32-B33_3D-structure_rig2_concat_TR,img092623.png,/data/disk2/home/tony/demo1/model/cheese3d_demo_model/backend/cheese3d_demo_model-houlab-2025-05-28/labeled-data/20231102_B6-B15-B20-B21-B26-B31-B32-B33_3D-structure_rig2_concat_TR/img092623.png,/data/disk2/home/tony/demo1/model/cheese3d_demo_model/backend/cheese3d_demo_model-houlab-2025-05-28/labeled-data/20231102_B6-B15-B20-B21-B26-B31-B32-B33_3D-structure_rig2_concat_TR/CollectedData_houlab.h5,13,28
Q0791,2,20231102_B6-B15-B20-B21-B26-B31-B32-B33_3D-structure_rig2_concat_TR,img121468.png,/data/disk2/home/tony/demo1/model/cheese3d_demo_model/backend/cheese3d_demo_model-houlab-2025-05-28/labeled-data/20231102_B6-B15-B20-B21-B26-B31-B32-B33_3D-structure_rig2_concat_TR/img121468.png,/data/disk2/home/tony/demo1/model/cheese3d_demo_model/backend/cheese3d_demo_model-houlab-2025-05-28/labeled-data/20231102_B6-B15-B20-B21-B26-B31-B32-B33_3D-structure_rig2_concat_TR/CollectedData_houlab.h5,13,28
Q0792,2,20231102_B6-B15-B20-B21-B26-B31-B32-B33_3D-structure_rig2_concat_TR,img128756.png,/data/disk2/home/tony/demo1/model/cheese3d_demo_model/backend/cheese3d_demo_model-houlab-2025-05-28/labeled-data/20231102_B6-B15-B20-B21-B26-B31-B32-B33_3D-structure_rig2_concat_TR/img128756.png,/data/disk2/home/tony/demo1/model/cheese3d_demo_model/backend/cheese3d_demo_model-houlab-2025-05-28/labeled-data/20231102_B6-B15-B20-B21-B26-B31-B32-B33_3D-structure_rig2_concat_TR/CollectedData_houlab.h5,13,28
Q0793,2,20231102_B6-B15-B20-B21-B26-B31-B32-B33_3D-structure_rig2_concat_TR,img140198.png,/data/disk2/home/tony/demo1/model/cheese3d_demo_model/backend/cheese3d_demo_model-houlab-2025-05-28/labeled-data/20231102_B6-B15-B20-B21-B26-B31-B32-B33_3D-structure_rig2_concat_TR/img140198.png,/data/disk2/home/tony/demo1/model/cheese3d_demo_model/backend/cheese3d_demo_model-houlab-2025-05-28/labeled-data/20231102_B6-B15-B20-B21-B26-B31-B32-B33_3D-structure_rig2_concat_TR/CollectedData_houlab.h5,13,28
Q0794,2,20231102_B6-B15-B20-B21-B26-B31-B32-B33_3D-structure_rig2_concat_TR,img158187.png,/data/disk2/home/tony/demo1/model/cheese3d_demo_model/backend/cheese3d_demo_model-houlab-2025-05-28/labeled-data/20231102_B6-B15-B20-B21-B26-B31-B32-B33_3D-structure_rig2_concat_TR/img158187.png,/data/disk2/home/tony/demo1/model/cheese3d_demo_model/backend/cheese3d_demo_model-houlab-2025-05-28/labeled-data/20231102_B6-B15-B20-B21-B26-B31-B32-B33_3D-structure_rig2_concat_TR/CollectedData_houlab.h5,13,28
Q0795,2,20231102_B6-B15-B20-B21-B26-B31-B32-B33_3D-structure_rig2_concat_TR,img166641.png,/data/disk2/home/tony/demo1/model/cheese3d_demo_model/backend/cheese3d_demo_model-houlab-2025-05-28/labeled-data/20231102_B6-B15-B20-B21-B26-B31-B32-B33_3D-structure_rig2_concat_TR/img166641.png,/data/disk2/home/tony/demo1/model/cheese3d_demo_model/backend/cheese3d_demo_model-houlab-2025-05-28/labeled-data/20231102_B6-B15-B20-B21-B26-B31-B32-B33_3D-structure_rig2_concat_TR/CollectedData_houlab.h5,13,28
Q0796,2,20231102_B6-B15-B20-B21-B26-B31-B32-B33_3D-structure_rig2_concat_TR,img174672.png,/data/disk2/home/tony/demo1/model/cheese3d_demo_model/backend/cheese3d_demo_model-houlab-2025-05-28/labeled-data/20231102_B6-B15-B20-B21-B26-B31-B32-B33_3D-structure_rig2_concat_TR/img174672.png,/data/disk2/home/tony/demo1/model/cheese3d_demo_model/backend/cheese3d_demo_model-houlab-2025-05-28/labeled-data/20231102_B6-B15-B20-B21-B26-B31-B32-B33_3D-structure_rig2_concat_TR/CollectedData_houlab.h5,13,28
Q0797,2,20231102_B6-B15-B20-B21-B26-B31-B32-B33_3D-structure_rig2_concat_TR,img183471.png,/data/disk2/home/tony/demo1/model/cheese3d_demo_model/backend/cheese3d_demo_model-houlab-2025-05-28/labeled-data/20231102_B6-B15-B20-B21-B26-B31-B32-B33_3D-structure_rig2_concat_TR/img183471.png,/data/disk2/home/tony/demo1/model/cheese3d_demo_model/backend/cheese3d_demo_model-houlab-2025-05-28/labeled-data/20231102_B6-B15-B20-B21-B26-B31-B32-B33_3D-structure_rig2_concat_TR/CollectedData_houlab.h5,13,28
Q0798,2,20231102_B6-B15-B20-B21-B26-B31-B32-B33_3D-structure_rig2_concat_TR,img247803.png,/data/disk2/home/tony/demo1/model/cheese3d_demo_model/backend/cheese3d_demo_model-houlab-2025-05-28/labeled-data/20231102_B6-B15-B20-B21-B26-B31-B32-B33_3D-structure_rig2_concat_TR/img247803.png,/data/disk2/home/tony/demo1/model/cheese3d_demo_model/backend/cheese3d_demo_model-houlab-2025-05-28/labeled-data/20231102_B6-B15-B20-B21-B26-B31-B32-B33_3D-structure_rig2_concat_TR/CollectedData_houlab.h5,13,28
Q0799,2,20231102_B6-B15-B20-B21-B26-B31-B32-B33_3D-structure_rig2_concat_TR,img259154.png,/data/disk2/home/tony/demo1/model/cheese3d_demo_model/backend/cheese3d_demo_model-houlab-2025-05-28/labeled-data/20231102_B6-B15-B20-B21-B26-B31-B32-B33_3D-structure_rig2_concat_TR/img259154.png,/data/disk2/home/tony/demo1/model/cheese3d_demo_model/backend/cheese3d_demo_model-houlab-2025-05-28/labeled-data/20231102_B6-B15-B20-B21-B26-B31-B32-B33_3D-structure_rig2_concat_TR/CollectedData_houlab.h5,13,28
Q0800,2,20231102_B6-B15-B20-B21-B26-B31-B32-B33_3D-structure_rig2_concat_TR,img271988.png,/data/disk2/home/tony/demo1/model/cheese3d_demo_model/backend/cheese3d_demo_model-houlab-2025-05-28/labeled-data/20231102_B6-B15-B20-B21-B26-B31-B32-B33_3D-structure_rig2_concat_TR/img271988.png,/data/disk2/home/tony/demo1/model/cheese3d_demo_model/backend/cheese3d_demo_model-houlab-2025-05-28/labeled-data/20231102_B6-B15-B20-B21-B26-B31-B32-B33_3D-structure_rig2_concat_TR/CollectedData_houlab.h5,13,28
Q0801,2,20231102_B6-B15-B20-B21-B26-B31-B32-B33_3D-structure_rig2_concat_TR,img284146.png,/data/disk2/home/tony/demo1/model/cheese3d_demo_model/backend/cheese3d_demo_model-houlab-2025-05-28/labeled-data/20231102_B6-B15-B20-B21-B26-B31-B32-B33_3D-structure_rig2_concat_TR/img284146.png,/data/disk2/home/tony/demo1/model/cheese3d_demo_model/backend/cheese3d_demo_model-houlab-2025-05-28/labeled-data/20231102_B6-B15-B20-B21-B26-B31-B32-B33_3D-structure_rig2_concat_TR/CollectedData_houlab.h5,12,28
Q0802,2,20231102_B6-B15-B20-B21-B26-B31-B32-B33_3D-structure_rig2_concat_TR,img291879.png,/data/disk2/home/tony/demo1/model/cheese3d_demo_model/backend/cheese3d_demo_model-houlab-2025-05-28/labeled-data/20231102_B6-B15-B20-B21-B26-B31-B32-B33_3D-structure_rig2_concat_TR/img291879.png,/data/disk2/home/tony/demo1/model/cheese3d_demo_model/backend/cheese3d_demo_model-houlab-2025-05-28/labeled-data/20231102_B6-B15-B20-B21-B26-B31-B32-B33_3D-structure_rig2_concat_TR/CollectedData_houlab.h5,12,28
Q0803,2,20231102_B6-B15-B20-B21-B26-B31-B32-B33_3D-structure_rig3_concat_L,img004839.png,/data/disk2/home/tony/demo1/model/cheese3d_demo_model/backend/cheese3d_demo_model-houlab-2025-05-28/labeled-data/20231102_B6-B15-B20-B21-B26-B31-B32-B33_3D-structure_rig3_concat_L/img004839.png,/data/disk2/home/tony/demo1/model/cheese3d_demo_model/backend/cheese3d_demo_model-houlab-2025-05-28/labeled-data/20231102_B6-B15-B20-B21-B26-B31-B32-B33_3D-structure_rig3_concat_L/CollectedData_houlab.h5,17,28
Q0804,2,20231102_B6-B15-B20-B21-B26-B31-B32-B33_3D-structure_rig3_concat_L,img013217.png,/data/disk2/home/tony/demo1/model/cheese3d_demo_model/backend/cheese3d_demo_model-houlab-2025-05-28/labeled-data/20231102_B6-B15-B20-B21-B26-B31-B32-B33_3D-structure_rig3_concat_L/img013217.png,/data/disk2/home/tony/demo1/model/cheese3d_demo_model/backend/cheese3d_demo_model-houlab-2025-05-28/labeled-data/20231102_B6-B15-B20-B21-B26-B31-B32-B33_3D-structure_rig3_concat_L/CollectedData_houlab.h5,16,28
Q0805,2,20231102_B6-B15-B20-B21-B26-B31-B32-B33_3D-structure_rig3_concat_L,img023106.png,/data/disk2/home/tony/demo1/model/cheese3d_demo_model/backend/cheese3d_demo_model-houlab-2025-05-28/labeled-data/20231102_B6-B15-B20-B21-B26-B31-B32-B33_3D-structure_rig3_concat_L/img023106.png,/data/disk2/home/tony/demo1/model/cheese3d_demo_model/backend/cheese3d_demo_model-houlab-2025-05-28/labeled-data/20231102_B6-B15-B20-B21-B26-B31-B32-B33_3D-structure_rig3_concat_L/CollectedData_houlab.h5,14,28
Q0806,2,20231102_B6-B15-B20-B21-B26-B31-B32-B33_3D-structure_rig3_concat_L,img049663.png,/data/disk2/home/tony/demo1/model/cheese3d_demo_model/backend/cheese3d_demo_model-houlab-2025-05-28/labeled-data/20231102_B6-B15-B20-B21-B26-B31-B32-B33_3D-structure_rig3_concat_L/img049663.png,/data/disk2/home/tony/demo1/model/cheese3d_demo_model/backend/cheese3d_demo_model-houlab-2025-05-28/labeled-data/20231102_B6-B15-B20-B21-B26-B31-B32-B33_3D-structure_rig3_concat_L/CollectedData_houlab.h5,17,28
Q0807,2,20231102_B6-B15-B20-B21-B26-B31-B32-B33_3D-structure_rig3_concat_L,img081923.png,/data/disk2/home/tony/demo1/model/cheese3d_demo_model/backend/cheese3d_demo_model-houlab-2025-05-28/labeled-data/20231102_B6-B15-B20-B21-B26-B31-B32-B33_3D-structure_rig3_concat_L/img081923.png,/data/disk2/home/tony/demo1/model/cheese3d_demo_model/backend/cheese3d_demo_model-houlab-2025-05-28/labeled-data/20231102_B6-B15-B20-B21-B26-B31-B32-B33_3D-structure_rig3_concat_L/CollectedData_houlab.h5,17,28
Q0808,2,20231102_B6-B15-B20-B21-B26-B31-B32-B33_3D-structure_rig3_concat_L,img083517.png,/data/disk2/home/tony/demo1/model/cheese3d_demo_model/backend/cheese3d_demo_model-houlab-2025-05-28/labeled-data/20231102_B6-B15-B20-B21-B26-B31-B32-B33_3D-structure_rig3_concat_L/img083517.png,/data/disk2/home/tony/demo1/model/cheese3d_demo_model/backend/cheese3d_demo_model-houlab-2025-05-28/labeled-data/20231102_B6-B15-B20-B21-B26-B31-B32-B33_3D-structure_rig3_concat_L/CollectedData_houlab.h5,17,28
Q0809,2,20231102_B6-B15-B20-B21-B26-B31-B32-B33_3D-structure_rig3_concat_L,img109245.png,/data/disk2/home/tony/demo1/model/cheese3d_demo_model/backend/cheese3d_demo_model-houlab-2025-05-28/labeled-data/20231102_B6-B15-B20-B21-B26-B31-B32-B33_3D-structure_rig3_concat_L/img109245.png,/data/disk2/home/tony/demo1/model/cheese3d_demo_model/backend/cheese3d_demo_model-houlab-2025-05-28/labeled-data/20231102_B6-B15-B20-B21-B26-B31-B32-B33_3D-structure_rig3_concat_L/CollectedData_houlab.h5,17,28
Q0810,2,20231102_B6-B15-B20-B21-B26-B31-B32-B33_3D-structure_rig3_concat_L,img123311.png,/data/disk2/home/tony/demo1/model/cheese3d_demo_model/backend/cheese3d_demo_model-houlab-2025-05-28/labeled-data/20231102_B6-B15-B20-B21-B26-B31-B32-B33_3D-structure_rig3_concat_L/img123311.png,/data/disk2/home/tony/demo1/model/cheese3d_demo_model/backend/cheese3d_demo_model-houlab-2025-05-28/labeled-data/20231102_B6-B15-B20-B21-B26-B31-B32-B33_3D-structure_rig3_concat_L/CollectedData_houlab.h5,17,28
Q0811,2,20231102_B6-B15-B20-B21-B26-B31-B32-B33_3D-structure_rig3_concat_L,img130071.png,/data/disk2/home/tony/demo1/model/cheese3d_demo_model/backend/cheese3d_demo_model-houlab-2025-05-28/labeled-data/20231102_B6-B15-B20-B21-B26-B31-B32-B33_3D-structure_rig3_concat_L/img130071.png,/data/disk2/home/tony/demo1/model/cheese3d_demo_model/backend/cheese3d_demo_model-houlab-2025-05-28/labeled-data/20231102_B6-B15-B20-B21-B26-B31-B32-B33_3D-structure_rig3_concat_L/CollectedData_houlab.h5,17,28
Q0812,2,20231102_B6-B15-B20-B21-B26-B31-B32-B33_3D-structure_rig3_concat_L,img159723.png,/data/disk2/home/tony/demo1/model/cheese3d_demo_model/backend/cheese3d_demo_model-houlab-2025-05-28/labeled-data/20231102_B6-B15-B20-B21-B26-B31-B32-B33_3D-structure_rig3_concat_L/img159723.png,/data/disk2/home/tony/demo1/model/cheese3d_demo_model/backend/cheese3d_demo_model-houlab-2025-05-28/labeled-data/20231102_B6-B15-B20-B21-B26-B31-B32-B33_3D-structure_rig3_concat_L/CollectedData_houlab.h5,16,28
Q0813,2,20231102_B6-B15-B20-B21-B26-B31-B32-B33_3D-structure_rig3_concat_L,img167338.png,/data/disk2/home/tony/demo1/model/cheese3d_demo_model/backend/cheese3d_demo_model-houlab-2025-05-28/labeled-data/20231102_B6-B15-B20-B21-B26-B31-B32-B33_3D-structure_rig3_concat_L/img167338.png,/data/disk2/home/tony/demo1/model/cheese3d_demo_model/backend/cheese3d_demo_model-houlab-2025-05-28/labeled-data/20231102_B6-B15-B20-B21-B26-B31-B32-B33_3D-structure_rig3_concat_L/CollectedData_houlab.h5,17,28
Q0814,2,20231102_B6-B15-B20-B21-B26-B31-B32-B33_3D-structure_rig3_concat_L,img187414.png,/data/disk2/home/tony/demo1/model/cheese3d_demo_model/backend/cheese3d_demo_model-houlab-2025-05-28/labeled-data/20231102_B6-B15-B20-B21-B26-B31-B32-B33_3D-structure_rig3_concat_L/img187414.png,/data/disk2/home/tony/demo1/model/cheese3d_demo_model/backend/cheese3d_demo_model-houlab-2025-05-28/labeled-data/20231102_B6-B15-B20-B21-B26-B31-B32-B33_3D-structure_rig3_concat_L/CollectedData_houlab.h5,17,28
Q0815,2,20231102_B6-B15-B20-B21-B26-B31-B32-B33_3D-structure_rig3_concat_L,img194492.png,/data/disk2/home/tony/demo1/model/cheese3d_demo_model/backend/cheese3d_demo_model-houlab-2025-05-28/labeled-data/20231102_B6-B15-B20-B21-B26-B31-B32-B33_3D-structure_rig3_concat_L/img194492.png,/data/disk2/home/tony/demo1/model/cheese3d_demo_model/backend/cheese3d_demo_model-houlab-2025-05-28/labeled-data/20231102_B6-B15-B20-B21-B26-B31-B32-B33_3D-structure_rig3_concat_L/CollectedData_houlab.h5,17,28
Q0816,2,20231102_B6-B15-B20-B21-B26-B31-B32-B33_3D-structure_rig3_concat_L,img213971.png,/data/disk2/home/tony/demo1/model/cheese3d_demo_model/backend/cheese3d_demo_model-houlab-2025-05-28/labeled-data/20231102_B6-B15-B20-B21-B26-B31-B32-B33_3D-structure_rig3_concat_L/img213971.png,/data/disk2/home/tony/demo1/model/cheese3d_demo_model/backend/cheese3d_demo_model-houlab-2025-05-28/labeled-data/20231102_B6-B15-B20-B21-B26-B31-B32-B33_3D-structure_rig3_concat_L/CollectedData_houlab.h5,17,28
Q0817,2,20231102_B6-B15-B20-B21-B26-B31-B32-B33_3D-structure_rig3_concat_L,img241146.png,/data/disk2/home/tony/demo1/model/cheese3d_demo_model/backend/cheese3d_demo_model-houlab-2025-05-28/labeled-data/20231102_B6-B15-B20-B21-B26-B31-B32-B33_3D-structure_rig3_concat_L/img241146.png,/data/disk2/home/tony/demo1/model/cheese3d_demo_model/backend/cheese3d_demo_model-houlab-2025-05-28/labeled-data/20231102_B6-B15-B20-B21-B26-B31-B32-B33_3D-structure_rig3_concat_L/CollectedData_houlab.h5,17,28
Q0818,2,20231102_B6-B15-B20-B21-B26-B31-B32-B33_3D-structure_rig3_concat_L,img269657.png,/data/disk2/home/tony/demo1/model/cheese3d_demo_model/backend/cheese3d_demo_model-houlab-2025-05-28/labeled-data/20231102_B6-B15-B20-B21-B26-B31-B32-B33_3D-structure_rig3_concat_L/img269657.png,/data/disk2/home/tony/demo1/model/cheese3d_demo_model/backend/cheese3d_demo_model-houlab-2025-05-28/labeled-data/20231102_B6-B15-B20-B21-B26-B31-B32-B33_3D-structure_rig3_concat_L/CollectedData_houlab.h5,17,28
Q0819,2,20231102_B6-B15-B20-B21-B26-B31-B32-B33_3D-structure_rig3_concat_L,img297383.png,/data/disk2/home/tony/demo1/model/cheese3d_demo_model/backend/cheese3d_demo_model-houlab-2025-05-28/labeled-data/20231102_B6-B15-B20-B21-B26-B31-B32-B33_3D-structure_rig3_concat_L/img297383.png,/data/disk2/home/tony/demo1/model/cheese3d_demo_model/backend/cheese3d_demo_model-houlab-2025-05-28/labeled-data/20231102_B6-B15-B20-B21-B26-B31-B32-B33_3D-structure_rig3_concat_L/CollectedData_houlab.h5,17,28
Q0820,2,20231102_B6-B15-B20-B21-B26-B31-B32-B33_3D-structure_rig3_concat_L,img305399.png,/data/disk2/home/tony/demo1/model/cheese3d_demo_model/backend/cheese3d_demo_model-houlab-2025-05-28/labeled-data/20231102_B6-B15-B20-B21-B26-B31-B32-B33_3D-structure_rig3_concat_L/img305399.png,/data/disk2/home/tony/demo1/model/cheese3d_demo_model/backend/cheese3d_demo_model-houlab-2025-05-28/labeled-data/20231102_B6-B15-B20-B21-B26-B31-B32-B33_3D-structure_rig3_concat_L/CollectedData_houlab.h5,16,28
Q0821,2,20231102_B6-B15-B20-B21-B26-B31-B32-B33_3D-structure_rig3_concat_L,img312626.png,/data/disk2/home/tony/demo1/model/cheese3d_demo_model/backend/cheese3d_demo_model-houlab-2025-05-28/labeled-data/20231102_B6-B15-B20-B21-B26-B31-B32-B33_3D-structure_rig3_concat_L/img312626.png,/data/disk2/home/tony/demo1/model/cheese3d_demo_model/backend/cheese3d_demo_model-houlab-2025-05-28/labeled-data/20231102_B6-B15-B20-B21-B26-B31-B32-B33_3D-structure_rig3_concat_L/CollectedData_houlab.h5,17,28
Q0822,2,20231102_B6-B15-B20-B21-B26-B31-B32-B33_3D-structure_rig3_concat_L,img317462.png,/data/disk2/home/tony/demo1/model/cheese3d_demo_model/backend/cheese3d_demo_model-houlab-2025-05-28/labeled-data/20231102_B6-B15-B20-B21-B26-B31-B32-B33_3D-structure_rig3_concat_L/img317462.png,/data/disk2/home/tony/demo1/model/cheese3d_demo_model/backend/cheese3d_demo_model-houlab-2025-05-28/labeled-data/20231102_B6-B15-B20-B21-B26-B31-B32-B33_3D-structure_rig3_concat_L/CollectedData_houlab.h5,17,28
Q0823,2,20231102_B6-B15-B20-B21-B26-B31-B32-B33_3D-structure_rig3_concat_R,img009384.png,/data/disk2/home/tony/demo1/model/cheese3d_demo_model/backend/cheese3d_demo_model-houlab-2025-05-28/labeled-data/20231102_B6-B15-B20-B21-B26-B31-B32-B33_3D-structure_rig3_concat_R/img009384.png,/data/disk2/home/tony/demo1/model/cheese3d_demo_model/backend/cheese3d_demo_model-houlab-2025-05-28/labeled-data/20231102_B6-B15-B20-B21-B26-B31-B32-B33_3D-structure_rig3_concat_R/CollectedData_houlab.h5,17,28
Q0824,2,20231102_B6-B15-B20-B21-B26-B31-B32-B33_3D-structure_rig3_concat_R,img011194.png,/data/disk2/home/tony/demo1/model/cheese3d_demo_model/backend/cheese3d_demo_model-houlab-2025-05-28/labeled-data/20231102_B6-B15-B20-B21-B26-B31-B32-B33_3D-structure_rig3_concat_R/img011194.png,/data/disk2/home/tony/demo1/model/cheese3d_demo_model/backend/cheese3d_demo_model-houlab-2025-05-28/labeled-data/20231102_B6-B15-B20-B21-B26-B31-B32-B33_3D-structure_rig3_concat_R/CollectedData_houlab.h5,17,28
Q0825,2,20231102_B6-B15-B20-B21-B26-B31-B32-B33_3D-structure_rig3_concat_R,img020932.png,/data/disk2/home/tony/demo1/model/cheese3d_demo_model/backend/cheese3d_demo_model-houlab-2025-05-28/labeled-data/20231102_B6-B15-B20-B21-B26-B31-B32-B33_3D-structure_rig3_concat_R/img020932.png,/data/disk2/home/tony/demo1/model/cheese3d_demo_model/backend/cheese3d_demo_model-houlab-2025-05-28/labeled-data/20231102_B6-B15-B20-B21-B26-B31-B32-B33_3D-structure_rig3_concat_R/CollectedData_houlab.h5,17,28
Q0826,2,20231102_B6-B15-B20-B21-B26-B31-B32-B33_3D-structure_rig3_concat_R,img036235.png,/data/disk2/home/tony/demo1/model/cheese3d_demo_model/backend/cheese3d_demo_model-houlab-2025-05-28/labeled-data/20231102_B6-B15-B20-B21-B26-B31-B32-B33_3D-structure_rig3_concat_R/img036235.png,/data/disk2/home/tony/demo1/model/cheese3d_demo_model/backend/cheese3d_demo_model-houlab-2025-05-28/labeled-data/20231102_B6-B15-B20-B21-B26-B31-B32-B33_3D-structure_rig3_concat_R/CollectedData_houlab.h5,17,28
Q0827,2,20231102_B6-B15-B20-B21-B26-B31-B32-B33_3D-structure_rig3_concat_R,img038523.png,/data/disk2/home/tony/demo1/model/cheese3d_demo_model/backend/cheese3d_demo_model-houlab-2025-05-28/labeled-data/20231102_B6-B15-B20-B21-B26-B31-B32-B33_3D-structure_rig3_concat_R/img038523.png,/data/disk2/home/tony/demo1/model/cheese3d_demo_model/backend/cheese3d_demo_model-houlab-2025-05-28/labeled-data/20231102_B6-B15-B20-B21-B26-B31-B32-B33_3D-structure_rig3_concat_R/CollectedData_houlab.h5,17,28
Q0828,2,20231102_B6-B15-B20-B21-B26-B31-B32-B33_3D-structure_rig3_concat_R,img055851.png,/data/disk2/home/tony/demo1/model/cheese3d_demo_model/backend/cheese3d_demo_model-houlab-2025-05-28/labeled-data/20231102_B6-B15-B20-B21-B26-B31-B32-B33_3D-structure_rig3_concat_R/img055851.png,/data/disk2/home/tony/demo1/model/cheese3d_demo_model/backend/cheese3d_demo_model-houlab-2025-05-28/labeled-data/20231102_B6-B15-B20-B21-B26-B31-B32-B33_3D-structure_rig3_concat_R/CollectedData_houlab.h5,17,28
Q0829,2,20231102_B6-B15-B20-B21-B26-B31-B32-B33_3D-structure_rig3_concat_R,img069777.png,/data/disk2/home/tony/demo1/model/cheese3d_demo_model/backend/cheese3d_demo_model-houlab-2025-05-28/labeled-data/20231102_B6-B15-B20-B21-B26-B31-B32-B33_3D-structure_rig3_concat_R/img069777.png,/data/disk2/home/tony/demo1/model/cheese3d_demo_model/backend/cheese3d_demo_model-houlab-2025-05-28/labeled-data/20231102_B6-B15-B20-B21-B26-B31-B32-B33_3D-structure_rig3_concat_R/CollectedData_houlab.h5,17,28
Q0830,2,20231102_B6-B15-B20-B21-B26-B31-B32-B33_3D-structure_rig3_concat_R,img099716.png,/data/disk2/home/tony/demo1/model/cheese3d_demo_model/backend/cheese3d_demo_model-houlab-2025-05-28/labeled-data/20231102_B6-B15-B20-B21-B26-B31-B32-B33_3D-structure_rig3_concat_R/img099716.png,/data/disk2/home/tony/demo1/model/cheese3d_demo_model/backend/cheese3d_demo_model-houlab-2025-05-28/labeled-data/20231102_B6-B15-B20-B21-B26-B31-B32-B33_3D-structure_rig3_concat_R/CollectedData_houlab.h5,17,28
Q0831,2,20231102_B6-B15-B20-B21-B26-B31-B32-B33_3D-structure_rig3_concat_R,img107888.png,/data/disk2/home/tony/demo1/model/cheese3d_demo_model/backend/cheese3d_demo_model-houlab-2025-05-28/labeled-data/20231102_B6-B15-B20-B21-B26-B31-B32-B33_3D-structure_rig3_concat_R/img107888.png,/data/disk2/home/tony/demo1/model/cheese3d_demo_model/backend/cheese3d_demo_model-houlab-2025-05-28/labeled-data/20231102_B6-B15-B20-B21-B26-B31-B32-B33_3D-structure_rig3_concat_R/CollectedData_houlab.h5,17,28
Q0832,2,20231102_B6-B15-B20-B21-B26-B31-B32-B33_3D-structure_rig3_concat_R,img128081.png,/data/disk2/home/tony/demo1/model/cheese3d_demo_model/backend/cheese3d_demo_model-houlab-2025-05-28/labeled-data/20231102_B6-B15-B20-B21-B26-B31-B32-B33_3D-structure_rig3_concat_R/img128081.png,/data/disk2/home/tony/demo1/model/cheese3d_demo_model/backend/cheese3d_demo_model-houlab-2025-05-28/labeled-data/20231102_B6-B15-B20-B21-B26-B31-B32-B33_3D-structure_rig3_concat_R/CollectedData_houlab.h5,17,28
Q0833,2,20231102_B6-B15-B20-B21-B26-B31-B32-B33_3D-structure_rig3_concat_R,img150276.png,/data/disk2/home/tony/demo1/model/cheese3d_demo_model/backend/cheese3d_demo_model-houlab-2025-05-28/labeled-data/20231102_B6-B15-B20-B21-B26-B31-B32-B33_3D-structure_rig3_concat_R/img150276.png,/data/disk2/home/tony/demo1/model/cheese3d_demo_model/backend/cheese3d_demo_model-houlab-2025-05-28/labeled-data/20231102_B6-B15-B20-B21-B26-B31-B32-B33_3D-structure_rig3_concat_R/CollectedData_houlab.h5,17,28
Q0834,2,20231102_B6-B15-B20-B21-B26-B31-B32-B33_3D-structure_rig3_concat_R,img154602.png,/data/disk2/home/tony/demo1/model/cheese3d_demo_model/backend/cheese3d_demo_model-houlab-2025-05-28/labeled-data/20231102_B6-B15-B20-B21-B26-B31-B32-B33_3D-structure_rig3_concat_R/img154602.png,/data/disk2/home/tony/demo1/model/cheese3d_demo_model/backend/cheese3d_demo_model-houlab-2025-05-28/labeled-data/20231102_B6-B15-B20-B21-B26-B31-B32-B33_3D-structure_rig3_concat_R/CollectedData_houlab.h5,17,28
Q0835,2,20231102_B6-B15-B20-B21-B26-B31-B32-B33_3D-structure_rig3_concat_R,img173299.png,/data/disk2/home/tony/demo1/model/cheese3d_demo_model/backend/cheese3d_demo_model-houlab-2025-05-28/labeled-data/20231102_B6-B15-B20-B21-B26-B31-B32-B33_3D-structure_rig3_concat_R/img173299.png,/data/disk2/home/tony/demo1/model/cheese3d_demo_model/backend/cheese3d_demo_model-houlab-2025-05-28/labeled-data/20231102_B6-B15-B20-B21-B26-B31-B32-B33_3D-structure_rig3_concat_R/CollectedData_houlab.h5,17,28
Q0836,2,20231102_B6-B15-B20-B21-B26-B31-B32-B33_3D-structure_rig3_concat_R,img190402.png,/data/disk2/home/tony/demo1/model/cheese3d_demo_model/backend/cheese3d_demo_model-houlab-2025-05-28/labeled-data/20231102_B6-B15-B20-B21-B26-B31-B32-B33_3D-structure_rig3_concat_R/img190402.png,/data/disk2/home/tony/demo1/model/cheese3d_demo_model/backend/cheese3d_demo_model-houlab-2025-05-28/labeled-data/20231102_B6-B15-B20-B21-B26-B31-B32-B33_3D-structure_rig3_concat_R/CollectedData_houlab.h5,17,28
Q0837,2,20231102_B6-B15-B20-B21-B26-B31-B32-B33_3D-structure_rig3_concat_R,img200082.png,/data/disk2/home/tony/demo1/model/cheese3d_demo_model/backend/cheese3d_demo_model-houlab-2025-05-28/labeled-data/20231102_B6-B15-B20-B21-B26-B31-B32-B33_3D-structure_rig3_concat_R/img200082.png,/data/disk2/home/tony/demo1/model/cheese3d_demo_model/backend/cheese3d_demo_model-houlab-2025-05-28/labeled-data/20231102_B6-B15-B20-B21-B26-B31-B32-B33_3D-structure_rig3_concat_R/CollectedData_houlab.h5,17,28
Q0838,2,20231102_B6-B15-B20-B21-B26-B31-B32-B33_3D-structure_rig3_concat_R,img219758.png,/data/disk2/home/tony/demo1/model/cheese3d_demo_model/backend/cheese3d_demo_model-houlab-2025-05-28/labeled-data/20231102_B6-B15-B20-B21-B26-B31-B32-B33_3D-structure_rig3_concat_R/img219758.png,/data/disk2/home/tony/demo1/model/cheese3d_demo_model/backend/cheese3d_demo_model-houlab-2025-05-28/labeled-data/20231102_B6-B15-B20-B21-B26-B31-B32-B33_3D-structure_rig3_concat_R/CollectedData_houlab.h5,17,28
Q0839,2,20231102_B6-B15-B20-B21-B26-B31-B32-B33_3D-structure_rig3_concat_R,img232621.png,/data/disk2/home/tony/demo1/model/cheese3d_demo_model/backend/cheese3d_demo_model-houlab-2025-05-28/labeled-data/20231102_B6-B15-B20-B21-B26-B31-B32-B33_3D-structure_rig3_concat_R/img232621.png,/data/disk2/home/tony/demo1/model/cheese3d_demo_model/backend/cheese3d_demo_model-houlab-2025-05-28/labeled-data/20231102_B6-B15-B20-B21-B26-B31-B32-B33_3D-structure_rig3_concat_R/CollectedData_houlab.h5,17,28
Q0840,2,20231102_B6-B15-B20-B21-B26-B31-B32-B33_3D-structure_rig3_concat_R,img267650.png,/data/disk2/home/tony/demo1/model/cheese3d_demo_model/backend/cheese3d_demo_model-houlab-2025-05-28/labeled-data/20231102_B6-B15-B20-B21-B26-B31-B32-B33_3D-structure_rig3_concat_R/img267650.png,/data/disk2/home/tony/demo1/model/cheese3d_demo_model/backend/cheese3d_demo_model-houlab-2025-05-28/labeled-data/20231102_B6-B15-B20-B21-B26-B31-B32-B33_3D-structure_rig3_concat_R/CollectedData_houlab.h5,17,28
Q0841,2,20231102_B6-B15-B20-B21-B26-B31-B32-B33_3D-structure_rig3_concat_R,img280621.png,/data/disk2/home/tony/demo1/model/cheese3d_demo_model/backend/cheese3d_demo_model-houlab-2025-05-28/labeled-data/20231102_B6-B15-B20-B21-B26-B31-B32-B33_3D-structure_rig3_concat_R/img280621.png,/data/disk2/home/tony/demo1/model/cheese3d_demo_model/backend/cheese3d_demo_model-houlab-2025-05-28/labeled-data/20231102_B6-B15-B20-B21-B26-B31-B32-B33_3D-structure_rig3_concat_R/CollectedData_houlab.h5,16,28
Q0842,2,20231102_B6-B15-B20-B21-B26-B31-B32-B33_3D-structure_rig3_concat_R,img307279.png,/data/disk2/home/tony/demo1/model/cheese3d_demo_model/backend/cheese3d_demo_model-houlab-2025-05-28/labeled-data/20231102_B6-B15-B20-B21-B26-B31-B32-B33_3D-structure_rig3_concat_R/img307279.png,/data/disk2/home/tony/demo1/model/cheese3d_demo_model/backend/cheese3d_demo_model-houlab-2025-05-28/labeled-data/20231102_B6-B15-B20-B21-B26-B31-B32-B33_3D-structure_rig3_concat_R/CollectedData_houlab.h5,17,28
Q0843,2,20231102_B6-B15-B20-B21-B26-B31-B32-B33_3D-structure_rig3_concat_TL,img002088.png,/data/disk2/home/tony/demo1/model/cheese3d_demo_model/backend/cheese3d_demo_model-houlab-2025-05-28/labeled-data/20231102_B6-B15-B20-B21-B26-B31-B32-B33_3D-structure_rig3_concat_TL/img002088.png,/data/disk2/home/tony/demo1/model/cheese3d_demo_model/backend/cheese3d_demo_model-houlab-2025-05-28/labeled-data/20231102_B6-B15-B20-B21-B26-B31-B32-B33_3D-structure_rig3_concat_TL/CollectedData_houlab.h5,13,28
Q0844,2,20231102_B6-B15-B20-B21-B26-B31-B32-B33_3D-structure_rig3_concat_TL,img019025.png,/data/disk2/home/tony/demo1/model/cheese3d_demo_model/backend/cheese3d_demo_model-houlab-2025-05-28/labeled-data/20231102_B6-B15-B20-B21-B26-B31-B32-B33_3D-structure_rig3_concat_TL/img019025.png,/data/disk2/home/tony/demo1/model/cheese3d_demo_model/backend/cheese3d_demo_model-houlab-2025-05-28/labeled-data/20231102_B6-B15-B20-B21-B26-B31-B32-B33_3D-structure_rig3_concat_TL/CollectedData_houlab.h5,12,28
Q0845,2,20231102_B6-B15-B20-B21-B26-B31-B32-B33_3D-structure_rig3_concat_TL,img028212.png,/data/disk2/home/tony/demo1/model/cheese3d_demo_model/backend/cheese3d_demo_model-houlab-2025-05-28/labeled-data/20231102_B6-B15-B20-B21-B26-B31-B32-B33_3D-structure_rig3_concat_TL/img028212.png,/data/disk2/home/tony/demo1/model/cheese3d_demo_model/backend/cheese3d_demo_model-houlab-2025-05-28/labeled-data/20231102_B6-B15-B20-B21-B26-B31-B32-B33_3D-structure_rig3_concat_TL/CollectedData_houlab.h5,12,28
Q0846,2,20231102_B6-B15-B20-B21-B26-B31-B32-B33_3D-structure_rig3_concat_TL,img036125.png,/data/disk2/home/tony/demo1/model/cheese3d_demo_model/backend/cheese3d_demo_model-houlab-2025-05-28/labeled-data/20231102_B6-B15-B20-B21-B26-B31-B32-B33_3D-structure_rig3_concat_TL/img036125.png,/data/disk2/home/tony/demo1/model/cheese3d_demo_model/backend/cheese3d_demo_model-houlab-2025-05-28/labeled-data/20231102_B6-B15-B20-B21-B26-B31-B32-B33_3D-structure_rig3_concat_TL/CollectedData_houlab.h5,12,28
Q0847,2,20231102_B6-B15-B20-B21-B26-B31-B32-B33_3D-structure_rig3_concat_TL,img066832.png,/data/disk2/home/tony/demo1/model/cheese3d_demo_model/backend/cheese3d_demo_model-houlab-2025-05-28/labeled-data/20231102_B6-B15-B20-B21-B26-B31-B32-B33_3D-structure_rig3_concat_TL/img066832.png,/data/disk2/home/tony/demo1/model/cheese3d_demo_model/backend/cheese3d_demo_model-houlab-2025-05-28/labeled-data/20231102_B6-B15-B20-B21-B26-B31-B32-B33_3D-structure_rig3_concat_TL/CollectedData_houlab.h5,13,28
Q0848,2,20231102_B6-B15-B20-B21-B26-B31-B32-B33_3D-structure_rig3_concat_TL,img080370.png,/data/disk2/home/tony/demo1/model/cheese3d_demo_model/backend/cheese3d_demo_model-houlab-2025-05-28/labeled-data/20231102_B6-B15-B20-B21-B26-B31-B32-B33_3D-structure_rig3_concat_TL/img080370.png,/data/disk2/home/tony/demo1/model/cheese3d_demo_model/backend/cheese3d_demo_model-houlab-2025-05-28/labeled-data/20231102_B6-B15-B20-B21-B26-B31-B32-B33_3D-structure_rig3_concat_TL/CollectedData_houlab.h5,13,28
Q0849,2,20231102_B6-B15-B20-B21-B26-B31-B32-B33_3D-structure_rig3_concat_TL,img120286.png,/data/disk2/home/tony/demo1/model/cheese3d_demo_model/backend/cheese3d_demo_model-houlab-2025-05-28/labeled-data/20231102_B6-B15-B20-B21-B26-B31-B32-B33_3D-structure_rig3_concat_TL/img120286.png,/data/disk2/home/tony/demo1/model/cheese3d_demo_model/backend/cheese3d_demo_model-houlab-2025-05-28/labeled-data/20231102_B6-B15-B20-B21-B26-B31-B32-B33_3D-structure_rig3_concat_TL/CollectedData_houlab.h5,13,28
Q0850,2,20231102_B6-B15-B20-B21-B26-B31-B32-B33_3D-structure_rig3_concat_TL,img134691.png,/data/disk2/home/tony/demo1/model/cheese3d_demo_model/backend/cheese3d_demo_model-houlab-2025-05-28/labeled-data/20231102_B6-B15-B20-B21-B26-B31-B32-B33_3D-structure_rig3_concat_TL/img134691.png,/data/disk2/home/tony/demo1/model/cheese3d_demo_model/backend/cheese3d_demo_model-houlab-2025-05-28/labeled-data/20231102_B6-B15-B20-B21-B26-B31-B32-B33_3D-structure_rig3_concat_TL/CollectedData_houlab.h5,13,28
Q0851,2,20231102_B6-B15-B20-B21-B26-B31-B32-B33_3D-structure_rig3_concat_TL,img139154.png,/data/disk2/home/tony/demo1/model/cheese3d_demo_model/backend/cheese3d_demo_model-houlab-2025-05-28/labeled-data/20231102_B6-B15-B20-B21-B26-B31-B32-B33_3D-structure_rig3_concat_TL/img139154.png,/data/disk2/home/tony/demo1/model/cheese3d_demo_model/backend/cheese3d_demo_model-houlab-2025-05-28/labeled-data/20231102_B6-B15-B20-B21-B26-B31-B32-B33_3D-structure_rig3_concat_TL/CollectedData_houlab.h5,13,28
Q0852,2,20231102_B6-B15-B20-B21-B26-B31-B32-B33_3D-structure_rig3_concat_TL,img148957.png,/data/disk2/home/tony/demo1/model/cheese3d_demo_model/backend/cheese3d_demo_model-houlab-2025-05-28/labeled-data/20231102_B6-B15-B20-B21-B26-B31-B32-B33_3D-structure_rig3_concat_TL/img148957.png,/data/disk2/home/tony/demo1/model/cheese3d_demo_model/backend/cheese3d_demo_model-houlab-2025-05-28/labeled-data/20231102_B6-B15-B20-B21-B26-B31-B32-B33_3D-structure_rig3_concat_TL/CollectedData_houlab.h5,13,28
Q0853,2,20231102_B6-B15-B20-B21-B26-B31-B32-B33_3D-structure_rig3_concat_TL,img155541.png,/data/disk2/home/tony/demo1/model/cheese3d_demo_model/backend/cheese3d_demo_model-houlab-2025-05-28/labeled-data/20231102_B6-B15-B20-B21-B26-B31-B32-B33_3D-structure_rig3_concat_TL/img155541.png,/data/disk2/home/tony/demo1/model/cheese3d_demo_model/backend/cheese3d_demo_model-houlab-2025-05-28/labeled-data/20231102_B6-B15-B20-B21-B26-B31-B32-B33_3D-structure_rig3_concat_TL/CollectedData_houlab.h5,13,28
Q0854,2,20231102_B6-B15-B20-B21-B26-B31-B32-B33_3D-structure_rig3_concat_TL,img169949.png,/data/disk2/home/tony/demo1/model/cheese3d_demo_model/backend/cheese3d_demo_model-houlab-2025-05-28/labeled-data/20231102_B6-B15-B20-B21-B26-B31-B32-B33_3D-structure_rig3_concat_TL/img169949.png,/data/disk2/home/tony/demo1/model/cheese3d_demo_model/backend/cheese3d_demo_model-houlab-2025-05-28/labeled-data/20231102_B6-B15-B20-B21-B26-B31-B32-B33_3D-structure_rig3_concat_TL/CollectedData_houlab.h5,13,28
Q0855,2,20231102_B6-B15-B20-B21-B26-B31-B32-B33_3D-structure_rig3_concat_TL,img191265.png,/data/disk2/home/tony/demo1/model/cheese3d_demo_model/backend/cheese3d_demo_model-houlab-2025-05-28/labeled-data/20231102_B6-B15-B20-B21-B26-B31-B32-B33_3D-structure_rig3_concat_TL/img191265.png,/data/disk2/home/tony/demo1/model/cheese3d_demo_model/backend/cheese3d_demo_model-houlab-2025-05-28/labeled-data/20231102_B6-B15-B20-B21-B26-B31-B32-B33_3D-structure_rig3_concat_TL/CollectedData_houlab.h5,13,28
Q0856,2,20231102_B6-B15-B20-B21-B26-B31-B32-B33_3D-structure_rig3_concat_TL,img194399.png,/data/disk2/home/tony/demo1/model/cheese3d_demo_model/backend/cheese3d_demo_model-houlab-2025-05-28/labeled-data/20231102_B6-B15-B20-B21-B26-B31-B32-B33_3D-structure_rig3_concat_TL/img194399.png,/data/disk2/home/tony/demo1/model/cheese3d_demo_model/backend/cheese3d_demo_model-houlab-2025-05-28/labeled-data/20231102_B6-B15-B20-B21-B26-B31-B32-B33_3D-structure_rig3_concat_TL/CollectedData_houlab.h5,13,28
Q0857,2,20231102_B6-B15-B20-B21-B26-B31-B32-B33_3D-structure_rig3_concat_TL,img207729.png,/data/disk2/home/tony/demo1/model/cheese3d_demo_model/backend/cheese3d_demo_model-houlab-2025-05-28/labeled-data/20231102_B6-B15-B20-B21-B26-B31-B32-B33_3D-structure_rig3_concat_TL/img207729.png,/data/disk2/home/tony/demo1/model/cheese3d_demo_model/backend/cheese3d_demo_model-houlab-2025-05-28/labeled-data/20231102_B6-B15-B20-B21-B26-B31-B32-B33_3D-structure_rig3_concat_TL/CollectedData_houlab.h5,13,28
Q0858,2,20231102_B6-B15-B20-B21-B26-B31-B32-B33_3D-structure_rig3_concat_TL,img214031.png,/data/disk2/home/tony/demo1/model/cheese3d_demo_model/backend/cheese3d_demo_model-houlab-2025-05-28/labeled-data/20231102_B6-B15-B20-B21-B26-B31-B32-B33_3D-structure_rig3_concat_TL/img214031.png,/data/disk2/home/tony/demo1/model/cheese3d_demo_model/backend/cheese3d_demo_model-houlab-2025-05-28/labeled-data/20231102_B6-B15-B20-B21-B26-B31-B32-B33_3D-structure_rig3_concat_TL/CollectedData_houlab.h5,13,28
Q0859,2,20231102_B6-B15-B20-B21-B26-B31-B32-B33_3D-structure_rig3_concat_TL,img240460.png,/data/disk2/home/tony/demo1/model/cheese3d_demo_model/backend/cheese3d_demo_model-houlab-2025-05-28/labeled-data/20231102_B6-B15-B20-B21-B26-B31-B32-B33_3D-structure_rig3_concat_TL/img240460.png,/data/disk2/home/tony/demo1/model/cheese3d_demo_model/backend/cheese3d_demo_model-houlab-2025-05-28/labeled-data/20231102_B6-B15-B20-B21-B26-B31-B32-B33_3D-structure_rig3_concat_TL/CollectedData_houlab.h5,13,28
Q0860,2,20231102_B6-B15-B20-B21-B26-B31-B32-B33_3D-structure_rig3_concat_TL,img277222.png,/data/disk2/home/tony/demo1/model/cheese3d_demo_model/backend/cheese3d_demo_model-houlab-2025-05-28/labeled-data/20231102_B6-B15-B20-B21-B26-B31-B32-B33_3D-structure_rig3_concat_TL/img277222.png,/data/disk2/home/tony/demo1/model/cheese3d_demo_model/backend/cheese3d_demo_model-houlab-2025-05-28/labeled-data/20231102_B6-B15-B20-B21-B26-B31-B32-B33_3D-structure_rig3_concat_TL/CollectedData_houlab.h5,13,28
Q0861,2,20231102_B6-B15-B20-B21-B26-B31-B32-B33_3D-structure_rig3_concat_TL,img285104.png,/data/disk2/home/tony/demo1/model/cheese3d_demo_model/backend/cheese3d_demo_model-houlab-2025-05-28/labeled-data/20231102_B6-B15-B20-B21-B26-B31-B32-B33_3D-structure_rig3_concat_TL/img285104.png,/data/disk2/home/tony/demo1/model/cheese3d_demo_model/backend/cheese3d_demo_model-houlab-2025-05-28/labeled-data/20231102_B6-B15-B20-B21-B26-B31-B32-B33_3D-structure_rig3_concat_TL/CollectedData_houlab.h5,13,28
Q0862,2,20231102_B6-B15-B20-B21-B26-B31-B32-B33_3D-structure_rig3_concat_TL,img289144.png,/data/disk2/home/tony/demo1/model/cheese3d_demo_model/backend/cheese3d_demo_model-houlab-2025-05-28/labeled-data/20231102_B6-B15-B20-B21-B26-B31-B32-B33_3D-structure_rig3_concat_TL/img289144.png,/data/disk2/home/tony/demo1/model/cheese3d_demo_model/backend/cheese3d_demo_model-houlab-2025-05-28/labeled-data/20231102_B6-B15-B20-B21-B26-B31-B32-B33_3D-structure_rig3_concat_TL/CollectedData_houlab.h5,11,28
Q0863,2,20231102_B6-B15-B20-B21-B26-B31-B32-B33_3D-structure_rig3_concat_TR,img002668.png,/data/disk2/home/tony/demo1/model/cheese3d_demo_model/backend/cheese3d_demo_model-houlab-2025-05-28/labeled-data/20231102_B6-B15-B20-B21-B26-B31-B32-B33_3D-structure_rig3_concat_TR/img002668.png,/data/disk2/home/tony/demo1/model/cheese3d_demo_model/backend/cheese3d_demo_model-houlab-2025-05-28/labeled-data/20231102_B6-B15-B20-B21-B26-B31-B32-B33_3D-structure_rig3_concat_TR/CollectedData_houlab.h5,13,28
Q0864,2,20231102_B6-B15-B20-B21-B26-B31-B32-B33_3D-structure_rig3_concat_TR,img012701.png,/data/disk2/home/tony/demo1/model/cheese3d_demo_model/backend/cheese3d_demo_model-houlab-2025-05-28/labeled-data/20231102_B6-B15-B20-B21-B26-B31-B32-B33_3D-structure_rig3_concat_TR/img012701.png,/data/disk2/home/tony/demo1/model/cheese3d_demo_model/backend/cheese3d_demo_model-houlab-2025-05-28/labeled-data/20231102_B6-B15-B20-B21-B26-B31-B32-B33_3D-structure_rig3_concat_TR/CollectedData_houlab.h5,13,28
Q0865,2,20231102_B6-B15-B20-B21-B26-B31-B32-B33_3D-structure_rig3_concat_TR,img037354.png,/data/disk2/home/tony/demo1/model/cheese3d_demo_model/backend/cheese3d_demo_model-houlab-2025-05-28/labeled-data/20231102_B6-B15-B20-B21-B26-B31-B32-B33_3D-structure_rig3_concat_TR/img037354.png,/data/disk2/home/tony/demo1/model/cheese3d_demo_model/backend/cheese3d_demo_model-houlab-2025-05-28/labeled-data/20231102_B6-B15-B20-B21-B26-B31-B32-B33_3D-structure_rig3_concat_TR/CollectedData_houlab.h5,13,28
Q0866,2,20231102_B6-B15-B20-B21-B26-B31-B32-B33_3D-structure_rig3_concat_TR,img046075.png,/data/disk2/home/tony/demo1/model/cheese3d_demo_model/backend/cheese3d_demo_model-houlab-2025-05-28/labeled-data/20231102_B6-B15-B20-B21-B26-B31-B32-B33_3D-structure_rig3_concat_TR/img046075.png,/data/disk2/home/tony/demo1/model/cheese3d_demo_model/backend/cheese3d_demo_model-houlab-2025-05-28/labeled-data/20231102_B6-B15-B20-B21-B26-B31-B32-B33_3D-structure_rig3_concat_TR/CollectedData_houlab.h5,13,28
Q0867,2,20231102_B6-B15-B20-B21-B26-B31-B32-B33_3D-structure_rig3_concat_TR,img050473.png,/data/disk2/home/tony/demo1/model/cheese3d_demo_model/backend/cheese3d_demo_model-houlab-2025-05-28/labeled-data/20231102_B6-B15-B20-B21-B26-B31-B32-B33_3D-structure_rig3_concat_TR/img050473.png,/data/disk2/home/tony/demo1/model/cheese3d_demo_model/backend/cheese3d_demo_model-houlab-2025-05-28/labeled-data/20231102_B6-B15-B20-B21-B26-B31-B32-B33_3D-structure_rig3_concat_TR/CollectedData_houlab.h5,13,28
Q0868,2,20231102_B6-B15-B20-B21-B26-B31-B32-B33_3D-structure_rig3_concat_TR,img063086.png,/data/disk2/home/tony/demo1/model/cheese3d_demo_model/backend/cheese3d_demo_model-houlab-2025-05-28/labeled-data/20231102_B6-B15-B20-B21-B26-B31-B32-B33_3D-structure_rig3_concat_TR/img063086.png,/data/disk2/home/tony/demo1/model/cheese3d_demo_model/backend/cheese3d_demo_model-houlab-2025-05-28/labeled-data/20231102_B6-B15-B20-B21-B26-B31-B32-B33_3D-structure_rig3_concat_TR/CollectedData_houlab.h5,13,28
Q0869,2,20231102_B6-B15-B20-B21-B26-B31-B32-B33_3D-structure_rig3_concat_TR,img074541.png,/data/disk2/home/tony/demo1/model/cheese3d_demo_model/backend/cheese3d_demo_model-houlab-2025-05-28/labeled-data/20231102_B6-B15-B20-B21-B26-B31-B32-B33_3D-structure_rig3_concat_TR/img074541.png,/data/disk2/home/tony/demo1/model/cheese3d_demo_model/backend/cheese3d_demo_model-houlab-2025-05-28/labeled-data/20231102_B6-B15-B20-B21-B26-B31-B32-B33_3D-structure_rig3_concat_TR/CollectedData_houlab.h5,13,28
Q0870,2,20231102_B6-B15-B20-B21-B26-B31-B32-B33_3D-structure_rig3_concat_TR,img079248.png,/data/disk2/home/tony/demo1/model/cheese3d_demo_model/backend/cheese3d_demo_model-houlab-2025-05-28/labeled-data/20231102_B6-B15-B20-B21-B26-B31-B32-B33_3D-structure_rig3_concat_TR/img079248.png,/data/disk2/home/tony/demo1/model/cheese3d_demo_model/backend/cheese3d_demo_model-houlab-2025-05-28/labeled-data/20231102_B6-B15-B20-B21-B26-B31-B32-B33_3D-structure_rig3_concat_TR/CollectedData_houlab.h5,13,28
Q0871,2,20231102_B6-B15-B20-B21-B26-B31-B32-B33_3D-structure_rig3_concat_TR,img088243.png,/data/disk2/home/tony/demo1/model/cheese3d_demo_model/backend/cheese3d_demo_model-houlab-2025-05-28/labeled-data/20231102_B6-B15-B20-B21-B26-B31-B32-B33_3D-structure_rig3_concat_TR/img088243.png,/data/disk2/home/tony/demo1/model/cheese3d_demo_model/backend/cheese3d_demo_model-houlab-2025-05-28/labeled-data/20231102_B6-B15-B20-B21-B26-B31-B32-B33_3D-structure_rig3_concat_TR/CollectedData_houlab.h5,13,28
Q0872,2,20231102_B6-B15-B20-B21-B26-B31-B32-B33_3D-structure_rig3_concat_TR,img117309.png,/data/disk2/home/tony/demo1/model/cheese3d_demo_model/backend/cheese3d_demo_model-houlab-2025-05-28/labeled-data/20231102_B6-B15-B20-B21-B26-B31-B32-B33_3D-structure_rig3_concat_TR/img117309.png,/data/disk2/home/tony/demo1/model/cheese3d_demo_model/backend/cheese3d_demo_model-houlab-2025-05-28/labeled-data/20231102_B6-B15-B20-B21-B26-B31-B32-B33_3D-structure_rig3_concat_TR/CollectedData_houlab.h5,13,28
Q0873,2,20231102_B6-B15-B20-B21-B26-B31-B32-B33_3D-structure_rig3_concat_TR,img134189.png,/data/disk2/home/tony/demo1/model/cheese3d_demo_model/backend/cheese3d_demo_model-houlab-2025-05-28/labeled-data/20231102_B6-B15-B20-B21-B26-B31-B32-B33_3D-structure_rig3_concat_TR/img134189.png,/data/disk2/home/tony/demo1/model/cheese3d_demo_model/backend/cheese3d_demo_model-houlab-2025-05-28/labeled-data/20231102_B6-B15-B20-B21-B26-B31-B32-B33_3D-structure_rig3_concat_TR/CollectedData_houlab.h5,13,28
Q0874,2,20231102_B6-B15-B20-B21-B26-B31-B32-B33_3D-structure_rig3_concat_TR,img141624.png,/data/disk2/home/tony/demo1/model/cheese3d_demo_model/backend/cheese3d_demo_model-houlab-2025-05-28/labeled-data/20231102_B6-B15-B20-B21-B26-B31-B32-B33_3D-structure_rig3_concat_TR/img141624.png,/data/disk2/home/tony/demo1/model/cheese3d_demo_model/backend/cheese3d_demo_model-houlab-2025-05-28/labeled-data/20231102_B6-B15-B20-B21-B26-B31-B32-B33_3D-structure_rig3_concat_TR/CollectedData_houlab.h5,13,28
Q0875,2,20231102_B6-B15-B20-B21-B26-B31-B32-B33_3D-structure_rig3_concat_TR,img160052.png,/data/disk2/home/tony/demo1/model/cheese3d_demo_model/backend/cheese3d_demo_model-houlab-2025-05-28/labeled-data/20231102_B6-B15-B20-B21-B26-B31-B32-B33_3D-structure_rig3_concat_TR/img160052.png,/data/disk2/home/tony/demo1/model/cheese3d_demo_model/backend/cheese3d_demo_model-houlab-2025-05-28/labeled-data/20231102_B6-B15-B20-B21-B26-B31-B32-B33_3D-structure_rig3_concat_TR/CollectedData_houlab.h5,13,28
Q0876,2,20231102_B6-B15-B20-B21-B26-B31-B32-B33_3D-structure_rig3_concat_TR,img175082.png,/data/disk2/home/tony/demo1/model/cheese3d_demo_model/backend/cheese3d_demo_model-houlab-2025-05-28/labeled-data/20231102_B6-B15-B20-B21-B26-B31-B32-B33_3D-structure_rig3_concat_TR/img175082.png,/data/disk2/home/tony/demo1/model/cheese3d_demo_model/backend/cheese3d_demo_model-houlab-2025-05-28/labeled-data/20231102_B6-B15-B20-B21-B26-B31-B32-B33_3D-structure_rig3_concat_TR/CollectedData_houlab.h5,13,28
Q0877,2,20231102_B6-B15-B20-B21-B26-B31-B32-B33_3D-structure_rig3_concat_TR,img191166.png,/data/disk2/home/tony/demo1/model/cheese3d_demo_model/backend/cheese3d_demo_model-houlab-2025-05-28/labeled-data/20231102_B6-B15-B20-B21-B26-B31-B32-B33_3D-structure_rig3_concat_TR/img191166.png,/data/disk2/home/tony/demo1/model/cheese3d_demo_model/backend/cheese3d_demo_model-houlab-2025-05-28/labeled-data/20231102_B6-B15-B20-B21-B26-B31-B32-B33_3D-structure_rig3_concat_TR/CollectedData_houlab.h5,13,28
Q0878,2,20231102_B6-B15-B20-B21-B26-B31-B32-B33_3D-structure_rig3_concat_TR,img214823.png,/data/disk2/home/tony/demo1/model/cheese3d_demo_model/backend/cheese3d_demo_model-houlab-2025-05-28/labeled-data/20231102_B6-B15-B20-B21-B26-B31-B32-B33_3D-structure_rig3_concat_TR/img214823.png,/data/disk2/home/tony/demo1/model/cheese3d_demo_model/backend/cheese3d_demo_model-houlab-2025-05-28/labeled-data/20231102_B6-B15-B20-B21-B26-B31-B32-B33_3D-structure_rig3_concat_TR/CollectedData_houlab.h5,13,28
Q0879,2,20231102_B6-B15-B20-B21-B26-B31-B32-B33_3D-structure_rig3_concat_TR,img239222.png,/data/disk2/home/tony/demo1/model/cheese3d_demo_model/backend/cheese3d_demo_model-houlab-2025-05-28/labeled-data/20231102_B6-B15-B20-B21-B26-B31-B32-B33_3D-structure_rig3_concat_TR/img239222.png,/data/disk2/home/tony/demo1/model/cheese3d_demo_model/backend/cheese3d_demo_model-houlab-2025-05-28/labeled-data/20231102_B6-B15-B20-B21-B26-B31-B32-B33_3D-structure_rig3_concat_TR/CollectedData_houlab.h5,13,28
Q0880,2,20231102_B6-B15-B20-B21-B26-B31-B32-B33_3D-structure_rig3_concat_TR,img250075.png,/data/disk2/home/tony/demo1/model/cheese3d_demo_model/backend/cheese3d_demo_model-houlab-2025-05-28/labeled-data/20231102_B6-B15-B20-B21-B26-B31-B32-B33_3D-structure_rig3_concat_TR/img250075.png,/data/disk2/home/tony/demo1/model/cheese3d_demo_model/backend/cheese3d_demo_model-houlab-2025-05-28/labeled-data/20231102_B6-B15-B20-B21-B26-B31-B32-B33_3D-structure_rig3_concat_TR/CollectedData_houlab.h5,13,28
Q0881,2,20231102_B6-B15-B20-B21-B26-B31-B32-B33_3D-structure_rig3_concat_TR,img262821.png,/data/disk2/home/tony/demo1/model/cheese3d_demo_model/backend/cheese3d_demo_model-houlab-2025-05-28/labeled-data/20231102_B6-B15-B20-B21-B26-B31-B32-B33_3D-structure_rig3_concat_TR/img262821.png,/data/disk2/home/tony/demo1/model/cheese3d_demo_model/backend/cheese3d_demo_model-houlab-2025-05-28/labeled-data/20231102_B6-B15-B20-B21-B26-B31-B32-B33_3D-structure_rig3_concat_TR/CollectedData_houlab.h5,13,28
Q0882,2,20231102_B6-B15-B20-B21-B26-B31-B32-B33_3D-structure_rig3_concat_TR,img295125.png,/data/disk2/home/tony/demo1/model/cheese3d_demo_model/backend/cheese3d_demo_model-houlab-2025-05-28/labeled-data/20231102_B6-B15-B20-B21-B26-B31-B32-B33_3D-structure_rig3_concat_TR/img295125.png,/data/disk2/home/tony/demo1/model/cheese3d_demo_model/backend/cheese3d_demo_model-houlab-2025-05-28/labeled-data/20231102_B6-B15-B20-B21-B26-B31-B32-B33_3D-structure_rig3_concat_TR/CollectedData_houlab.h5,13,28
Q0883,2,20231213_B33_long-anes_awake_000_BC_11-57-52,img06952.png,/data/disk2/home/tony/demo1/model/cheese3d_demo_model/backend/cheese3d_demo_model-houlab-2025-05-28/labeled-data/20231213_B33_long-anes_awake_000_BC_11-57-52/img06952.png,/data/disk2/home/tony/demo1/model/cheese3d_demo_model/backend/cheese3d_demo_model-houlab-2025-05-28/labeled-data/20231213_B33_long-anes_awake_000_BC_11-57-52/CollectedData_houlab.h5,9,28
Q0884,2,20231213_B33_long-anes_awake_000_BC_11-57-52,img19178.png,/data/disk2/home/tony/demo1/model/cheese3d_demo_model/backend/cheese3d_demo_model-houlab-2025-05-28/labeled-data/20231213_B33_long-anes_awake_000_BC_11-57-52/img19178.png,/data/disk2/home/tony/demo1/model/cheese3d_demo_model/backend/cheese3d_demo_model-houlab-2025-05-28/labeled-data/20231213_B33_long-anes_awake_000_BC_11-57-52/CollectedData_houlab.h5,9,28
Q0885,2,20231213_B33_long-anes_awake_000_BC_11-57-52,img22610.png,/data/disk2/home/tony/demo1/model/cheese3d_demo_model/backend/cheese3d_demo_model-houlab-2025-05-28/labeled-data/20231213_B33_long-anes_awake_000_BC_11-57-52/img22610.png,/data/disk2/home/tony/demo1/model/cheese3d_demo_model/backend/cheese3d_demo_model-houlab-2025-05-28/labeled-data/20231213_B33_long-anes_awake_000_BC_11-57-52/CollectedData_houlab.h5,9,28
Q0886,2,20231213_B33_long-anes_awake_000_BC_11-57-52,img24479.png,/data/disk2/home/tony/demo1/model/cheese3d_demo_model/backend/cheese3d_demo_model-houlab-2025-05-28/labeled-data/20231213_B33_long-anes_awake_000_BC_11-57-52/img24479.png,/data/disk2/home/tony/demo1/model/cheese3d_demo_model/backend/cheese3d_demo_model-houlab-2025-05-28/labeled-data/20231213_B33_long-anes_awake_000_BC_11-57-52/CollectedData_houlab.h5,9,28
Q0887,2,20231213_B33_long-anes_awake_000_BC_11-57-52,img28029.png,/data/disk2/home/tony/demo1/model/cheese3d_demo_model/backend/cheese3d_demo_model-houlab-2025-05-28/labeled-data/20231213_B33_long-anes_awake_000_BC_11-57-52/img28029.png,/data/disk2/home/tony/demo1/model/cheese3d_demo_model/backend/cheese3d_demo_model-houlab-2025-05-28/labeled-data/20231213_B33_long-anes_awake_000_BC_11-57-52/CollectedData_houlab.h5,9,28
Q0888,2,20231213_B33_long-anes_awake_000_L_11-57-52,img03570.png,/data/disk2/home/tony/demo1/model/cheese3d_demo_model/backend/cheese3d_demo_model-houlab-2025-05-28/labeled-data/20231213_B33_long-anes_awake_000_L_11-57-52/img03570.png,/data/disk2/home/tony/demo1/model/cheese3d_demo_model/backend/cheese3d_demo_model-houlab-2025-05-28/labeled-data/20231213_B33_long-anes_awake_000_L_11-57-52/CollectedData_houlab.h5,16,28
Q0889,2,20231213_B33_long-anes_awake_000_L_11-57-52,img05218.png,/data/disk2/home/tony/demo1/model/cheese3d_demo_model/backend/cheese3d_demo_model-houlab-2025-05-28/labeled-data/20231213_B33_long-anes_awake_000_L_11-57-52/img05218.png,/data/disk2/home/tony/demo1/model/cheese3d_demo_model/backend/cheese3d_demo_model-houlab-2025-05-28/labeled-data/20231213_B33_long-anes_awake_000_L_11-57-52/CollectedData_houlab.h5,17,28
Q0890,2,20231213_B33_long-anes_awake_000_L_11-57-52,img06862.png,/data/disk2/home/tony/demo1/model/cheese3d_demo_model/backend/cheese3d_demo_model-houlab-2025-05-28/labeled-data/20231213_B33_long-anes_awake_000_L_11-57-52/img06862.png,/data/disk2/home/tony/demo1/model/cheese3d_demo_model/backend/cheese3d_demo_model-houlab-2025-05-28/labeled-data/20231213_B33_long-anes_awake_000_L_11-57-52/CollectedData_houlab.h5,17,28
Q0891,2,20231213_B33_long-anes_awake_000_L_11-57-52,img13820.png,/data/disk2/home/tony/demo1/model/cheese3d_demo_model/backend/cheese3d_demo_model-houlab-2025-05-28/labeled-data/20231213_B33_long-anes_awake_000_L_11-57-52/img13820.png,/data/disk2/home/tony/demo1/model/cheese3d_demo_model/backend/cheese3d_demo_model-houlab-2025-05-28/labeled-data/20231213_B33_long-anes_awake_000_L_11-57-52/CollectedData_houlab.h5,17,28
Q0892,2,20231213_B33_long-anes_awake_000_L_11-57-52,img26591.png,/data/disk2/home/tony/demo1/model/cheese3d_demo_model/backend/cheese3d_demo_model-houlab-2025-05-28/labeled-data/20231213_B33_long-anes_awake_000_L_11-57-52/img26591.png,/data/disk2/home/tony/demo1/model/cheese3d_demo_model/backend/cheese3d_demo_model-houlab-2025-05-28/labeled-data/20231213_B33_long-anes_awake_000_L_11-57-52/CollectedData_houlab.h5,15,28
Q0893,2,20231213_B33_long-anes_awake_000_R_11-57-52,img04865.png,/data/disk2/home/tony/demo1/model/cheese3d_demo_model/backend/cheese3d_demo_model-houlab-2025-05-28/labeled-data/20231213_B33_long-anes_awake_000_R_11-57-52/img04865.png,/data/disk2/home/tony/demo1/model/cheese3d_demo_model/backend/cheese3d_demo_model-houlab-2025-05-28/labeled-data/20231213_B33_long-anes_awake_000_R_11-57-52/CollectedData_houlab.h5,16,28
Q0894,2,20231213_B33_long-anes_awake_000_R_11-57-52,img08351.png,/data/disk2/home/tony/demo1/model/cheese3d_demo_model/backend/cheese3d_demo_model-houlab-2025-05-28/labeled-data/20231213_B33_long-anes_awake_000_R_11-57-52/img08351.png,/data/disk2/home/tony/demo1/model/cheese3d_demo_model/backend/cheese3d_demo_model-houlab-2025-05-28/labeled-data/20231213_B33_long-anes_awake_000_R_11-57-52/CollectedData_houlab.h5,15,28
Q0895,2,20231213_B33_long-anes_awake_000_R_11-57-52,img21327.png,/data/disk2/home/tony/demo1/model/cheese3d_demo_model/backend/cheese3d_demo_model-houlab-2025-05-28/labeled-data/20231213_B33_long-anes_awake_000_R_11-57-52/img21327.png,/data/disk2/home/tony/demo1/model/cheese3d_demo_model/backend/cheese3d_demo_model-houlab-2025-05-28/labeled-data/20231213_B33_long-anes_awake_000_R_11-57-52/CollectedData_houlab.h5,17,28
Q0896,2,20231213_B33_long-anes_awake_000_R_11-57-52,img26044.png,/data/disk2/home/tony/demo1/model/cheese3d_demo_model/backend/cheese3d_demo_model-houlab-2025-05-28/labeled-data/20231213_B33_long-anes_awake_000_R_11-57-52/img26044.png,/data/disk2/home/tony/demo1/model/cheese3d_demo_model/backend/cheese3d_demo_model-houlab-2025-05-28/labeled-data/20231213_B33_long-anes_awake_000_R_11-57-52/CollectedData_houlab.h5,15,28
Q0897,2,20231213_B33_long-anes_awake_000_R_11-57-52,img26047.png,/data/disk2/home/tony/demo1/model/cheese3d_demo_model/backend/cheese3d_demo_model-houlab-2025-05-28/labeled-data/20231213_B33_long-anes_awake_000_R_11-57-52/img26047.png,/data/disk2/home/tony/demo1/model/cheese3d_demo_model/backend/cheese3d_demo_model-houlab-2025-05-28/labeled-data/20231213_B33_long-anes_awake_000_R_11-57-52/CollectedData_houlab.h5,16,28
Q0898,2,20231213_B33_long-anes_awake_000_TC_11-57-52,img02269.png,/data/disk2/home/tony/demo1/model/cheese3d_demo_model/backend/cheese3d_demo_model-houlab-2025-05-28/labeled-data/20231213_B33_long-anes_awake_000_TC_11-57-52/img02269.png,/data/disk2/home/tony/demo1/model/cheese3d_demo_model/backend/cheese3d_demo_model-houlab-2025-05-28/labeled-data/20231213_B33_long-anes_awake_000_TC_11-57-52/CollectedData_houlab.h5,10,28
Q0899,2,20231213_B33_long-anes_awake_000_TC_11-57-52,img06859.png,/data/disk2/home/tony/demo1/model/cheese3d_demo_model/backend/cheese3d_demo_model-houlab-2025-05-28/labeled-data/20231213_B33_long-anes_awake_000_TC_11-57-52/img06859.png,/data/disk2/home/tony/demo1/model/cheese3d_demo_model/backend/cheese3d_demo_model-houlab-2025-05-28/labeled-data/20231213_B33_long-anes_awake_000_TC_11-57-52/CollectedData_houlab.h5,10,28
Q0900,2,20231213_B33_long-anes_awake_000_TC_11-57-52,img10950.png,/data/disk2/home/tony/demo1/model/cheese3d_demo_model/backend/cheese3d_demo_model-houlab-2025-05-28/labeled-data/20231213_B33_long-anes_awake_000_TC_11-57-52/img10950.png,/data/disk2/home/tony/demo1/model/cheese3d_demo_model/backend/cheese3d_demo_model-houlab-2025-05-28/labeled-data/20231213_B33_long-anes_awake_000_TC_11-57-52/CollectedData_houlab.h5,10,28
Q0901,2,20231213_B33_long-anes_awake_000_TC_11-57-52,img23449.png,/data/disk2/home/tony/demo1/model/cheese3d_demo_model/backend/cheese3d_demo_model-houlab-2025-05-28/labeled-data/20231213_B33_long-anes_awake_000_TC_11-57-52/img23449.png,/data/disk2/home/tony/demo1/model/cheese3d_demo_model/backend/cheese3d_demo_model-houlab-2025-05-28/labeled-data/20231213_B33_long-anes_awake_000_TC_11-57-52/CollectedData_houlab.h5,10,28
Q0902,2,20231213_B33_long-anes_awake_000_TC_11-57-52,img25232.png,/data/disk2/home/tony/demo1/model/cheese3d_demo_model/backend/cheese3d_demo_model-houlab-2025-05-28/labeled-data/20231213_B33_long-anes_awake_000_TC_11-57-52/img25232.png,/data/disk2/home/tony/demo1/model/cheese3d_demo_model/backend/cheese3d_demo_model-houlab-2025-05-28/labeled-data/20231213_B33_long-anes_awake_000_TC_11-57-52/CollectedData_houlab.h5,10,28
Q0903,2,20231213_B33_long-anes_awake_000_TL_11-57-52,img03556.png,/data/disk2/home/tony/demo1/model/cheese3d_demo_model/backend/cheese3d_demo_model-houlab-2025-05-28/labeled-data/20231213_B33_long-anes_awake_000_TL_11-57-52/img03556.png,/data/disk2/home/tony/demo1/model/cheese3d_demo_model/backend/cheese3d_demo_model-houlab-2025-05-28/labeled-data/20231213_B33_long-anes_awake_000_TL_11-57-52/CollectedData_houlab.h5,10,28
Q0904,2,20231213_B33_long-anes_awake_000_TL_11-57-52,img05685.png,/data/disk2/home/tony/demo1/model/cheese3d_demo_model/backend/cheese3d_demo_model-houlab-2025-05-28/labeled-data/20231213_B33_long-anes_awake_000_TL_11-57-52/img05685.png,/data/disk2/home/tony/demo1/model/cheese3d_demo_model/backend/cheese3d_demo_model-houlab-2025-05-28/labeled-data/20231213_B33_long-anes_awake_000_TL_11-57-52/CollectedData_houlab.h5,12,28
Q0905,2,20231213_B33_long-anes_awake_000_TL_11-57-52,img18154.png,/data/disk2/home/tony/demo1/model/cheese3d_demo_model/backend/cheese3d_demo_model-houlab-2025-05-28/labeled-data/20231213_B33_long-anes_awake_000_TL_11-57-52/img18154.png,/data/disk2/home/tony/demo1/model/cheese3d_demo_model/backend/cheese3d_demo_model-houlab-2025-05-28/labeled-data/20231213_B33_long-anes_awake_000_TL_11-57-52/CollectedData_houlab.h5,12,28
Q0906,2,20231213_B33_long-anes_awake_000_TL_11-57-52,img22523.png,/data/disk2/home/tony/demo1/model/cheese3d_demo_model/backend/cheese3d_demo_model-houlab-2025-05-28/labeled-data/20231213_B33_long-anes_awake_000_TL_11-57-52/img22523.png,/data/disk2/home/tony/demo1/model/cheese3d_demo_model/backend/cheese3d_demo_model-houlab-2025-05-28/labeled-data/20231213_B33_long-anes_awake_000_TL_11-57-52/CollectedData_houlab.h5,12,28
Q0907,2,20231213_B33_long-anes_awake_000_TL_11-57-52,img24249.png,/data/disk2/home/tony/demo1/model/cheese3d_demo_model/backend/cheese3d_demo_model-houlab-2025-05-28/labeled-data/20231213_B33_long-anes_awake_000_TL_11-57-52/img24249.png,/data/disk2/home/tony/demo1/model/cheese3d_demo_model/backend/cheese3d_demo_model-houlab-2025-05-28/labeled-data/20231213_B33_long-anes_awake_000_TL_11-57-52/CollectedData_houlab.h5,12,28
Q0908,2,20231213_B33_long-anes_awake_000_TR_11-57-52,img05700.png,/data/disk2/home/tony/demo1/model/cheese3d_demo_model/backend/cheese3d_demo_model-houlab-2025-05-28/labeled-data/20231213_B33_long-anes_awake_000_TR_11-57-52/img05700.png,/data/disk2/home/tony/demo1/model/cheese3d_demo_model/backend/cheese3d_demo_model-houlab-2025-05-28/labeled-data/20231213_B33_long-anes_awake_000_TR_11-57-52/CollectedData_houlab.h5,10,28
Q0909,2,20231213_B33_long-anes_awake_000_TR_11-57-52,img06320.png,/data/disk2/home/tony/demo1/model/cheese3d_demo_model/backend/cheese3d_demo_model-houlab-2025-05-28/labeled-data/20231213_B33_long-anes_awake_000_TR_11-57-52/img06320.png,/data/disk2/home/tony/demo1/model/cheese3d_demo_model/backend/cheese3d_demo_model-houlab-2025-05-28/labeled-data/20231213_B33_long-anes_awake_000_TR_11-57-52/CollectedData_houlab.h5,11,28
Q0910,2,20231213_B33_long-anes_awake_000_TR_11-57-52,img08396.png,/data/disk2/home/tony/demo1/model/cheese3d_demo_model/backend/cheese3d_demo_model-houlab-2025-05-28/labeled-data/20231213_B33_long-anes_awake_000_TR_11-57-52/img08396.png,/data/disk2/home/tony/demo1/model/cheese3d_demo_model/backend/cheese3d_demo_model-houlab-2025-05-28/labeled-data/20231213_B33_long-anes_awake_000_TR_11-57-52/CollectedData_houlab.h5,10,28
Q0911,2,20231213_B33_long-anes_awake_000_TR_11-57-52,img22482.png,/data/disk2/home/tony/demo1/model/cheese3d_demo_model/backend/cheese3d_demo_model-houlab-2025-05-28/labeled-data/20231213_B33_long-anes_awake_000_TR_11-57-52/img22482.png,/data/disk2/home/tony/demo1/model/cheese3d_demo_model/backend/cheese3d_demo_model-houlab-2025-05-28/labeled-data/20231213_B33_long-anes_awake_000_TR_11-57-52/CollectedData_houlab.h5,10,28
Q0912,2,20231213_B33_long-anes_awake_000_TR_11-57-52,img26679.png,/data/disk2/home/tony/demo1/model/cheese3d_demo_model/backend/cheese3d_demo_model-houlab-2025-05-28/labeled-data/20231213_B33_long-anes_awake_000_TR_11-57-52/img26679.png,/data/disk2/home/tony/demo1/model/cheese3d_demo_model/backend/cheese3d_demo_model-houlab-2025-05-28/labeled-data/20231213_B33_long-anes_awake_000_TR_11-57-52/CollectedData_houlab.h5,10,28
Q0913,2,20231214_B20_long-anes_awake_000_BC_13-08-57,img01730.png,/data/disk2/home/tony/demo1/model/cheese3d_demo_model/backend/cheese3d_demo_model-houlab-2025-05-28/labeled-data/20231214_B20_long-anes_awake_000_BC_13-08-57/img01730.png,/data/disk2/home/tony/demo1/model/cheese3d_demo_model/backend/cheese3d_demo_model-houlab-2025-05-28/labeled-data/20231214_B20_long-anes_awake_000_BC_13-08-57/CollectedData_houlab.h5,9,28
Q0914,2,20231214_B20_long-anes_awake_000_BC_13-08-57,img15227.png,/data/disk2/home/tony/demo1/model/cheese3d_demo_model/backend/cheese3d_demo_model-houlab-2025-05-28/labeled-data/20231214_B20_long-anes_awake_000_BC_13-08-57/img15227.png,/data/disk2/home/tony/demo1/model/cheese3d_demo_model/backend/cheese3d_demo_model-houlab-2025-05-28/labeled-data/20231214_B20_long-anes_awake_000_BC_13-08-57/CollectedData_houlab.h5,9,28
Q0915,2,20231214_B20_long-anes_awake_000_BC_13-08-57,img15877.png,/data/disk2/home/tony/demo1/model/cheese3d_demo_model/backend/cheese3d_demo_model-houlab-2025-05-28/labeled-data/20231214_B20_long-anes_awake_000_BC_13-08-57/img15877.png,/data/disk2/home/tony/demo1/model/cheese3d_demo_model/backend/cheese3d_demo_model-houlab-2025-05-28/labeled-data/20231214_B20_long-anes_awake_000_BC_13-08-57/CollectedData_houlab.h5,9,28
Q0916,2,20231214_B20_long-anes_awake_000_BC_13-08-57,img18581.png,/data/disk2/home/tony/demo1/model/cheese3d_demo_model/backend/cheese3d_demo_model-houlab-2025-05-28/labeled-data/20231214_B20_long-anes_awake_000_BC_13-08-57/img18581.png,/data/disk2/home/tony/demo1/model/cheese3d_demo_model/backend/cheese3d_demo_model-houlab-2025-05-28/labeled-data/20231214_B20_long-anes_awake_000_BC_13-08-57/CollectedData_houlab.h5,9,28
Q0917,2,20231214_B20_long-anes_awake_000_BC_13-08-57,img21760.png,/data/disk2/home/tony/demo1/model/cheese3d_demo_model/backend/cheese3d_demo_model-houlab-2025-05-28/labeled-data/20231214_B20_long-anes_awake_000_BC_13-08-57/img21760.png,/data/disk2/home/tony/demo1/model/cheese3d_demo_model/backend/cheese3d_demo_model-houlab-2025-05-28/labeled-data/20231214_B20_long-anes_awake_000_BC_13-08-57/CollectedData_houlab.h5,9,28
Q0918,2,20231214_B20_long-anes_awake_000_L_13-08-57,img01730.png,/data/disk2/home/tony/demo1/model/cheese3d_demo_model/backend/cheese3d_demo_model-houlab-2025-05-28/labeled-data/20231214_B20_long-anes_awake_000_L_13-08-57/img01730.png,/data/disk2/home/tony/demo1/model/cheese3d_demo_model/backend/cheese3d_demo_model-houlab-2025-05-28/labeled-data/20231214_B20_long-anes_awake_000_L_13-08-57/CollectedData_houlab.h5,17,28
Q0919,2,20231214_B20_long-anes_awake_000_L_13-08-57,img15885.png,/data/disk2/home/tony/demo1/model/cheese3d_demo_model/backend/cheese3d_demo_model-houlab-2025-05-28/labeled-data/20231214_B20_long-anes_awake_000_L_13-08-57/img15885.png,/data/disk2/home/tony/demo1/model/cheese3d_demo_model/backend/cheese3d_demo_model-houlab-2025-05-28/labeled-data/20231214_B20_long-anes_awake_000_L_13-08-57/CollectedData_houlab.h5,17,28
Q0920,2,20231214_B20_long-anes_awake_000_L_13-08-57,img16205.png,/data/disk2/home/tony/demo1/model/cheese3d_demo_model/backend/cheese3d_demo_model-houlab-2025-05-28/labeled-data/20231214_B20_long-anes_awake_000_L_13-08-57/img16205.png,/data/disk2/home/tony/demo1/model/cheese3d_demo_model/backend/cheese3d_demo_model-houlab-2025-05-28/labeled-data/20231214_B20_long-anes_awake_000_L_13-08-57/CollectedData_houlab.h5,17,28
Q0921,2,20231214_B20_long-anes_awake_000_L_13-08-57,img18444.png,/data/disk2/home/tony/demo1/model/cheese3d_demo_model/backend/cheese3d_demo_model-houlab-2025-05-28/labeled-data/20231214_B20_long-anes_awake_000_L_13-08-57/img18444.png,/data/disk2/home/tony/demo1/model/cheese3d_demo_model/backend/cheese3d_demo_model-houlab-2025-05-28/labeled-data/20231214_B20_long-anes_awake_000_L_13-08-57/CollectedData_houlab.h5,17,28
Q0922,2,20231214_B20_long-anes_awake_000_L_13-08-57,img29649.png,/data/disk2/home/tony/demo1/model/cheese3d_demo_model/backend/cheese3d_demo_model-houlab-2025-05-28/labeled-data/20231214_B20_long-anes_awake_000_L_13-08-57/img29649.png,/data/disk2/home/tony/demo1/model/cheese3d_demo_model/backend/cheese3d_demo_model-houlab-2025-05-28/labeled-data/20231214_B20_long-anes_awake_000_L_13-08-57/CollectedData_houlab.h5,15,28
Q0923,2,20231214_B20_long-anes_awake_000_R_13-08-57,img13787.png,/data/disk2/home/tony/demo1/model/cheese3d_demo_model/backend/cheese3d_demo_model-houlab-2025-05-28/labeled-data/20231214_B20_long-anes_awake_000_R_13-08-57/img13787.png,/data/disk2/home/tony/demo1/model/cheese3d_demo_model/backend/cheese3d_demo_model-houlab-2025-05-28/labeled-data/20231214_B20_long-anes_awake_000_R_13-08-57/CollectedData_houlab.h5,16,28
Q0924,2,20231214_B20_long-anes_awake_000_R_13-08-57,img13988.png,/data/disk2/home/tony/demo1/model/cheese3d_demo_model/backend/cheese3d_demo_model-houlab-2025-05-28/labeled-data/20231214_B20_long-anes_awake_000_R_13-08-57/img13988.png,/data/disk2/home/tony/demo1/model/cheese3d_demo_model/backend/cheese3d_demo_model-houlab-2025-05-28/labeled-data/20231214_B20_long-anes_awake_000_R_13-08-57/CollectedData_houlab.h5,16,28
Q0925,2,20231214_B20_long-anes_awake_000_R_13-08-57,img14042.png,/data/disk2/home/tony/demo1/model/cheese3d_demo_model/backend/cheese3d_demo_model-houlab-2025-05-28/labeled-data/20231214_B20_long-anes_awake_000_R_13-08-57/img14042.png,/data/disk2/home/tony/demo1/model/cheese3d_demo_model/backend/cheese3d_demo_model-houlab-2025-05-28/labeled-data/20231214_B20_long-anes_awake_000_R_13-08-57/CollectedData_houlab.h5,16,28
Q0926,2,20231214_B20_long-anes_awake_000_R_13-08-57,img15899.png,/data/disk2/home/tony/demo1/model/cheese3d_demo_model/backend/cheese3d_demo_model-houlab-2025-05-28/labeled-data/20231214_B20_long-anes_awake_000_R_13-08-57/img15899.png,/data/disk2/home/tony/demo1/model/cheese3d_demo_model/backend/cheese3d_demo_model-houlab-2025-05-28/labeled-data/20231214_B20_long-anes_awake_000_R_13-08-57/CollectedData_houlab.h5,16,28
Q0927,2,20231214_B20_long-anes_awake_000_R_13-08-57,img18305.png,/data/disk2/home/tony/demo1/model/cheese3d_demo_model/backend/cheese3d_demo_model-houlab-2025-05-28/labeled-data/20231214_B20_long-anes_awake_000_R_13-08-57/img18305.png,/data/disk2/home/tony/demo1/model/cheese3d_demo_model/backend/cheese3d_demo_model-houlab-2025-05-28/labeled-data/20231214_B20_long-anes_awake_000_R_13-08-57/CollectedData_houlab.h5,15,28
Q0928,2,20231214_B20_long-anes_awake_000_TC_13-08-57,img02187.png,/data/disk2/home/tony/demo1/model/cheese3d_demo_model/backend/cheese3d_demo_model-houlab-2025-05-28/labeled-data/20231214_B20_long-anes_awake_000_TC_13-08-57/img02187.png,/data/disk2/home/tony/demo1/model/cheese3d_demo_model/backend/cheese3d_demo_model-houlab-2025-05-28/labeled-data/20231214_B20_long-anes_awake_000_TC_13-08-57/CollectedData_houlab.h5,10,28
Q0929,2,20231214_B20_long-anes_awake_000_TC_13-08-57,img04338.png,/data/disk2/home/tony/demo1/model/cheese3d_demo_model/backend/cheese3d_demo_model-houlab-2025-05-28/labeled-data/20231214_B20_long-anes_awake_000_TC_13-08-57/img04338.png,/data/disk2/home/tony/demo1/model/cheese3d_demo_model/backend/cheese3d_demo_model-houlab-2025-05-28/labeled-data/20231214_B20_long-anes_awake_000_TC_13-08-57/CollectedData_houlab.h5,10,28
Q0930,2,20231214_B20_long-anes_awake_000_TC_13-08-57,img09837.png,/data/disk2/home/tony/demo1/model/cheese3d_demo_model/backend/cheese3d_demo_model-houlab-2025-05-28/labeled-data/20231214_B20_long-anes_awake_000_TC_13-08-57/img09837.png,/data/disk2/home/tony/demo1/model/cheese3d_demo_model/backend/cheese3d_demo_model-houlab-2025-05-28/labeled-data/20231214_B20_long-anes_awake_000_TC_13-08-57/CollectedData_houlab.h5,10,28
Q0931,2,20231214_B20_long-anes_awake_000_TC_13-08-57,img19256.png,/data/disk2/home/tony/demo1/model/cheese3d_demo_model/backend/cheese3d_demo_model-houlab-2025-05-28/labeled-data/20231214_B20_long-anes_awake_000_TC_13-08-57/img19256.png,/data/disk2/home/tony/demo1/model/cheese3d_demo_model/backend/cheese3d_demo_model-houlab-2025-05-28/labeled-data/20231214_B20_long-anes_awake_000_TC_13-08-57/CollectedData_houlab.h5,10,28
Q0932,2,20231214_B20_long-anes_awake_000_TC_13-08-57,img24876.png,/data/disk2/home/tony/demo1/model/cheese3d_demo_model/backend/cheese3d_demo_model-houlab-2025-05-28/labeled-data/20231214_B20_long-anes_awake_000_TC_13-08-57/img24876.png,/data/disk2/home/tony/demo1/model/cheese3d_demo_model/backend/cheese3d_demo_model-houlab-2025-05-28/labeled-data/20231214_B20_long-anes_awake_000_TC_13-08-57/CollectedData_houlab.h5,10,28
Q0933,2,20231214_B20_long-anes_awake_000_TL_13-08-57,img02108.png,/data/disk2/home/tony/demo1/model/cheese3d_demo_model/backend/cheese3d_demo_model-houlab-2025-05-28/labeled-data/20231214_B20_long-anes_awake_000_TL_13-08-57/img02108.png,/data/disk2/home/tony/demo1/model/cheese3d_demo_model/backend/cheese3d_demo_model-houlab-2025-05-28/labeled-data/20231214_B20_long-anes_awake_000_TL_13-08-57/CollectedData_houlab.h5,12,28
Q0934,2,20231214_B20_long-anes_awake_000_TL_13-08-57,img02662.png,/data/disk2/home/tony/demo1/model/cheese3d_demo_model/backend/cheese3d_demo_model-houlab-2025-05-28/labeled-data/20231214_B20_long-anes_awake_000_TL_13-08-57/img02662.png,/data/disk2/home/tony/demo1/model/cheese3d_demo_model/backend/cheese3d_demo_model-houlab-2025-05-28/labeled-data/20231214_B20_long-anes_awake_000_TL_13-08-57/CollectedData_houlab.h5,12,28
Q0935,2,20231214_B20_long-anes_awake_000_TL_13-08-57,img04040.png,/data/disk2/home/tony/demo1/model/cheese3d_demo_model/backend/cheese3d_demo_model-houlab-2025-05-28/labeled-data/20231214_B20_long-anes_awake_000_TL_13-08-57/img04040.png,/data/disk2/home/tony/demo1/model/cheese3d_demo_model/backend/cheese3d_demo_model-houlab-2025-05-28/labeled-data/20231214_B20_long-anes_awake_000_TL_13-08-57/CollectedData_houlab.h5,12,28
Q0936,2,20231214_B20_long-anes_awake_000_TL_13-08-57,img17581.png,/data/disk2/home/tony/demo1/model/cheese3d_demo_model/backend/cheese3d_demo_model-houlab-2025-05-28/labeled-data/20231214_B20_long-anes_awake_000_TL_13-08-57/img17581.png,/data/disk2/home/tony/demo1/model/cheese3d_demo_model/backend/cheese3d_demo_model-houlab-2025-05-28/labeled-data/20231214_B20_long-anes_awake_000_TL_13-08-57/CollectedData_houlab.h5,12,28
Q0937,2,20231214_B20_long-anes_awake_000_TL_13-08-57,img22828.png,/data/disk2/home/tony/demo1/model/cheese3d_demo_model/backend/cheese3d_demo_model-houlab-2025-05-28/labeled-data/20231214_B20_long-anes_awake_000_TL_13-08-57/img22828.png,/data/disk2/home/tony/demo1/model/cheese3d_demo_model/backend/cheese3d_demo_model-houlab-2025-05-28/labeled-data/20231214_B20_long-anes_awake_000_TL_13-08-57/CollectedData_houlab.h5,12,28
Q0938,2,20231214_B20_long-anes_awake_000_TR_13-08-57,img03528.png,/data/disk2/home/tony/demo1/model/cheese3d_demo_model/backend/cheese3d_demo_model-houlab-2025-05-28/labeled-data/20231214_B20_long-anes_awake_000_TR_13-08-57/img03528.png,/data/disk2/home/tony/demo1/model/cheese3d_demo_model/backend/cheese3d_demo_model-houlab-2025-05-28/labeled-data/20231214_B20_long-anes_awake_000_TR_13-08-57/CollectedData_houlab.h5,10,28
Q0939,2,20231214_B20_long-anes_awake_000_TR_13-08-57,img04443.png,/data/disk2/home/tony/demo1/model/cheese3d_demo_model/backend/cheese3d_demo_model-houlab-2025-05-28/labeled-data/20231214_B20_long-anes_awake_000_TR_13-08-57/img04443.png,/data/disk2/home/tony/demo1/model/cheese3d_demo_model/backend/cheese3d_demo_model-houlab-2025-05-28/labeled-data/20231214_B20_long-anes_awake_000_TR_13-08-57/CollectedData_houlab.h5,11,28
Q0940,2,20231214_B20_long-anes_awake_000_TR_13-08-57,img04834.png,/data/disk2/home/tony/demo1/model/cheese3d_demo_model/backend/cheese3d_demo_model-houlab-2025-05-28/labeled-data/20231214_B20_long-anes_awake_000_TR_13-08-57/img04834.png,/data/disk2/home/tony/demo1/model/cheese3d_demo_model/backend/cheese3d_demo_model-houlab-2025-05-28/labeled-data/20231214_B20_long-anes_awake_000_TR_13-08-57/CollectedData_houlab.h5,10,28
Q0941,2,20231214_B20_long-anes_awake_000_TR_13-08-57,img13497.png,/data/disk2/home/tony/demo1/model/cheese3d_demo_model/backend/cheese3d_demo_model-houlab-2025-05-28/labeled-data/20231214_B20_long-anes_awake_000_TR_13-08-57/img13497.png,/data/disk2/home/tony/demo1/model/cheese3d_demo_model/backend/cheese3d_demo_model-houlab-2025-05-28/labeled-data/20231214_B20_long-anes_awake_000_TR_13-08-57/CollectedData_houlab.h5,11,28
Q0942,2,20231214_B20_long-anes_awake_000_TR_13-08-57,img14403.png,/data/disk2/home/tony/demo1/model/cheese3d_demo_model/backend/cheese3d_demo_model-houlab-2025-05-28/labeled-data/20231214_B20_long-anes_awake_000_TR_13-08-57/img14403.png,/data/disk2/home/tony/demo1/model/cheese3d_demo_model/backend/cheese3d_demo_model-houlab-2025-05-28/labeled-data/20231214_B20_long-anes_awake_000_TR_13-08-57/CollectedData_houlab.h5,11,28
Q0943,2,20231215_B26_long-anes_awake_000_BC_09-50-34,img00047.png,/data/disk2/home/tony/demo1/model/cheese3d_demo_model/backend/cheese3d_demo_model-houlab-2025-05-28/labeled-data/20231215_B26_long-anes_awake_000_BC_09-50-34/img00047.png,/data/disk2/home/tony/demo1/model/cheese3d_demo_model/backend/cheese3d_demo_model-houlab-2025-05-28/labeled-data/20231215_B26_long-anes_awake_000_BC_09-50-34/CollectedData_houlab.h5,9,28
Q0944,2,20231215_B26_long-anes_awake_000_BC_09-50-34,img00096.png,/data/disk2/home/tony/demo1/model/cheese3d_demo_model/backend/cheese3d_demo_model-houlab-2025-05-28/labeled-data/20231215_B26_long-anes_awake_000_BC_09-50-34/img00096.png,/data/disk2/home/tony/demo1/model/cheese3d_demo_model/backend/cheese3d_demo_model-houlab-2025-05-28/labeled-data/20231215_B26_long-anes_awake_000_BC_09-50-34/CollectedData_houlab.h5,9,28
Q0945,2,20231215_B26_long-anes_awake_000_BC_09-50-34,img01832.png,/data/disk2/home/tony/demo1/model/cheese3d_demo_model/backend/cheese3d_demo_model-houlab-2025-05-28/labeled-data/20231215_B26_long-anes_awake_000_BC_09-50-34/img01832.png,/data/disk2/home/tony/demo1/model/cheese3d_demo_model/backend/cheese3d_demo_model-houlab-2025-05-28/labeled-data/20231215_B26_long-anes_awake_000_BC_09-50-34/CollectedData_houlab.h5,9,28
Q0946,2,20231215_B26_long-anes_awake_000_BC_09-50-34,img17465.png,/data/disk2/home/tony/demo1/model/cheese3d_demo_model/backend/cheese3d_demo_model-houlab-2025-05-28/labeled-data/20231215_B26_long-anes_awake_000_BC_09-50-34/img17465.png,/data/disk2/home/tony/demo1/model/cheese3d_demo_model/backend/cheese3d_demo_model-houlab-2025-05-28/labeled-data/20231215_B26_long-anes_awake_000_BC_09-50-34/CollectedData_houlab.h5,9,28
Q0947,2,20231215_B26_long-anes_awake_000_BC_09-50-34,img29577.png,/data/disk2/home/tony/demo1/model/cheese3d_demo_model/backend/cheese3d_demo_model-houlab-2025-05-28/labeled-data/20231215_B26_long-anes_awake_000_BC_09-50-34/img29577.png,/data/disk2/home/tony/demo1/model/cheese3d_demo_model/backend/cheese3d_demo_model-houlab-2025-05-28/labeled-data/20231215_B26_long-anes_awake_000_BC_09-50-34/CollectedData_houlab.h5,9,28
Q0948,2,20231215_B26_long-anes_awake_000_L_09-50-34,img00065.png,/data/disk2/home/tony/demo1/model/cheese3d_demo_model/backend/cheese3d_demo_model-houlab-2025-05-28/labeled-data/20231215_B26_long-anes_awake_000_L_09-50-34/img00065.png,/data/disk2/home/tony/demo1/model/cheese3d_demo_model/backend/cheese3d_demo_model-houlab-2025-05-28/labeled-data/20231215_B26_long-anes_awake_000_L_09-50-34/CollectedData_houlab.h5,17,28
Q0949,2,20231215_B26_long-anes_awake_000_L_09-50-34,img00090.png,/data/disk2/home/tony/demo1/model/cheese3d_demo_model/backend/cheese3d_demo_model-houlab-2025-05-28/labeled-data/20231215_B26_long-anes_awake_000_L_09-50-34/img00090.png,/data/disk2/home/tony/demo1/model/cheese3d_demo_model/backend/cheese3d_demo_model-houlab-2025-05-28/labeled-data/20231215_B26_long-anes_awake_000_L_09-50-34/CollectedData_houlab.h5,17,28
Q0950,2,20231215_B26_long-anes_awake_000_L_09-50-34,img08821.png,/data/disk2/home/tony/demo1/model/cheese3d_demo_model/backend/cheese3d_demo_model-houlab-2025-05-28/labeled-data/20231215_B26_long-anes_awake_000_L_09-50-34/img08821.png,/data/disk2/home/tony/demo1/model/cheese3d_demo_model/backend/cheese3d_demo_model-houlab-2025-05-28/labeled-data/20231215_B26_long-anes_awake_000_L_09-50-34/CollectedData_houlab.h5,16,28
Q0951,2,20231215_B26_long-anes_awake_000_L_09-50-34,img11304.png,/data/disk2/home/tony/demo1/model/cheese3d_demo_model/backend/cheese3d_demo_model-houlab-2025-05-28/labeled-data/20231215_B26_long-anes_awake_000_L_09-50-34/img11304.png,/data/disk2/home/tony/demo1/model/cheese3d_demo_model/backend/cheese3d_demo_model-houlab-2025-05-28/labeled-data/20231215_B26_long-anes_awake_000_L_09-50-34/CollectedData_houlab.h5,17,28
Q0952,2,20231215_B26_long-anes_awake_000_L_09-50-34,img31865.png,/data/disk2/home/tony/demo1/model/cheese3d_demo_model/backend/cheese3d_demo_model-houlab-2025-05-28/labeled-data/20231215_B26_long-anes_awake_000_L_09-50-34/img31865.png,/data/disk2/home/tony/demo1/model/cheese3d_demo_model/backend/cheese3d_demo_model-houlab-2025-05-28/labeled-data/20231215_B26_long-anes_awake_000_L_09-50-34/CollectedData_houlab.h5,17,28
Q0953,2,20231215_B26_long-anes_awake_000_R_09-50-34,img00085.png,/data/disk2/home/tony/demo1/model/cheese3d_demo_model/backend/cheese3d_demo_model-houlab-2025-05-28/labeled-data/20231215_B26_long-anes_awake_000_R_09-50-34/img00085.png,/data/disk2/home/tony/demo1/model/cheese3d_demo_model/backend/cheese3d_demo_model-houlab-2025-05-28/labeled-data/20231215_B26_long-anes_awake_000_R_09-50-34/CollectedData_houlab.h5,17,28
Q0954,2,20231215_B26_long-anes_awake_000_R_09-50-34,img28225.png,/data/disk2/home/tony/demo1/model/cheese3d_demo_model/backend/cheese3d_demo_model-houlab-2025-05-28/labeled-data/20231215_B26_long-anes_awake_000_R_09-50-34/img28225.png,/data/disk2/home/tony/demo1/model/cheese3d_demo_model/backend/cheese3d_demo_model-houlab-2025-05-28/labeled-data/20231215_B26_long-anes_awake_000_R_09-50-34/CollectedData_houlab.h5,16,28
Q0955,2,20231215_B26_long-anes_awake_000_R_09-50-34,img28265.png,/data/disk2/home/tony/demo1/model/cheese3d_demo_model/backend/cheese3d_demo_model-houlab-2025-05-28/labeled-data/20231215_B26_long-anes_awake_000_R_09-50-34/img28265.png,/data/disk2/home/tony/demo1/model/cheese3d_demo_model/backend/cheese3d_demo_model-houlab-2025-05-28/labeled-data/20231215_B26_long-anes_awake_000_R_09-50-34/CollectedData_houlab.h5,17,28
Q0956,2,20231215_B26_long-anes_awake_000_R_09-50-34,img28481.png,/data/disk2/home/tony/demo1/model/cheese3d_demo_model/backend/cheese3d_demo_model-houlab-2025-05-28/labeled-data/20231215_B26_long-anes_awake_000_R_09-50-34/img28481.png,/data/disk2/home/tony/demo1/model/cheese3d_demo_model/backend/cheese3d_demo_model-houlab-2025-05-28/labeled-data/20231215_B26_long-anes_awake_000_R_09-50-34/CollectedData_houlab.h5,15,28
Q0957,2,20231215_B26_long-anes_awake_000_R_09-50-34,img31870.png,/data/disk2/home/tony/demo1/model/cheese3d_demo_model/backend/cheese3d_demo_model-houlab-2025-05-28/labeled-data/20231215_B26_long-anes_awake_000_R_09-50-34/img31870.png,/data/disk2/home/tony/demo1/model/cheese3d_demo_model/backend/cheese3d_demo_model-houlab-2025-05-28/labeled-data/20231215_B26_long-anes_awake_000_R_09-50-34/CollectedData_houlab.h5,17,28
Q0958,2,20231215_B26_long-anes_awake_000_TC_09-50-34,img05827.png,/data/disk2/home/tony/demo1/model/cheese3d_demo_model/backend/cheese3d_demo_model-houlab-2025-05-28/labeled-data/20231215_B26_long-anes_awake_000_TC_09-50-34/img05827.png,/data/disk2/home/tony/demo1/model/cheese3d_demo_model/backend/cheese3d_demo_model-houlab-2025-05-28/labeled-data/20231215_B26_long-anes_awake_000_TC_09-50-34/CollectedData_houlab.h5,10,28
Q0959,2,20231215_B26_long-anes_awake_000_TC_09-50-34,img08259.png,/data/disk2/home/tony/demo1/model/cheese3d_demo_model/backend/cheese3d_demo_model-houlab-2025-05-28/labeled-data/20231215_B26_long-anes_awake_000_TC_09-50-34/img08259.png,/data/disk2/home/tony/demo1/model/cheese3d_demo_model/backend/cheese3d_demo_model-houlab-2025-05-28/labeled-data/20231215_B26_long-anes_awake_000_TC_09-50-34/CollectedData_houlab.h5,10,28
Q0960,2,20231215_B26_long-anes_awake_000_TC_09-50-34,img17531.png,/data/disk2/home/tony/demo1/model/cheese3d_demo_model/backend/cheese3d_demo_model-houlab-2025-05-28/labeled-data/20231215_B26_long-anes_awake_000_TC_09-50-34/img17531.png,/data/disk2/home/tony/demo1/model/cheese3d_demo_model/backend/cheese3d_demo_model-houlab-2025-05-28/labeled-data/20231215_B26_long-anes_awake_000_TC_09-50-34/CollectedData_houlab.h5,10,28
Q0961,2,20231215_B26_long-anes_awake_000_TC_09-50-34,img29451.png,/data/disk2/home/tony/demo1/model/cheese3d_demo_model/backend/cheese3d_demo_model-houlab-2025-05-28/labeled-data/20231215_B26_long-anes_awake_000_TC_09-50-34/img29451.png,/data/disk2/home/tony/demo1/model/cheese3d_demo_model/backend/cheese3d_demo_model-houlab-2025-05-28/labeled-data/20231215_B26_long-anes_awake_000_TC_09-50-34/CollectedData_houlab.h5,10,28
Q0962,2,20231215_B26_long-anes_awake_000_TC_09-50-34,img30291.png,/data/disk2/home/tony/demo1/model/cheese3d_demo_model/backend/cheese3d_demo_model-houlab-2025-05-28/labeled-data/20231215_B26_long-anes_awake_000_TC_09-50-34/img30291.png,/data/disk2/home/tony/demo1/model/cheese3d_demo_model/backend/cheese3d_demo_model-houlab-2025-05-28/labeled-data/20231215_B26_long-anes_awake_000_TC_09-50-34/CollectedData_houlab.h5,10,28
Q0963,2,20231215_B26_long-anes_awake_000_TL_09-50-34,img00074.png,/data/disk2/home/tony/demo1/model/cheese3d_demo_model/backend/cheese3d_demo_model-houlab-2025-05-28/labeled-data/20231215_B26_long-anes_awake_000_TL_09-50-34/img00074.png,/data/disk2/home/tony/demo1/model/cheese3d_demo_model/backend/cheese3d_demo_model-houlab-2025-05-28/labeled-data/20231215_B26_long-anes_awake_000_TL_09-50-34/CollectedData_houlab.h5,12,28
Q0964,2,20231215_B26_long-anes_awake_000_TL_09-50-34,img28198.png,/data/disk2/home/tony/demo1/model/cheese3d_demo_model/backend/cheese3d_demo_model-houlab-2025-05-28/labeled-data/20231215_B26_long-anes_awake_000_TL_09-50-34/img28198.png,/data/disk2/home/tony/demo1/model/cheese3d_demo_model/backend/cheese3d_demo_model-houlab-2025-05-28/labeled-data/20231215_B26_long-anes_awake_000_TL_09-50-34/CollectedData_houlab.h5,12,28
Q0965,2,20231215_B26_long-anes_awake_000_TL_09-50-34,img28457.png,/data/disk2/home/tony/demo1/model/cheese3d_demo_model/backend/cheese3d_demo_model-houlab-2025-05-28/labeled-data/20231215_B26_long-anes_awake_000_TL_09-50-34/img28457.png,/data/disk2/home/tony/demo1/model/cheese3d_demo_model/backend/cheese3d_demo_model-houlab-2025-05-28/labeled-data/20231215_B26_long-anes_awake_000_TL_09-50-34/CollectedData_houlab.h5,12,28
Q0966,2,20231215_B26_long-anes_awake_000_TL_09-50-34,img28478.png,/data/disk2/home/tony/demo1/model/cheese3d_demo_model/backend/cheese3d_demo_model-houlab-2025-05-28/labeled-data/20231215_B26_long-anes_awake_000_TL_09-50-34/img28478.png,/data/disk2/home/tony/demo1/model/cheese3d_demo_model/backend/cheese3d_demo_model-houlab-2025-05-28/labeled-data/20231215_B26_long-anes_awake_000_TL_09-50-34/CollectedData_houlab.h5,12,28
Q0967,2,20231215_B26_long-anes_awake_000_TL_09-50-34,img31806.png,/data/disk2/home/tony/demo1/model/cheese3d_demo_model/backend/cheese3d_demo_model-houlab-2025-05-28/labeled-data/20231215_B26_long-anes_awake_000_TL_09-50-34/img31806.png,/data/disk2/home/tony/demo1/model/cheese3d_demo_model/backend/cheese3d_demo_model-houlab-2025-05-28/labeled-data/20231215_B26_long-anes_awake_000_TL_09-50-34/CollectedData_houlab.h5,12,28
Q0968,2,20231215_B26_long-anes_awake_000_TR_09-50-34,img14929.png,/data/disk2/home/tony/demo1/model/cheese3d_demo_model/backend/cheese3d_demo_model-houlab-2025-05-28/labeled-data/20231215_B26_long-anes_awake_000_TR_09-50-34/img14929.png,/data/disk2/home/tony/demo1/model/cheese3d_demo_model/backend/cheese3d_demo_model-houlab-2025-05-28/labeled-data/20231215_B26_long-anes_awake_000_TR_09-50-34/CollectedData_houlab.h5,12,28
Q0969,2,20231215_B26_long-anes_awake_000_TR_09-50-34,img17350.png,/data/disk2/home/tony/demo1/model/cheese3d_demo_model/backend/cheese3d_demo_model-houlab-2025-05-28/labeled-data/20231215_B26_long-anes_awake_000_TR_09-50-34/img17350.png,/data/disk2/home/tony/demo1/model/cheese3d_demo_model/backend/cheese3d_demo_model-houlab-2025-05-28/labeled-data/20231215_B26_long-anes_awake_000_TR_09-50-34/CollectedData_houlab.h5,12,28
Q0970,2,20231215_B26_long-anes_awake_000_TR_09-50-34,img18534.png,/data/disk2/home/tony/demo1/model/cheese3d_demo_model/backend/cheese3d_demo_model-houlab-2025-05-28/labeled-data/20231215_B26_long-anes_awake_000_TR_09-50-34/img18534.png,/data/disk2/home/tony/demo1/model/cheese3d_demo_model/backend/cheese3d_demo_model-houlab-2025-05-28/labeled-data/20231215_B26_long-anes_awake_000_TR_09-50-34/CollectedData_houlab.h5,12,28
Q0971,2,20231215_B26_long-anes_awake_000_TR_09-50-34,img20886.png,/data/disk2/home/tony/demo1/model/cheese3d_demo_model/backend/cheese3d_demo_model-houlab-2025-05-28/labeled-data/20231215_B26_long-anes_awake_000_TR_09-50-34/img20886.png,/data/disk2/home/tony/demo1/model/cheese3d_demo_model/backend/cheese3d_demo_model-houlab-2025-05-28/labeled-data/20231215_B26_long-anes_awake_000_TR_09-50-34/CollectedData_houlab.h5,12,28
Q0972,2,20231215_B26_long-anes_awake_000_TR_09-50-34,img24636.png,/data/disk2/home/tony/demo1/model/cheese3d_demo_model/backend/cheese3d_demo_model-houlab-2025-05-28/labeled-data/20231215_B26_long-anes_awake_000_TR_09-50-34/img24636.png,/data/disk2/home/tony/demo1/model/cheese3d_demo_model/backend/cheese3d_demo_model-houlab-2025-05-28/labeled-data/20231215_B26_long-anes_awake_000_TR_09-50-34/CollectedData_houlab.h5,12,28
Q0973,2,20240326_R17_rec_anes_004_BC_17-03-46,img000271.png,/data/disk2/home/tony/demo1/model/cheese3d_demo_model/backend/cheese3d_demo_model-houlab-2025-05-28/labeled-data/20240326_R17_rec_anes_004_BC_17-03-46/img000271.png,/data/disk2/home/tony/demo1/model/cheese3d_demo_model/backend/cheese3d_demo_model-houlab-2025-05-28/labeled-data/20240326_R17_rec_anes_004_BC_17-03-46/CollectedData_houlab.h5,11,28
Q0974,2,20240326_R17_rec_anes_004_BC_17-03-46,img014363.png,/data/disk2/home/tony/demo1/model/cheese3d_demo_model/backend/cheese3d_demo_model-houlab-2025-05-28/labeled-data/20240326_R17_rec_anes_004_BC_17-03-46/img014363.png,/data/disk2/home/tony/demo1/model/cheese3d_demo_model/backend/cheese3d_demo_model-houlab-2025-05-28/labeled-data/20240326_R17_rec_anes_004_BC_17-03-46/CollectedData_houlab.h5,11,28
Q0975,2,20240326_R17_rec_anes_004_BC_17-03-46,img034574.png,/data/disk2/home/tony/demo1/model/cheese3d_demo_model/backend/cheese3d_demo_model-houlab-2025-05-28/labeled-data/20240326_R17_rec_anes_004_BC_17-03-46/img034574.png,/data/disk2/home/tony/demo1/model/cheese3d_demo_model/backend/cheese3d_demo_model-houlab-2025-05-28/labeled-data/20240326_R17_rec_anes_004_BC_17-03-46/CollectedData_houlab.h5,11,28
Q0976,2,20240326_R17_rec_anes_004_BC_17-03-46,img036370.png,/data/disk2/home/tony/demo1/model/cheese3d_demo_model/backend/cheese3d_demo_model-houlab-2025-05-28/labeled-data/20240326_R17_rec_anes_004_BC_17-03-46/img036370.png,/data/disk2/home/tony/demo1/model/cheese3d_demo_model/backend/cheese3d_demo_model-houlab-2025-05-28/labeled-data/20240326_R17_rec_anes_004_BC_17-03-46/CollectedData_houlab.h5,11,28
Q0977,2,20240326_R17_rec_anes_004_BC_17-03-46,img042597.png,/data/disk2/home/tony/demo1/model/cheese3d_demo_model/backend/cheese3d_demo_model-houlab-2025-05-28/labeled-data/20240326_R17_rec_anes_004_BC_17-03-46/img042597.png,/data/disk2/home/tony/demo1/model/cheese3d_demo_model/backend/cheese3d_demo_model-houlab-2025-05-28/labeled-data/20240326_R17_rec_anes_004_BC_17-03-46/CollectedData_houlab.h5,11,28
Q0978,2,20240326_R17_rec_anes_004_BC_17-03-46,img049790.png,/data/disk2/home/tony/demo1/model/cheese3d_demo_model/backend/cheese3d_demo_model-houlab-2025-05-28/labeled-data/20240326_R17_rec_anes_004_BC_17-03-46/img049790.png,/data/disk2/home/tony/demo1/model/cheese3d_demo_model/backend/cheese3d_demo_model-houlab-2025-05-28/labeled-data/20240326_R17_rec_anes_004_BC_17-03-46/CollectedData_houlab.h5,11,28
Q0979,2,20240326_R17_rec_anes_004_BC_17-03-46,img053847.png,/data/disk2/home/tony/demo1/model/cheese3d_demo_model/backend/cheese3d_demo_model-houlab-2025-05-28/labeled-data/20240326_R17_rec_anes_004_BC_17-03-46/img053847.png,/data/disk2/home/tony/demo1/model/cheese3d_demo_model/backend/cheese3d_demo_model-houlab-2025-05-28/labeled-data/20240326_R17_rec_anes_004_BC_17-03-46/CollectedData_houlab.h5,11,28
Q0980,2,20240326_R17_rec_anes_004_BC_17-03-46,img081308.png,/data/disk2/home/tony/demo1/model/cheese3d_demo_model/backend/cheese3d_demo_model-houlab-2025-05-28/labeled-data/20240326_R17_rec_anes_004_BC_17-03-46/img081308.png,/data/disk2/home/tony/demo1/model/cheese3d_demo_model/backend/cheese3d_demo_model-houlab-2025-05-28/labeled-data/20240326_R17_rec_anes_004_BC_17-03-46/CollectedData_houlab.h5,11,28
Q0981,2,20240326_R17_rec_anes_004_BC_17-03-46,img084514.png,/data/disk2/home/tony/demo1/model/cheese3d_demo_model/backend/cheese3d_demo_model-houlab-2025-05-28/labeled-data/20240326_R17_rec_anes_004_BC_17-03-46/img084514.png,/data/disk2/home/tony/demo1/model/cheese3d_demo_model/backend/cheese3d_demo_model-houlab-2025-05-28/labeled-data/20240326_R17_rec_anes_004_BC_17-03-46/CollectedData_houlab.h5,11,28
Q0982,2,20240326_R17_rec_anes_004_BC_17-03-46,img101681.png,/data/disk2/home/tony/demo1/model/cheese3d_demo_model/backend/cheese3d_demo_model-houlab-2025-05-28/labeled-data/20240326_R17_rec_anes_004_BC_17-03-46/img101681.png,/data/disk2/home/tony/demo1/model/cheese3d_demo_model/backend/cheese3d_demo_model-houlab-2025-05-28/labeled-data/20240326_R17_rec_anes_004_BC_17-03-46/CollectedData_houlab.h5,11,28
Q0983,2,20240326_R17_rec_anes_004_BC_17-03-46,img106242.png,/data/disk2/home/tony/demo1/model/cheese3d_demo_model/backend/cheese3d_demo_model-houlab-2025-05-28/labeled-data/20240326_R17_rec_anes_004_BC_17-03-46/img106242.png,/data/disk2/home/tony/demo1/model/cheese3d_demo_model/backend/cheese3d_demo_model-houlab-2025-05-28/labeled-data/20240326_R17_rec_anes_004_BC_17-03-46/CollectedData_houlab.h5,11,28
Q0984,2,20240326_R17_rec_anes_004_BC_17-03-46,img107870.png,/data/disk2/home/tony/demo1/model/cheese3d_demo_model/backend/cheese3d_demo_model-houlab-2025-05-28/labeled-data/20240326_R17_rec_anes_004_BC_17-03-46/img107870.png,/data/disk2/home/tony/demo1/model/cheese3d_demo_model/backend/cheese3d_demo_model-houlab-2025-05-28/labeled-data/20240326_R17_rec_anes_004_BC_17-03-46/CollectedData_houlab.h5,11,28
Q0985,2,20240326_R17_rec_anes_004_L_17-03-46,img011329.png,/data/disk2/home/tony/demo1/model/cheese3d_demo_model/backend/cheese3d_demo_model-houlab-2025-05-28/labeled-data/20240326_R17_rec_anes_004_L_17-03-46/img011329.png,/data/disk2/home/tony/demo1/model/cheese3d_demo_model/backend/cheese3d_demo_model-houlab-2025-05-28/labeled-data/20240326_R17_rec_anes_004_L_17-03-46/CollectedData_houlab.h5,16,28
Q0986,2,20240326_R17_rec_anes_004_L_17-03-46,img016854.png,/data/disk2/home/tony/demo1/model/cheese3d_demo_model/backend/cheese3d_demo_model-houlab-2025-05-28/labeled-data/20240326_R17_rec_anes_004_L_17-03-46/img016854.png,/data/disk2/home/tony/demo1/model/cheese3d_demo_model/backend/cheese3d_demo_model-houlab-2025-05-28/labeled-data/20240326_R17_rec_anes_004_L_17-03-46/CollectedData_houlab.h5,16,28
Q0987,2,20240326_R17_rec_anes_004_L_17-03-46,img022588.png,/data/disk2/home/tony/demo1/model/cheese3d_demo_model/backend/cheese3d_demo_model-houlab-2025-05-28/labeled-data/20240326_R17_rec_anes_004_L_17-03-46/img022588.png,/data/disk2/home/tony/demo1/model/cheese3d_demo_model/backend/cheese3d_demo_model-houlab-2025-05-28/labeled-data/20240326_R17_rec_anes_004_L_17-03-46/CollectedData_houlab.h5,16,28
Q0988,2,20240326_R17_rec_anes_004_L_17-03-46,img040673.png,/data/disk2/home/tony/demo1/model/cheese3d_demo_model/backend/cheese3d_demo_model-houlab-2025-05-28/labeled-data/20240326_R17_rec_anes_004_L_17-03-46/img040673.png,/data/disk2/home/tony/demo1/model/cheese3d_demo_model/backend/cheese3d_demo_model-houlab-2025-05-28/labeled-data/20240326_R17_rec_anes_004_L_17-03-46/CollectedData_houlab.h5,16,28
Q0989,2,20240326_R17_rec_anes_004_L_17-03-46,img045378.png,/data/disk2/home/tony/demo1/model/cheese3d_demo_model/backend/cheese3d_demo_model-houlab-2025-05-28/labeled-data/20240326_R17_rec_anes_004_L_17-03-46/img045378.png,/data/disk2/home/tony/demo1/model/cheese3d_demo_model/backend/cheese3d_demo_model-houlab-2025-05-28/labeled-data/20240326_R17_rec_anes_004_L_17-03-46/CollectedData_houlab.h5,16,28
Q0990,2,20240326_R17_rec_anes_004_L_17-03-46,img058867.png,/data/disk2/home/tony/demo1/model/cheese3d_demo_model/backend/cheese3d_demo_model-houlab-2025-05-28/labeled-data/20240326_R17_rec_anes_004_L_17-03-46/img058867.png,/data/disk2/home/tony/demo1/model/cheese3d_demo_model/backend/cheese3d_demo_model-houlab-2025-05-28/labeled-data/20240326_R17_rec_anes_004_L_17-03-46/CollectedData_houlab.h5,16,28
Q0991,2,20240326_R17_rec_anes_004_L_17-03-46,img068807.png,/data/disk2/home/tony/demo1/model/cheese3d_demo_model/backend/cheese3d_demo_model-houlab-2025-05-28/labeled-data/20240326_R17_rec_anes_004_L_17-03-46/img068807.png,/data/disk2/home/tony/demo1/model/cheese3d_demo_model/backend/cheese3d_demo_model-houlab-2025-05-28/labeled-data/20240326_R17_rec_anes_004_L_17-03-46/CollectedData_houlab.h5,16,28
Q0992,2,20240326_R17_rec_anes_004_L_17-03-46,img075976.png,/data/disk2/home/tony/demo1/model/cheese3d_demo_model/backend/cheese3d_demo_model-houlab-2025-05-28/labeled-data/20240326_R17_rec_anes_004_L_17-03-46/img075976.png,/data/disk2/home/tony/demo1/model/cheese3d_demo_model/backend/cheese3d_demo_model-houlab-2025-05-28/labeled-data/20240326_R17_rec_anes_004_L_17-03-46/CollectedData_houlab.h5,16,28
Q0993,2,20240326_R17_rec_anes_004_L_17-03-46,img087085.png,/data/disk2/home/tony/demo1/model/cheese3d_demo_model/backend/cheese3d_demo_model-houlab-2025-05-28/labeled-data/20240326_R17_rec_anes_004_L_17-03-46/img087085.png,/data/disk2/home/tony/demo1/model/cheese3d_demo_model/backend/cheese3d_demo_model-houlab-2025-05-28/labeled-data/20240326_R17_rec_anes_004_L_17-03-46/CollectedData_houlab.h5,16,28
Q0994,2,20240326_R17_rec_anes_004_L_17-03-46,img099140.png,/data/disk2/home/tony/demo1/model/cheese3d_demo_model/backend/cheese3d_demo_model-houlab-2025-05-28/labeled-data/20240326_R17_rec_anes_004_L_17-03-46/img099140.png,/data/disk2/home/tony/demo1/model/cheese3d_demo_model/backend/cheese3d_demo_model-houlab-2025-05-28/labeled-data/20240326_R17_rec_anes_004_L_17-03-46/CollectedData_houlab.h5,16,28
Q0995,2,20240326_R17_rec_anes_004_L_17-03-46,img102198.png,/data/disk2/home/tony/demo1/model/cheese3d_demo_model/backend/cheese3d_demo_model-houlab-2025-05-28/labeled-data/20240326_R17_rec_anes_004_L_17-03-46/img102198.png,/data/disk2/home/tony/demo1/model/cheese3d_demo_model/backend/cheese3d_demo_model-houlab-2025-05-28/labeled-data/20240326_R17_rec_anes_004_L_17-03-46/CollectedData_houlab.h5,16,28
Q0996,2,20240326_R17_rec_anes_004_L_17-03-46,img102814.png,/data/disk2/home/tony/demo1/model/cheese3d_demo_model/backend/cheese3d_demo_model-houlab-2025-05-28/labeled-data/20240326_R17_rec_anes_004_L_17-03-46/img102814.png,/data/disk2/home/tony/demo1/model/cheese3d_demo_model/backend/cheese3d_demo_model-houlab-2025-05-28/labeled-data/20240326_R17_rec_anes_004_L_17-03-46/CollectedData_houlab.h5,16,28
Q0997,2,20240326_R17_rec_anes_004_L_17-03-46,img109241.png,/data/disk2/home/tony/demo1/model/cheese3d_demo_model/backend/cheese3d_demo_model-houlab-2025-05-28/labeled-data/20240326_R17_rec_anes_004_L_17-03-46/img109241.png,/data/disk2/home/tony/demo1/model/cheese3d_demo_model/backend/cheese3d_demo_model-houlab-2025-05-28/labeled-data/20240326_R17_rec_anes_004_L_17-03-46/CollectedData_houlab.h5,16,28
Q0998,2,20240326_R17_rec_anes_004_R_17-03-46,img000002.png,/data/disk2/home/tony/demo1/model/cheese3d_demo_model/backend/cheese3d_demo_model-houlab-2025-05-28/labeled-data/20240326_R17_rec_anes_004_R_17-03-46/img000002.png,/data/disk2/home/tony/demo1/model/cheese3d_demo_model/backend/cheese3d_demo_model-houlab-2025-05-28/labeled-data/20240326_R17_rec_anes_004_R_17-03-46/CollectedData_houlab.h5,16,28
Q0999,2,20240326_R17_rec_anes_004_R_17-03-46,img017018.png,/data/disk2/home/tony/demo1/model/cheese3d_demo_model/backend/cheese3d_demo_model-houlab-2025-05-28/labeled-data/20240326_R17_rec_anes_004_R_17-03-46/img017018.png,/data/disk2/home/tony/demo1/model/cheese3d_demo_model/backend/cheese3d_demo_model-houlab-2025-05-28/labeled-data/20240326_R17_rec_anes_004_R_17-03-46/CollectedData_houlab.h5,16,28
Q1000,2,20240326_R17_rec_anes_004_R_17-03-46,img040203.png,/data/disk2/home/tony/demo1/model/cheese3d_demo_model/backend/cheese3d_demo_model-houlab-2025-05-28/labeled-data/20240326_R17_rec_anes_004_R_17-03-46/img040203.png,/data/disk2/home/tony/demo1/model/cheese3d_demo_model/backend/cheese3d_demo_model-houlab-2025-05-28/labeled-data/20240326_R17_rec_anes_004_R_17-03-46/CollectedData_houlab.h5,16,28
Q1001,2,20240326_R17_rec_anes_004_TC_17-03-46,img000071.png,/data/disk2/home/tony/demo1/model/cheese3d_demo_model/backend/cheese3d_demo_model-houlab-2025-05-28/labeled-data/20240326_R17_rec_anes_004_TC_17-03-46/img000071.png,/data/disk2/home/tony/demo1/model/cheese3d_demo_model/backend/cheese3d_demo_model-houlab-2025-05-28/labeled-data/20240326_R17_rec_anes_004_TC_17-03-46/CollectedData_houlab.h5,12,28
Q1002,2,20240326_R17_rec_anes_004_TC_17-03-46,img086375.png,/data/disk2/home/tony/demo1/model/cheese3d_demo_model/backend/cheese3d_demo_model-houlab-2025-05-28/labeled-data/20240326_R17_rec_anes_004_TC_17-03-46/img086375.png,/data/disk2/home/tony/demo1/model/cheese3d_demo_model/backend/cheese3d_demo_model-houlab-2025-05-28/labeled-data/20240326_R17_rec_anes_004_TC_17-03-46/CollectedData_houlab.h5,12,28
Q1003,2,20240326_R17_rec_anes_004_TC_17-03-46,img096994.png,/data/disk2/home/tony/demo1/model/cheese3d_demo_model/backend/cheese3d_demo_model-houlab-2025-05-28/labeled-data/20240326_R17_rec_anes_004_TC_17-03-46/img096994.png,/data/disk2/home/tony/demo1/model/cheese3d_demo_model/backend/cheese3d_demo_model-houlab-2025-05-28/labeled-data/20240326_R17_rec_anes_004_TC_17-03-46/CollectedData_houlab.h5,12,28
Q1004,2,20240326_R17_rec_anes_004_TL_17-03-46,img002507.png,/data/disk2/home/tony/demo1/model/cheese3d_demo_model/backend/cheese3d_demo_model-houlab-2025-05-28/labeled-data/20240326_R17_rec_anes_004_TL_17-03-46/img002507.png,/data/disk2/home/tony/demo1/model/cheese3d_demo_model/backend/cheese3d_demo_model-houlab-2025-05-28/labeled-data/20240326_R17_rec_anes_004_TL_17-03-46/CollectedData_houlab.h5,12,28
Q1005,2,20240326_R17_rec_anes_004_TL_17-03-46,img046442.png,/data/disk2/home/tony/demo1/model/cheese3d_demo_model/backend/cheese3d_demo_model-houlab-2025-05-28/labeled-data/20240326_R17_rec_anes_004_TL_17-03-46/img046442.png,/data/disk2/home/tony/demo1/model/cheese3d_demo_model/backend/cheese3d_demo_model-houlab-2025-05-28/labeled-data/20240326_R17_rec_anes_004_TL_17-03-46/CollectedData_houlab.h5,12,28
Q1006,2,20240326_R17_rec_anes_004_TL_17-03-46,img112870.png,/data/disk2/home/tony/demo1/model/cheese3d_demo_model/backend/cheese3d_demo_model-houlab-2025-05-28/labeled-data/20240326_R17_rec_anes_004_TL_17-03-46/img112870.png,/data/disk2/home/tony/demo1/model/cheese3d_demo_model/backend/cheese3d_demo_model-houlab-2025-05-28/labeled-data/20240326_R17_rec_anes_004_TL_17-03-46/CollectedData_houlab.h5,12,28
Q1007,2,20240326_R17_rec_anes_004_TR_17-03-46,img003957.png,/data/disk2/home/tony/demo1/model/cheese3d_demo_model/backend/cheese3d_demo_model-houlab-2025-05-28/labeled-data/20240326_R17_rec_anes_004_TR_17-03-46/img003957.png,/data/disk2/home/tony/demo1/model/cheese3d_demo_model/backend/cheese3d_demo_model-houlab-2025-05-28/labeled-data/20240326_R17_rec_anes_004_TR_17-03-46/CollectedData_houlab.h5,12,28
Q1008,2,20240326_R17_rec_anes_004_TR_17-03-46,img111449.png,/data/disk2/home/tony/demo1/model/cheese3d_demo_model/backend/cheese3d_demo_model-houlab-2025-05-28/labeled-data/20240326_R17_rec_anes_004_TR_17-03-46/img111449.png,/data/disk2/home/tony/demo1/model/cheese3d_demo_model/backend/cheese3d_demo_model-houlab-2025-05-28/labeled-data/20240326_R17_rec_anes_004_TR_17-03-46/CollectedData_houlab.h5,12,28
Q1009,2,20240326_R17_rec_awake_000_BC_11-14-17,img00236.png,/data/disk2/home/tony/demo1/model/cheese3d_demo_model/backend/cheese3d_demo_model-houlab-2025-05-28/labeled-data/20240326_R17_rec_awake_000_BC_11-14-17/img00236.png,/data/disk2/home/tony/demo1/model/cheese3d_demo_model/backend/cheese3d_demo_model-houlab-2025-05-28/labeled-data/20240326_R17_rec_awake_000_BC_11-14-17/CollectedData_houlab.h5,11,28
Q1010,2,20240326_R17_rec_awake_000_BC_11-14-17,img18402.png,/data/disk2/home/tony/demo1/model/cheese3d_demo_model/backend/cheese3d_demo_model-houlab-2025-05-28/labeled-data/20240326_R17_rec_awake_000_BC_11-14-17/img18402.png,/data/disk2/home/tony/demo1/model/cheese3d_demo_model/backend/cheese3d_demo_model-houlab-2025-05-28/labeled-data/20240326_R17_rec_awake_000_BC_11-14-17/CollectedData_houlab.h5,11,28
Q1011,2,20240326_R17_rec_awake_000_L_11-14-17,img00366.png,/data/disk2/home/tony/demo1/model/cheese3d_demo_model/backend/cheese3d_demo_model-houlab-2025-05-28/labeled-data/20240326_R17_rec_awake_000_L_11-14-17/img00366.png,/data/disk2/home/tony/demo1/model/cheese3d_demo_model/backend/cheese3d_demo_model-houlab-2025-05-28/labeled-data/20240326_R17_rec_awake_000_L_11-14-17/CollectedData_houlab.h5,16,28
Q1012,2,20240326_R17_rec_awake_000_L_11-14-17,img01471.png,/data/disk2/home/tony/demo1/model/cheese3d_demo_model/backend/cheese3d_demo_model-houlab-2025-05-28/labeled-data/20240326_R17_rec_awake_000_L_11-14-17/img01471.png,/data/disk2/home/tony/demo1/model/cheese3d_demo_model/backend/cheese3d_demo_model-houlab-2025-05-28/labeled-data/20240326_R17_rec_awake_000_L_11-14-17/CollectedData_houlab.h5,16,28
Q1013,2,20240326_R17_rec_awake_000_L_11-14-17,img02668.png,/data/disk2/home/tony/demo1/model/cheese3d_demo_model/backend/cheese3d_demo_model-houlab-2025-05-28/labeled-data/20240326_R17_rec_awake_000_L_11-14-17/img02668.png,/data/disk2/home/tony/demo1/model/cheese3d_demo_model/backend/cheese3d_demo_model-houlab-2025-05-28/labeled-data/20240326_R17_rec_awake_000_L_11-14-17/CollectedData_houlab.h5,16,28
Q1014,2,20240326_R17_rec_awake_000_L_11-14-17,img03224.png,/data/disk2/home/tony/demo1/model/cheese3d_demo_model/backend/cheese3d_demo_model-houlab-2025-05-28/labeled-data/20240326_R17_rec_awake_000_L_11-14-17/img03224.png,/data/disk2/home/tony/demo1/model/cheese3d_demo_model/backend/cheese3d_demo_model-houlab-2025-05-28/labeled-data/20240326_R17_rec_awake_000_L_11-14-17/CollectedData_houlab.h5,16,28
Q1015,2,20240326_R17_rec_awake_000_L_11-14-17,img03957.png,/data/disk2/home/tony/demo1/model/cheese3d_demo_model/backend/cheese3d_demo_model-houlab-2025-05-28/labeled-data/20240326_R17_rec_awake_000_L_11-14-17/img03957.png,/data/disk2/home/tony/demo1/model/cheese3d_demo_model/backend/cheese3d_demo_model-houlab-2025-05-28/labeled-data/20240326_R17_rec_awake_000_L_11-14-17/CollectedData_houlab.h5,16,28
Q1016,2,20240326_R17_rec_awake_000_L_11-14-17,img04738.png,/data/disk2/home/tony/demo1/model/cheese3d_demo_model/backend/cheese3d_demo_model-houlab-2025-05-28/labeled-data/20240326_R17_rec_awake_000_L_11-14-17/img04738.png,/data/disk2/home/tony/demo1/model/cheese3d_demo_model/backend/cheese3d_demo_model-houlab-2025-05-28/labeled-data/20240326_R17_rec_awake_000_L_11-14-17/CollectedData_houlab.h5,16,28
Q1017,2,20240326_R17_rec_awake_000_L_11-14-17,img05126.png,/data/disk2/home/tony/demo1/model/cheese3d_demo_model/backend/cheese3d_demo_model-houlab-2025-05-28/labeled-data/20240326_R17_rec_awake_000_L_11-14-17/img05126.png,/data/disk2/home/tony/demo1/model/cheese3d_demo_model/backend/cheese3d_demo_model-houlab-2025-05-28/labeled-data/20240326_R17_rec_awake_000_L_11-14-17/CollectedData_houlab.h5,16,28
Q1018,2,20240326_R17_rec_awake_000_L_11-14-17,img06223.png,/data/disk2/home/tony/demo1/model/cheese3d_demo_model/backend/cheese3d_demo_model-houlab-2025-05-28/labeled-data/20240326_R17_rec_awake_000_L_11-14-17/img06223.png,/data/disk2/home/tony/demo1/model/cheese3d_demo_model/backend/cheese3d_demo_model-houlab-2025-05-28/labeled-data/20240326_R17_rec_awake_000_L_11-14-17/CollectedData_houlab.h5,16,28
Q1019,2,20240326_R17_rec_awake_000_L_11-14-17,img07484.png,/data/disk2/home/tony/demo1/model/cheese3d_demo_model/backend/cheese3d_demo_model-houlab-2025-05-28/labeled-data/20240326_R17_rec_awake_000_L_11-14-17/img07484.png,/data/disk2/home/tony/demo1/model/cheese3d_demo_model/backend/cheese3d_demo_model-houlab-2025-05-28/labeled-data/20240326_R17_rec_awake_000_L_11-14-17/CollectedData_houlab.h5,16,28
Q1020,2,20240326_R17_rec_awake_000_L_11-14-17,img08368.png,/data/disk2/home/tony/demo1/model/cheese3d_demo_model/backend/cheese3d_demo_model-houlab-2025-05-28/labeled-data/20240326_R17_rec_awake_000_L_11-14-17/img08368.png,/data/disk2/home/tony/demo1/model/cheese3d_demo_model/backend/cheese3d_demo_model-houlab-2025-05-28/labeled-data/20240326_R17_rec_awake_000_L_11-14-17/CollectedData_houlab.h5,16,28
Q1021,2,20240326_R17_rec_awake_000_L_11-14-17,img08476.png,/data/disk2/home/tony/demo1/model/cheese3d_demo_model/backend/cheese3d_demo_model-houlab-2025-05-28/labeled-data/20240326_R17_rec_awake_000_L_11-14-17/img08476.png,/data/disk2/home/tony/demo1/model/cheese3d_demo_model/backend/cheese3d_demo_model-houlab-2025-05-28/labeled-data/20240326_R17_rec_awake_000_L_11-14-17/CollectedData_houlab.h5,16,28
Q1022,2,20240326_R17_rec_awake_000_L_11-14-17,img11327.png,/data/disk2/home/tony/demo1/model/cheese3d_demo_model/backend/cheese3d_demo_model-houlab-2025-05-28/labeled-data/20240326_R17_rec_awake_000_L_11-14-17/img11327.png,/data/disk2/home/tony/demo1/model/cheese3d_demo_model/backend/cheese3d_demo_model-houlab-2025-05-28/labeled-data/20240326_R17_rec_awake_000_L_11-14-17/CollectedData_houlab.h5,16,28
Q1023,2,20240326_R17_rec_awake_000_L_11-14-17,img11864.png,/data/disk2/home/tony/demo1/model/cheese3d_demo_model/backend/cheese3d_demo_model-houlab-2025-05-28/labeled-data/20240326_R17_rec_awake_000_L_11-14-17/img11864.png,/data/disk2/home/tony/demo1/model/cheese3d_demo_model/backend/cheese3d_demo_model-houlab-2025-05-28/labeled-data/20240326_R17_rec_awake_000_L_11-14-17/CollectedData_houlab.h5,16,28
Q1024,2,20240326_R17_rec_awake_000_L_11-14-17,img12752.png,/data/disk2/home/tony/demo1/model/cheese3d_demo_model/backend/cheese3d_demo_model-houlab-2025-05-28/labeled-data/20240326_R17_rec_awake_000_L_11-14-17/img12752.png,/data/disk2/home/tony/demo1/model/cheese3d_demo_model/backend/cheese3d_demo_model-houlab-2025-05-28/labeled-data/20240326_R17_rec_awake_000_L_11-14-17/CollectedData_houlab.h5,16,28
Q1025,2,20240326_R17_rec_awake_000_L_11-14-17,img13424.png,/data/disk2/home/tony/demo1/model/cheese3d_demo_model/backend/cheese3d_demo_model-houlab-2025-05-28/labeled-data/20240326_R17_rec_awake_000_L_11-14-17/img13424.png,/data/disk2/home/tony/demo1/model/cheese3d_demo_model/backend/cheese3d_demo_model-houlab-2025-05-28/labeled-data/20240326_R17_rec_awake_000_L_11-14-17/CollectedData_houlab.h5,16,28
Q1026,2,20240326_R17_rec_awake_000_L_11-14-17,img14794.png,/data/disk2/home/tony/demo1/model/cheese3d_demo_model/backend/cheese3d_demo_model-houlab-2025-05-28/labeled-data/20240326_R17_rec_awake_000_L_11-14-17/img14794.png,/data/disk2/home/tony/demo1/model/cheese3d_demo_model/backend/cheese3d_demo_model-houlab-2025-05-28/labeled-data/20240326_R17_rec_awake_000_L_11-14-17/CollectedData_houlab.h5,16,28
Q1027,2,20240326_R17_rec_awake_000_L_11-14-17,img15303.png,/data/disk2/home/tony/demo1/model/cheese3d_demo_model/backend/cheese3d_demo_model-houlab-2025-05-28/labeled-data/20240326_R17_rec_awake_000_L_11-14-17/img15303.png,/data/disk2/home/tony/demo1/model/cheese3d_demo_model/backend/cheese3d_demo_model-houlab-2025-05-28/labeled-data/20240326_R17_rec_awake_000_L_11-14-17/CollectedData_houlab.h5,16,28
Q1028,2,20240326_R17_rec_awake_000_L_11-14-17,img15374.png,/data/disk2/home/tony/demo1/model/cheese3d_demo_model/backend/cheese3d_demo_model-houlab-2025-05-28/labeled-data/20240326_R17_rec_awake_000_L_11-14-17/img15374.png,/data/disk2/home/tony/demo1/model/cheese3d_demo_model/backend/cheese3d_demo_model-houlab-2025-05-28/labeled-data/20240326_R17_rec_awake_000_L_11-14-17/CollectedData_houlab.h5,16,28
Q1029,2,20240326_R17_rec_awake_000_L_11-14-17,img17715.png,/data/disk2/home/tony/demo1/model/cheese3d_demo_model/backend/cheese3d_demo_model-houlab-2025-05-28/labeled-data/20240326_R17_rec_awake_000_L_11-14-17/img17715.png,/data/disk2/home/tony/demo1/model/cheese3d_demo_model/backend/cheese3d_demo_model-houlab-2025-05-28/labeled-data/20240326_R17_rec_awake_000_L_11-14-17/CollectedData_houlab.h5,16,28
Q1030,2,20240326_R17_rec_awake_000_L_11-14-17,img20145.png,/data/disk2/home/tony/demo1/model/cheese3d_demo_model/backend/cheese3d_demo_model-houlab-2025-05-28/labeled-data/20240326_R17_rec_awake_000_L_11-14-17/img20145.png,/data/disk2/home/tony/demo1/model/cheese3d_demo_model/backend/cheese3d_demo_model-houlab-2025-05-28/labeled-data/20240326_R17_rec_awake_000_L_11-14-17/CollectedData_houlab.h5,16,28
Q1031,2,20240326_R17_rec_awake_000_R_11-14-17,img00051.png,/data/disk2/home/tony/demo1/model/cheese3d_demo_model/backend/cheese3d_demo_model-houlab-2025-05-28/labeled-data/20240326_R17_rec_awake_000_R_11-14-17/img00051.png,/data/disk2/home/tony/demo1/model/cheese3d_demo_model/backend/cheese3d_demo_model-houlab-2025-05-28/labeled-data/20240326_R17_rec_awake_000_R_11-14-17/CollectedData_houlab.h5,16,28
Q1032,2,20240326_R17_rec_awake_000_R_11-14-17,img15990.png,/data/disk2/home/tony/demo1/model/cheese3d_demo_model/backend/cheese3d_demo_model-houlab-2025-05-28/labeled-data/20240326_R17_rec_awake_000_R_11-14-17/img15990.png,/data/disk2/home/tony/demo1/model/cheese3d_demo_model/backend/cheese3d_demo_model-houlab-2025-05-28/labeled-data/20240326_R17_rec_awake_000_R_11-14-17/CollectedData_houlab.h5,16,28
Q1033,2,20240326_R17_rec_awake_000_TC_11-14-17,img00288.png,/data/disk2/home/tony/demo1/model/cheese3d_demo_model/backend/cheese3d_demo_model-houlab-2025-05-28/labeled-data/20240326_R17_rec_awake_000_TC_11-14-17/img00288.png,/data/disk2/home/tony/demo1/model/cheese3d_demo_model/backend/cheese3d_demo_model-houlab-2025-05-28/labeled-data/20240326_R17_rec_awake_000_TC_11-14-17/CollectedData_houlab.h5,12,28
Q1034,2,20240326_R17_rec_awake_000_TC_11-14-17,img20252.png,/data/disk2/home/tony/demo1/model/cheese3d_demo_model/backend/cheese3d_demo_model-houlab-2025-05-28/labeled-data/20240326_R17_rec_awake_000_TC_11-14-17/img20252.png,/data/disk2/home/tony/demo1/model/cheese3d_demo_model/backend/cheese3d_demo_model-houlab-2025-05-28/labeled-data/20240326_R17_rec_awake_000_TC_11-14-17/CollectedData_houlab.h5,12,28
Q1035,2,20240326_R17_rec_awake_000_TL_11-14-17,img00368.png,/data/disk2/home/tony/demo1/model/cheese3d_demo_model/backend/cheese3d_demo_model-houlab-2025-05-28/labeled-data/20240326_R17_rec_awake_000_TL_11-14-17/img00368.png,/data/disk2/home/tony/demo1/model/cheese3d_demo_model/backend/cheese3d_demo_model-houlab-2025-05-28/labeled-data/20240326_R17_rec_awake_000_TL_11-14-17/CollectedData_houlab.h5,12,28
Q1036,2,20240326_R17_rec_awake_000_TL_11-14-17,img19611.png,/data/disk2/home/tony/demo1/model/cheese3d_demo_model/backend/cheese3d_demo_model-houlab-2025-05-28/labeled-data/20240326_R17_rec_awake_000_TL_11-14-17/img19611.png,/data/disk2/home/tony/demo1/model/cheese3d_demo_model/backend/cheese3d_demo_model-houlab-2025-05-28/labeled-data/20240326_R17_rec_awake_000_TL_11-14-17/CollectedData_houlab.h5,12,28
Q1037,2,20240326_R17_rec_awake_000_TR_11-14-17,img18335.png,/data/disk2/home/tony/demo1/model/cheese3d_demo_model/backend/cheese3d_demo_model-houlab-2025-05-28/labeled-data/20240326_R17_rec_awake_000_TR_11-14-17/img18335.png,/data/disk2/home/tony/demo1/model/cheese3d_demo_model/backend/cheese3d_demo_model-houlab-2025-05-28/labeled-data/20240326_R17_rec_awake_000_TR_11-14-17/CollectedData_houlab.h5,12,28
Q1038,2,20240326_R17_rec_awake_000_TR_11-14-17,img19052.png,/data/disk2/home/tony/demo1/model/cheese3d_demo_model/backend/cheese3d_demo_model-houlab-2025-05-28/labeled-data/20240326_R17_rec_awake_000_TR_11-14-17/img19052.png,/data/disk2/home/tony/demo1/model/cheese3d_demo_model/backend/cheese3d_demo_model-houlab-2025-05-28/labeled-data/20240326_R17_rec_awake_000_TR_11-14-17/CollectedData_houlab.h5,12,28
Q1039,2,20240326_R17_rec_awake_001_BC_11-19-22,img00700.png,/data/disk2/home/tony/demo1/model/cheese3d_demo_model/backend/cheese3d_demo_model-houlab-2025-05-28/labeled-data/20240326_R17_rec_awake_001_BC_11-19-22/img00700.png,/data/disk2/home/tony/demo1/model/cheese3d_demo_model/backend/cheese3d_demo_model-houlab-2025-05-28/labeled-data/20240326_R17_rec_awake_001_BC_11-19-22/CollectedData_houlab.h5,11,28
Q1040,2,20240326_R17_rec_awake_001_BC_11-19-22,img19992.png,/data/disk2/home/tony/demo1/model/cheese3d_demo_model/backend/cheese3d_demo_model-houlab-2025-05-28/labeled-data/20240326_R17_rec_awake_001_BC_11-19-22/img19992.png,/data/disk2/home/tony/demo1/model/cheese3d_demo_model/backend/cheese3d_demo_model-houlab-2025-05-28/labeled-data/20240326_R17_rec_awake_001_BC_11-19-22/CollectedData_houlab.h5,11,28
Q1041,2,20240326_R17_rec_awake_001_L_11-19-22,img00661.png,/data/disk2/home/tony/demo1/model/cheese3d_demo_model/backend/cheese3d_demo_model-houlab-2025-05-28/labeled-data/20240326_R17_rec_awake_001_L_11-19-22/img00661.png,/data/disk2/home/tony/demo1/model/cheese3d_demo_model/backend/cheese3d_demo_model-houlab-2025-05-28/labeled-data/20240326_R17_rec_awake_001_L_11-19-22/CollectedData_houlab.h5,8,28
Q1042,2,20240326_R17_rec_awake_001_L_11-19-22,img01590.png,/data/disk2/home/tony/demo1/model/cheese3d_demo_model/backend/cheese3d_demo_model-houlab-2025-05-28/labeled-data/20240326_R17_rec_awake_001_L_11-19-22/img01590.png,/data/disk2/home/tony/demo1/model/cheese3d_demo_model/backend/cheese3d_demo_model-houlab-2025-05-28/labeled-data/20240326_R17_rec_awake_001_L_11-19-22/CollectedData_houlab.h5,16,28
Q1043,2,20240326_R17_rec_awake_001_L_11-19-22,img05070.png,/data/disk2/home/tony/demo1/model/cheese3d_demo_model/backend/cheese3d_demo_model-houlab-2025-05-28/labeled-data/20240326_R17_rec_awake_001_L_11-19-22/img05070.png,/data/disk2/home/tony/demo1/model/cheese3d_demo_model/backend/cheese3d_demo_model-houlab-2025-05-28/labeled-data/20240326_R17_rec_awake_001_L_11-19-22/CollectedData_houlab.h5,16,28
Q1044,2,20240326_R17_rec_awake_001_L_11-19-22,img05924.png,/data/disk2/home/tony/demo1/model/cheese3d_demo_model/backend/cheese3d_demo_model-houlab-2025-05-28/labeled-data/20240326_R17_rec_awake_001_L_11-19-22/img05924.png,/data/disk2/home/tony/demo1/model/cheese3d_demo_model/backend/cheese3d_demo_model-houlab-2025-05-28/labeled-data/20240326_R17_rec_awake_001_L_11-19-22/CollectedData_houlab.h5,16,28
Q1045,2,20240326_R17_rec_awake_001_L_11-19-22,img06370.png,/data/disk2/home/tony/demo1/model/cheese3d_demo_model/backend/cheese3d_demo_model-houlab-2025-05-28/labeled-data/20240326_R17_rec_awake_001_L_11-19-22/img06370.png,/data/disk2/home/tony/demo1/model/cheese3d_demo_model/backend/cheese3d_demo_model-houlab-2025-05-28/labeled-data/20240326_R17_rec_awake_001_L_11-19-22/CollectedData_houlab.h5,16,28
Q1046,2,20240326_R17_rec_awake_001_L_11-19-22,img06432.png,/data/disk2/home/tony/demo1/model/cheese3d_demo_model/backend/cheese3d_demo_model-houlab-2025-05-28/labeled-data/20240326_R17_rec_awake_001_L_11-19-22/img06432.png,/data/disk2/home/tony/demo1/model/cheese3d_demo_model/backend/cheese3d_demo_model-houlab-2025-05-28/labeled-data/20240326_R17_rec_awake_001_L_11-19-22/CollectedData_houlab.h5,16,28
Q1047,2,20240326_R17_rec_awake_001_L_11-19-22,img06782.png,/data/disk2/home/tony/demo1/model/cheese3d_demo_model/backend/cheese3d_demo_model-houlab-2025-05-28/labeled-data/20240326_R17_rec_awake_001_L_11-19-22/img06782.png,/data/disk2/home/tony/demo1/model/cheese3d_demo_model/backend/cheese3d_demo_model-houlab-2025-05-28/labeled-data/20240326_R17_rec_awake_001_L_11-19-22/CollectedData_houlab.h5,16,28
Q1048,2,20240326_R17_rec_awake_001_L_11-19-22,img08154.png,/data/disk2/home/tony/demo1/model/cheese3d_demo_model/backend/cheese3d_demo_model-houlab-2025-05-28/labeled-data/20240326_R17_rec_awake_001_L_11-19-22/img08154.png,/data/disk2/home/tony/demo1/model/cheese3d_demo_model/backend/cheese3d_demo_model-houlab-2025-05-28/labeled-data/20240326_R17_rec_awake_001_L_11-19-22/CollectedData_houlab.h5,16,28
Q1049,2,20240326_R17_rec_awake_001_L_11-19-22,img09179.png,/data/disk2/home/tony/demo1/model/cheese3d_demo_model/backend/cheese3d_demo_model-houlab-2025-05-28/labeled-data/20240326_R17_rec_awake_001_L_11-19-22/img09179.png,/data/disk2/home/tony/demo1/model/cheese3d_demo_model/backend/cheese3d_demo_model-houlab-2025-05-28/labeled-data/20240326_R17_rec_awake_001_L_11-19-22/CollectedData_houlab.h5,16,28
Q1050,2,20240326_R17_rec_awake_001_L_11-19-22,img10568.png,/data/disk2/home/tony/demo1/model/cheese3d_demo_model/backend/cheese3d_demo_model-houlab-2025-05-28/labeled-data/20240326_R17_rec_awake_001_L_11-19-22/img10568.png,/data/disk2/home/tony/demo1/model/cheese3d_demo_model/backend/cheese3d_demo_model-houlab-2025-05-28/labeled-data/20240326_R17_rec_awake_001_L_11-19-22/CollectedData_houlab.h5,16,28
Q1051,2,20240326_R17_rec_awake_001_L_11-19-22,img11156.png,/data/disk2/home/tony/demo1/model/cheese3d_demo_model/backend/cheese3d_demo_model-houlab-2025-05-28/labeled-data/20240326_R17_rec_awake_001_L_11-19-22/img11156.png,/data/disk2/home/tony/demo1/model/cheese3d_demo_model/backend/cheese3d_demo_model-houlab-2025-05-28/labeled-data/20240326_R17_rec_awake_001_L_11-19-22/CollectedData_houlab.h5,16,28
Q1052,2,20240326_R17_rec_awake_001_L_11-19-22,img11785.png,/data/disk2/home/tony/demo1/model/cheese3d_demo_model/backend/cheese3d_demo_model-houlab-2025-05-28/labeled-data/20240326_R17_rec_awake_001_L_11-19-22/img11785.png,/data/disk2/home/tony/demo1/model/cheese3d_demo_model/backend/cheese3d_demo_model-houlab-2025-05-28/labeled-data/20240326_R17_rec_awake_001_L_11-19-22/CollectedData_houlab.h5,16,28
Q1053,2,20240326_R17_rec_awake_001_L_11-19-22,img13764.png,/data/disk2/home/tony/demo1/model/cheese3d_demo_model/backend/cheese3d_demo_model-houlab-2025-05-28/labeled-data/20240326_R17_rec_awake_001_L_11-19-22/img13764.png,/data/disk2/home/tony/demo1/model/cheese3d_demo_model/backend/cheese3d_demo_model-houlab-2025-05-28/labeled-data/20240326_R17_rec_awake_001_L_11-19-22/CollectedData_houlab.h5,16,28
Q1054,2,20240326_R17_rec_awake_001_L_11-19-22,img14203.png,/data/disk2/home/tony/demo1/model/cheese3d_demo_model/backend/cheese3d_demo_model-houlab-2025-05-28/labeled-data/20240326_R17_rec_awake_001_L_11-19-22/img14203.png,/data/disk2/home/tony/demo1/model/cheese3d_demo_model/backend/cheese3d_demo_model-houlab-2025-05-28/labeled-data/20240326_R17_rec_awake_001_L_11-19-22/CollectedData_houlab.h5,16,28
Q1055,2,20240326_R17_rec_awake_001_L_11-19-22,img15710.png,/data/disk2/home/tony/demo1/model/cheese3d_demo_model/backend/cheese3d_demo_model-houlab-2025-05-28/labeled-data/20240326_R17_rec_awake_001_L_11-19-22/img15710.png,/data/disk2/home/tony/demo1/model/cheese3d_demo_model/backend/cheese3d_demo_model-houlab-2025-05-28/labeled-data/20240326_R17_rec_awake_001_L_11-19-22/CollectedData_houlab.h5,16,28
Q1056,2,20240326_R17_rec_awake_001_L_11-19-22,img16916.png,/data/disk2/home/tony/demo1/model/cheese3d_demo_model/backend/cheese3d_demo_model-houlab-2025-05-28/labeled-data/20240326_R17_rec_awake_001_L_11-19-22/img16916.png,/data/disk2/home/tony/demo1/model/cheese3d_demo_model/backend/cheese3d_demo_model-houlab-2025-05-28/labeled-data/20240326_R17_rec_awake_001_L_11-19-22/CollectedData_houlab.h5,16,28
Q1057,2,20240326_R17_rec_awake_001_L_11-19-22,img17625.png,/data/disk2/home/tony/demo1/model/cheese3d_demo_model/backend/cheese3d_demo_model-houlab-2025-05-28/labeled-data/20240326_R17_rec_awake_001_L_11-19-22/img17625.png,/data/disk2/home/tony/demo1/model/cheese3d_demo_model/backend/cheese3d_demo_model-houlab-2025-05-28/labeled-data/20240326_R17_rec_awake_001_L_11-19-22/CollectedData_houlab.h5,16,28
Q1058,2,20240326_R17_rec_awake_001_L_11-19-22,img17944.png,/data/disk2/home/tony/demo1/model/cheese3d_demo_model/backend/cheese3d_demo_model-houlab-2025-05-28/labeled-data/20240326_R17_rec_awake_001_L_11-19-22/img17944.png,/data/disk2/home/tony/demo1/model/cheese3d_demo_model/backend/cheese3d_demo_model-houlab-2025-05-28/labeled-data/20240326_R17_rec_awake_001_L_11-19-22/CollectedData_houlab.h5,16,28
Q1059,2,20240326_R17_rec_awake_001_L_11-19-22,img18148.png,/data/disk2/home/tony/demo1/model/cheese3d_demo_model/backend/cheese3d_demo_model-houlab-2025-05-28/labeled-data/20240326_R17_rec_awake_001_L_11-19-22/img18148.png,/data/disk2/home/tony/demo1/model/cheese3d_demo_model/backend/cheese3d_demo_model-houlab-2025-05-28/labeled-data/20240326_R17_rec_awake_001_L_11-19-22/CollectedData_houlab.h5,16,28
Q1060,2,20240326_R17_rec_awake_001_L_11-19-22,img20511.png,/data/disk2/home/tony/demo1/model/cheese3d_demo_model/backend/cheese3d_demo_model-houlab-2025-05-28/labeled-data/20240326_R17_rec_awake_001_L_11-19-22/img20511.png,/data/disk2/home/tony/demo1/model/cheese3d_demo_model/backend/cheese3d_demo_model-houlab-2025-05-28/labeled-data/20240326_R17_rec_awake_001_L_11-19-22/CollectedData_houlab.h5,16,28
Q1061,2,20240326_R17_rec_awake_001_R_11-19-22,img01559.png,/data/disk2/home/tony/demo1/model/cheese3d_demo_model/backend/cheese3d_demo_model-houlab-2025-05-28/labeled-data/20240326_R17_rec_awake_001_R_11-19-22/img01559.png,/data/disk2/home/tony/demo1/model/cheese3d_demo_model/backend/cheese3d_demo_model-houlab-2025-05-28/labeled-data/20240326_R17_rec_awake_001_R_11-19-22/CollectedData_houlab.h5,16,28
Q1062,2,20240326_R17_rec_awake_001_R_11-19-22,img07896.png,/data/disk2/home/tony/demo1/model/cheese3d_demo_model/backend/cheese3d_demo_model-houlab-2025-05-28/labeled-data/20240326_R17_rec_awake_001_R_11-19-22/img07896.png,/data/disk2/home/tony/demo1/model/cheese3d_demo_model/backend/cheese3d_demo_model-houlab-2025-05-28/labeled-data/20240326_R17_rec_awake_001_R_11-19-22/CollectedData_houlab.h5,16,28
Q1063,2,20240326_R17_rec_awake_001_TC_11-19-22,img01004.png,/data/disk2/home/tony/demo1/model/cheese3d_demo_model/backend/cheese3d_demo_model-houlab-2025-05-28/labeled-data/20240326_R17_rec_awake_001_TC_11-19-22/img01004.png,/data/disk2/home/tony/demo1/model/cheese3d_demo_model/backend/cheese3d_demo_model-houlab-2025-05-28/labeled-data/20240326_R17_rec_awake_001_TC_11-19-22/CollectedData_houlab.h5,12,28
Q1064,2,20240326_R17_rec_awake_001_TC_11-19-22,img17975.png,/data/disk2/home/tony/demo1/model/cheese3d_demo_model/backend/cheese3d_demo_model-houlab-2025-05-28/labeled-data/20240326_R17_rec_awake_001_TC_11-19-22/img17975.png,/data/disk2/home/tony/demo1/model/cheese3d_demo_model/backend/cheese3d_demo_model-houlab-2025-05-28/labeled-data/20240326_R17_rec_awake_001_TC_11-19-22/CollectedData_houlab.h5,12,28
Q1065,2,20240326_R17_rec_awake_001_TL_11-19-22,img00595.png,/data/disk2/home/tony/demo1/model/cheese3d_demo_model/backend/cheese3d_demo_model-houlab-2025-05-28/labeled-data/20240326_R17_rec_awake_001_TL_11-19-22/img00595.png,/data/disk2/home/tony/demo1/model/cheese3d_demo_model/backend/cheese3d_demo_model-houlab-2025-05-28/labeled-data/20240326_R17_rec_awake_001_TL_11-19-22/CollectedData_houlab.h5,12,28
Q1066,2,20240326_R17_rec_awake_001_TL_11-19-22,img19608.png,/data/disk2/home/tony/demo1/model/cheese3d_demo_model/backend/cheese3d_demo_model-houlab-2025-05-28/labeled-data/20240326_R17_rec_awake_001_TL_11-19-22/img19608.png,/data/disk2/home/tony/demo1/model/cheese3d_demo_model/backend/cheese3d_demo_model-houlab-2025-05-28/labeled-data/20240326_R17_rec_awake_001_TL_11-19-22/CollectedData_houlab.h5,12,28
Q1067,2,20240326_R17_rec_awake_001_TR_11-19-22,img00533.png,/data/disk2/home/tony/demo1/model/cheese3d_demo_model/backend/cheese3d_demo_model-houlab-2025-05-28/labeled-data/20240326_R17_rec_awake_001_TR_11-19-22/img00533.png,/data/disk2/home/tony/demo1/model/cheese3d_demo_model/backend/cheese3d_demo_model-houlab-2025-05-28/labeled-data/20240326_R17_rec_awake_001_TR_11-19-22/CollectedData_houlab.h5,12,28
Q1068,2,20240326_R17_rec_awake_001_TR_11-19-22,img00738.png,/data/disk2/home/tony/demo1/model/cheese3d_demo_model/backend/cheese3d_demo_model-houlab-2025-05-28/labeled-data/20240326_R17_rec_awake_001_TR_11-19-22/img00738.png,/data/disk2/home/tony/demo1/model/cheese3d_demo_model/backend/cheese3d_demo_model-houlab-2025-05-28/labeled-data/20240326_R17_rec_awake_001_TR_11-19-22/CollectedData_houlab.h5,12,28
Q1069,2,20240326_R17_rec_awake_002_BC_11-24-23,img00261.png,/data/disk2/home/tony/demo1/model/cheese3d_demo_model/backend/cheese3d_demo_model-houlab-2025-05-28/labeled-data/20240326_R17_rec_awake_002_BC_11-24-23/img00261.png,/data/disk2/home/tony/demo1/model/cheese3d_demo_model/backend/cheese3d_demo_model-houlab-2025-05-28/labeled-data/20240326_R17_rec_awake_002_BC_11-24-23/CollectedData_houlab.h5,11,28
Q1070,2,20240326_R17_rec_awake_002_BC_11-24-23,img19257.png,/data/disk2/home/tony/demo1/model/cheese3d_demo_model/backend/cheese3d_demo_model-houlab-2025-05-28/labeled-data/20240326_R17_rec_awake_002_BC_11-24-23/img19257.png,/data/disk2/home/tony/demo1/model/cheese3d_demo_model/backend/cheese3d_demo_model-houlab-2025-05-28/labeled-data/20240326_R17_rec_awake_002_BC_11-24-23/CollectedData_houlab.h5,11,28
Q1071,2,20240326_R17_rec_awake_002_L_11-24-23,img00811.png,/data/disk2/home/tony/demo1/model/cheese3d_demo_model/backend/cheese3d_demo_model-houlab-2025-05-28/labeled-data/20240326_R17_rec_awake_002_L_11-24-23/img00811.png,/data/disk2/home/tony/demo1/model/cheese3d_demo_model/backend/cheese3d_demo_model-houlab-2025-05-28/labeled-data/20240326_R17_rec_awake_002_L_11-24-23/CollectedData_houlab.h5,16,28
Q1072,2,20240326_R17_rec_awake_002_L_11-24-23,img01265.png,/data/disk2/home/tony/demo1/model/cheese3d_demo_model/backend/cheese3d_demo_model-houlab-2025-05-28/labeled-data/20240326_R17_rec_awake_002_L_11-24-23/img01265.png,/data/disk2/home/tony/demo1/model/cheese3d_demo_model/backend/cheese3d_demo_model-houlab-2025-05-28/labeled-data/20240326_R17_rec_awake_002_L_11-24-23/CollectedData_houlab.h5,16,28
Q1073,2,20240326_R17_rec_awake_002_L_11-24-23,img01674.png,/data/disk2/home/tony/demo1/model/cheese3d_demo_model/backend/cheese3d_demo_model-houlab-2025-05-28/labeled-data/20240326_R17_rec_awake_002_L_11-24-23/img01674.png,/data/disk2/home/tony/demo1/model/cheese3d_demo_model/backend/cheese3d_demo_model-houlab-2025-05-28/labeled-data/20240326_R17_rec_awake_002_L_11-24-23/CollectedData_houlab.h5,16,28
Q1074,2,20240326_R17_rec_awake_002_L_11-24-23,img01862.png,/data/disk2/home/tony/demo1/model/cheese3d_demo_model/backend/cheese3d_demo_model-houlab-2025-05-28/labeled-data/20240326_R17_rec_awake_002_L_11-24-23/img01862.png,/data/disk2/home/tony/demo1/model/cheese3d_demo_model/backend/cheese3d_demo_model-houlab-2025-05-28/labeled-data/20240326_R17_rec_awake_002_L_11-24-23/CollectedData_houlab.h5,16,28
Q1075,2,20240326_R17_rec_awake_002_L_11-24-23,img04248.png,/data/disk2/home/tony/demo1/model/cheese3d_demo_model/backend/cheese3d_demo_model-houlab-2025-05-28/labeled-data/20240326_R17_rec_awake_002_L_11-24-23/img04248.png,/data/disk2/home/tony/demo1/model/cheese3d_demo_model/backend/cheese3d_demo_model-houlab-2025-05-28/labeled-data/20240326_R17_rec_awake_002_L_11-24-23/CollectedData_houlab.h5,16,28
Q1076,2,20240326_R17_rec_awake_002_L_11-24-23,img06463.png,/data/disk2/home/tony/demo1/model/cheese3d_demo_model/backend/cheese3d_demo_model-houlab-2025-05-28/labeled-data/20240326_R17_rec_awake_002_L_11-24-23/img06463.png,/data/disk2/home/tony/demo1/model/cheese3d_demo_model/backend/cheese3d_demo_model-houlab-2025-05-28/labeled-data/20240326_R17_rec_awake_002_L_11-24-23/CollectedData_houlab.h5,16,28
Q1077,2,20240326_R17_rec_awake_002_L_11-24-23,img07116.png,/data/disk2/home/tony/demo1/model/cheese3d_demo_model/backend/cheese3d_demo_model-houlab-2025-05-28/labeled-data/20240326_R17_rec_awake_002_L_11-24-23/img07116.png,/data/disk2/home/tony/demo1/model/cheese3d_demo_model/backend/cheese3d_demo_model-houlab-2025-05-28/labeled-data/20240326_R17_rec_awake_002_L_11-24-23/CollectedData_houlab.h5,16,28
Q1078,2,20240326_R17_rec_awake_002_L_11-24-23,img12908.png,/data/disk2/home/tony/demo1/model/cheese3d_demo_model/backend/cheese3d_demo_model-houlab-2025-05-28/labeled-data/20240326_R17_rec_awake_002_L_11-24-23/img12908.png,/data/disk2/home/tony/demo1/model/cheese3d_demo_model/backend/cheese3d_demo_model-houlab-2025-05-28/labeled-data/20240326_R17_rec_awake_002_L_11-24-23/CollectedData_houlab.h5,16,28
Q1079,2,20240326_R17_rec_awake_002_L_11-24-23,img12977.png,/data/disk2/home/tony/demo1/model/cheese3d_demo_model/backend/cheese3d_demo_model-houlab-2025-05-28/labeled-data/20240326_R17_rec_awake_002_L_11-24-23/img12977.png,/data/disk2/home/tony/demo1/model/cheese3d_demo_model/backend/cheese3d_demo_model-houlab-2025-05-28/labeled-data/20240326_R17_rec_awake_002_L_11-24-23/CollectedData_houlab.h5,16,28
Q1080,2,20240326_R17_rec_awake_002_L_11-24-23,img13692.png,/data/disk2/home/tony/demo1/model/cheese3d_demo_model/backend/cheese3d_demo_model-houlab-2025-05-28/labeled-data/20240326_R17_rec_awake_002_L_11-24-23/img13692.png,/data/disk2/home/tony/demo1/model/cheese3d_demo_model/backend/cheese3d_demo_model-houlab-2025-05-28/labeled-data/20240326_R17_rec_awake_002_L_11-24-23/CollectedData_houlab.h5,16,28
Q1081,2,20240326_R17_rec_awake_002_L_11-24-23,img14501.png,/data/disk2/home/tony/demo1/model/cheese3d_demo_model/backend/cheese3d_demo_model-houlab-2025-05-28/labeled-data/20240326_R17_rec_awake_002_L_11-24-23/img14501.png,/data/disk2/home/tony/demo1/model/cheese3d_demo_model/backend/cheese3d_demo_model-houlab-2025-05-28/labeled-data/20240326_R17_rec_awake_002_L_11-24-23/CollectedData_houlab.h5,16,28
Q1082,2,20240326_R17_rec_awake_002_L_11-24-23,img15823.png,/data/disk2/home/tony/demo1/model/cheese3d_demo_model/backend/cheese3d_demo_model-houlab-2025-05-28/labeled-data/20240326_R17_rec_awake_002_L_11-24-23/img15823.png,/data/disk2/home/tony/demo1/model/cheese3d_demo_model/backend/cheese3d_demo_model-houlab-2025-05-28/labeled-data/20240326_R17_rec_awake_002_L_11-24-23/CollectedData_houlab.h5,16,28
Q1083,2,20240326_R17_rec_awake_002_L_11-24-23,img16144.png,/data/disk2/home/tony/demo1/model/cheese3d_demo_model/backend/cheese3d_demo_model-houlab-2025-05-28/labeled-data/20240326_R17_rec_awake_002_L_11-24-23/img16144.png,/data/disk2/home/tony/demo1/model/cheese3d_demo_model/backend/cheese3d_demo_model-houlab-2025-05-28/labeled-data/20240326_R17_rec_awake_002_L_11-24-23/CollectedData_houlab.h5,16,28
Q1084,2,20240326_R17_rec_awake_002_L_11-24-23,img16450.png,/data/disk2/home/tony/demo1/model/cheese3d_demo_model/backend/cheese3d_demo_model-houlab-2025-05-28/labeled-data/20240326_R17_rec_awake_002_L_11-24-23/img16450.png,/data/disk2/home/tony/demo1/model/cheese3d_demo_model/backend/cheese3d_demo_model-houlab-2025-05-28/labeled-data/20240326_R17_rec_awake_002_L_11-24-23/CollectedData_houlab.h5,16,28
Q1085,2,20240326_R17_rec_awake_002_L_11-24-23,img16956.png,/data/disk2/home/tony/demo1/model/cheese3d_demo_model/backend/cheese3d_demo_model-houlab-2025-05-28/labeled-data/20240326_R17_rec_awake_002_L_11-24-23/img16956.png,/data/disk2/home/tony/demo1/model/cheese3d_demo_model/backend/cheese3d_demo_model-houlab-2025-05-28/labeled-data/20240326_R17_rec_awake_002_L_11-24-23/CollectedData_houlab.h5,16,28
Q1086,2,20240326_R17_rec_awake_002_L_11-24-23,img17054.png,/data/disk2/home/tony/demo1/model/cheese3d_demo_model/backend/cheese3d_demo_model-houlab-2025-05-28/labeled-data/20240326_R17_rec_awake_002_L_11-24-23/img17054.png,/data/disk2/home/tony/demo1/model/cheese3d_demo_model/backend/cheese3d_demo_model-houlab-2025-05-28/labeled-data/20240326_R17_rec_awake_002_L_11-24-23/CollectedData_houlab.h5,16,28
Q1087,2,20240326_R17_rec_awake_002_L_11-24-23,img17640.png,/data/disk2/home/tony/demo1/model/cheese3d_demo_model/backend/cheese3d_demo_model-houlab-2025-05-28/labeled-data/20240326_R17_rec_awake_002_L_11-24-23/img17640.png,/data/disk2/home/tony/demo1/model/cheese3d_demo_model/backend/cheese3d_demo_model-houlab-2025-05-28/labeled-data/20240326_R17_rec_awake_002_L_11-24-23/CollectedData_houlab.h5,16,28
Q1088,2,20240326_R17_rec_awake_002_L_11-24-23,img18656.png,/data/disk2/home/tony/demo1/model/cheese3d_demo_model/backend/cheese3d_demo_model-houlab-2025-05-28/labeled-data/20240326_R17_rec_awake_002_L_11-24-23/img18656.png,/data/disk2/home/tony/demo1/model/cheese3d_demo_model/backend/cheese3d_demo_model-houlab-2025-05-28/labeled-data/20240326_R17_rec_awake_002_L_11-24-23/CollectedData_houlab.h5,16,28
Q1089,2,20240326_R17_rec_awake_002_L_11-24-23,img19730.png,/data/disk2/home/tony/demo1/model/cheese3d_demo_model/backend/cheese3d_demo_model-houlab-2025-05-28/labeled-data/20240326_R17_rec_awake_002_L_11-24-23/img19730.png,/data/disk2/home/tony/demo1/model/cheese3d_demo_model/backend/cheese3d_demo_model-houlab-2025-05-28/labeled-data/20240326_R17_rec_awake_002_L_11-24-23/CollectedData_houlab.h5,16,28
Q1090,2,20240326_R17_rec_awake_002_L_11-24-23,img21651.png,/data/disk2/home/tony/demo1/model/cheese3d_demo_model/backend/cheese3d_demo_model-houlab-2025-05-28/labeled-data/20240326_R17_rec_awake_002_L_11-24-23/img21651.png,/data/disk2/home/tony/demo1/model/cheese3d_demo_model/backend/cheese3d_demo_model-houlab-2025-05-28/labeled-data/20240326_R17_rec_awake_002_L_11-24-23/CollectedData_houlab.h5,16,28
Q1091,2,20240326_R17_rec_awake_002_R_11-24-23,img01104.png,/data/disk2/home/tony/demo1/model/cheese3d_demo_model/backend/cheese3d_demo_model-houlab-2025-05-28/labeled-data/20240326_R17_rec_awake_002_R_11-24-23/img01104.png,/data/disk2/home/tony/demo1/model/cheese3d_demo_model/backend/cheese3d_demo_model-houlab-2025-05-28/labeled-data/20240326_R17_rec_awake_002_R_11-24-23/CollectedData_houlab.h5,16,28
Q1092,2,20240326_R17_rec_awake_002_R_11-24-23,img17010.png,/data/disk2/home/tony/demo1/model/cheese3d_demo_model/backend/cheese3d_demo_model-houlab-2025-05-28/labeled-data/20240326_R17_rec_awake_002_R_11-24-23/img17010.png,/data/disk2/home/tony/demo1/model/cheese3d_demo_model/backend/cheese3d_demo_model-houlab-2025-05-28/labeled-data/20240326_R17_rec_awake_002_R_11-24-23/CollectedData_houlab.h5,16,28
Q1093,2,20240326_R17_rec_awake_002_TC_11-24-23,img00768.png,/data/disk2/home/tony/demo1/model/cheese3d_demo_model/backend/cheese3d_demo_model-houlab-2025-05-28/labeled-data/20240326_R17_rec_awake_002_TC_11-24-23/img00768.png,/data/disk2/home/tony/demo1/model/cheese3d_demo_model/backend/cheese3d_demo_model-houlab-2025-05-28/labeled-data/20240326_R17_rec_awake_002_TC_11-24-23/CollectedData_houlab.h5,12,28
Q1094,2,20240326_R17_rec_awake_002_TC_11-24-23,img20139.png,/data/disk2/home/tony/demo1/model/cheese3d_demo_model/backend/cheese3d_demo_model-houlab-2025-05-28/labeled-data/20240326_R17_rec_awake_002_TC_11-24-23/img20139.png,/data/disk2/home/tony/demo1/model/cheese3d_demo_model/backend/cheese3d_demo_model-houlab-2025-05-28/labeled-data/20240326_R17_rec_awake_002_TC_11-24-23/CollectedData_houlab.h5,12,28
Q1095,2,20240326_R17_rec_awake_002_TL_11-24-23,img00040.png,/data/disk2/home/tony/demo1/model/cheese3d_demo_model/backend/cheese3d_demo_model-houlab-2025-05-28/labeled-data/20240326_R17_rec_awake_002_TL_11-24-23/img00040.png,/data/disk2/home/tony/demo1/model/cheese3d_demo_model/backend/cheese3d_demo_model-houlab-2025-05-28/labeled-data/20240326_R17_rec_awake_002_TL_11-24-23/CollectedData_houlab.h5,12,28
Q1096,2,20240326_R17_rec_awake_002_TL_11-24-23,img21464.png,/data/disk2/home/tony/demo1/model/cheese3d_demo_model/backend/cheese3d_demo_model-houlab-2025-05-28/labeled-data/20240326_R17_rec_awake_002_TL_11-24-23/img21464.png,/data/disk2/home/tony/demo1/model/cheese3d_demo_model/backend/cheese3d_demo_model-houlab-2025-05-28/labeled-data/20240326_R17_rec_awake_002_TL_11-24-23/CollectedData_houlab.h5,12,28
Q1097,2,20240326_R17_rec_awake_002_TR_11-24-23,img00291.png,/data/disk2/home/tony/demo1/model/cheese3d_demo_model/backend/cheese3d_demo_model-houlab-2025-05-28/labeled-data/20240326_R17_rec_awake_002_TR_11-24-23/img00291.png,/data/disk2/home/tony/demo1/model/cheese3d_demo_model/backend/cheese3d_demo_model-houlab-2025-05-28/labeled-data/20240326_R17_rec_awake_002_TR_11-24-23/CollectedData_houlab.h5,12,28
Q1098,2,20240326_R17_rec_awake_002_TR_11-24-23,img20180.png,/data/disk2/home/tony/demo1/model/cheese3d_demo_model/backend/cheese3d_demo_model-houlab-2025-05-28/labeled-data/20240326_R17_rec_awake_002_TR_11-24-23/img20180.png,/data/disk2/home/tony/demo1/model/cheese3d_demo_model/backend/cheese3d_demo_model-houlab-2025-05-28/labeled-data/20240326_R17_rec_awake_002_TR_11-24-23/CollectedData_houlab.h5,12,28
Q1099,2,20240326_R17_rec_awake_003_BC_11-29-46,img01657.png,/data/disk2/home/tony/demo1/model/cheese3d_demo_model/backend/cheese3d_demo_model-houlab-2025-05-28/labeled-data/20240326_R17_rec_awake_003_BC_11-29-46/img01657.png,/data/disk2/home/tony/demo1/model/cheese3d_demo_model/backend/cheese3d_demo_model-houlab-2025-05-28/labeled-data/20240326_R17_rec_awake_003_BC_11-29-46/CollectedData_houlab.h5,11,28
Q1100,2,20240326_R17_rec_awake_003_BC_11-29-46,img23269.png,/data/disk2/home/tony/demo1/model/cheese3d_demo_model/backend/cheese3d_demo_model-houlab-2025-05-28/labeled-data/20240326_R17_rec_awake_003_BC_11-29-46/img23269.png,/data/disk2/home/tony/demo1/model/cheese3d_demo_model/backend/cheese3d_demo_model-houlab-2025-05-28/labeled-data/20240326_R17_rec_awake_003_BC_11-29-46/CollectedData_houlab.h5,11,28
Q1101,2,20240326_R17_rec_awake_003_L_11-29-46,img00585.png,/data/disk2/home/tony/demo1/model/cheese3d_demo_model/backend/cheese3d_demo_model-houlab-2025-05-28/labeled-data/20240326_R17_rec_awake_003_L_11-29-46/img00585.png,/data/disk2/home/tony/demo1/model/cheese3d_demo_model/backend/cheese3d_demo_model-houlab-2025-05-28/labeled-data/20240326_R17_rec_awake_003_L_11-29-46/CollectedData_houlab.h5,16,28
Q1102,2,20240326_R17_rec_awake_003_L_11-29-46,img00887.png,/data/disk2/home/tony/demo1/model/cheese3d_demo_model/backend/cheese3d_demo_model-houlab-2025-05-28/labeled-data/20240326_R17_rec_awake_003_L_11-29-46/img00887.png,/data/disk2/home/tony/demo1/model/cheese3d_demo_model/backend/cheese3d_demo_model-houlab-2025-05-28/labeled-data/20240326_R17_rec_awake_003_L_11-29-46/CollectedData_houlab.h5,16,28
Q1103,2,20240326_R17_rec_awake_003_L_11-29-46,img01808.png,/data/disk2/home/tony/demo1/model/cheese3d_demo_model/backend/cheese3d_demo_model-houlab-2025-05-28/labeled-data/20240326_R17_rec_awake_003_L_11-29-46/img01808.png,/data/disk2/home/tony/demo1/model/cheese3d_demo_model/backend/cheese3d_demo_model-houlab-2025-05-28/labeled-data/20240326_R17_rec_awake_003_L_11-29-46/CollectedData_houlab.h5,16,28
Q1104,2,20240326_R17_rec_awake_003_L_11-29-46,img02175.png,/data/disk2/home/tony/demo1/model/cheese3d_demo_model/backend/cheese3d_demo_model-houlab-2025-05-28/labeled-data/20240326_R17_rec_awake_003_L_11-29-46/img02175.png,/data/disk2/home/tony/demo1/model/cheese3d_demo_model/backend/cheese3d_demo_model-houlab-2025-05-28/labeled-data/20240326_R17_rec_awake_003_L_11-29-46/CollectedData_houlab.h5,16,28
Q1105,2,20240326_R17_rec_awake_003_L_11-29-46,img03337.png,/data/disk2/home/tony/demo1/model/cheese3d_demo_model/backend/cheese3d_demo_model-houlab-2025-05-28/labeled-data/20240326_R17_rec_awake_003_L_11-29-46/img03337.png,/data/disk2/home/tony/demo1/model/cheese3d_demo_model/backend/cheese3d_demo_model-houlab-2025-05-28/labeled-data/20240326_R17_rec_awake_003_L_11-29-46/CollectedData_houlab.h5,16,28
Q1106,2,20240326_R17_rec_awake_003_L_11-29-46,img03627.png,/data/disk2/home/tony/demo1/model/cheese3d_demo_model/backend/cheese3d_demo_model-houlab-2025-05-28/labeled-data/20240326_R17_rec_awake_003_L_11-29-46/img03627.png,/data/disk2/home/tony/demo1/model/cheese3d_demo_model/backend/cheese3d_demo_model-houlab-2025-05-28/labeled-data/20240326_R17_rec_awake_003_L_11-29-46/CollectedData_houlab.h5,16,28
Q1107,2,20240326_R17_rec_awake_003_L_11-29-46,img04164.png,/data/disk2/home/tony/demo1/model/cheese3d_demo_model/backend/cheese3d_demo_model-houlab-2025-05-28/labeled-data/20240326_R17_rec_awake_003_L_11-29-46/img04164.png,/data/disk2/home/tony/demo1/model/cheese3d_demo_model/backend/cheese3d_demo_model-houlab-2025-05-28/labeled-data/20240326_R17_rec_awake_003_L_11-29-46/CollectedData_houlab.h5,16,28
Q1108,2,20240326_R17_rec_awake_003_L_11-29-46,img05102.png,/data/disk2/home/tony/demo1/model/cheese3d_demo_model/backend/cheese3d_demo_model-houlab-2025-05-28/labeled-data/20240326_R17_rec_awake_003_L_11-29-46/img05102.png,/data/disk2/home/tony/demo1/model/cheese3d_demo_model/backend/cheese3d_demo_model-houlab-2025-05-28/labeled-data/20240326_R17_rec_awake_003_L_11-29-46/CollectedData_houlab.h5,16,28
Q1109,2,20240326_R17_rec_awake_003_L_11-29-46,img07987.png,/data/disk2/home/tony/demo1/model/cheese3d_demo_model/backend/cheese3d_demo_model-houlab-2025-05-28/labeled-data/20240326_R17_rec_awake_003_L_11-29-46/img07987.png,/data/disk2/home/tony/demo1/model/cheese3d_demo_model/backend/cheese3d_demo_model-houlab-2025-05-28/labeled-data/20240326_R17_rec_awake_003_L_11-29-46/CollectedData_houlab.h5,16,28
Q1110,2,20240326_R17_rec_awake_003_L_11-29-46,img10764.png,/data/disk2/home/tony/demo1/model/cheese3d_demo_model/backend/cheese3d_demo_model-houlab-2025-05-28/labeled-data/20240326_R17_rec_awake_003_L_11-29-46/img10764.png,/data/disk2/home/tony/demo1/model/cheese3d_demo_model/backend/cheese3d_demo_model-houlab-2025-05-28/labeled-data/20240326_R17_rec_awake_003_L_11-29-46/CollectedData_houlab.h5,16,28
Q1111,2,20240326_R17_rec_awake_003_L_11-29-46,img11979.png,/data/disk2/home/tony/demo1/model/cheese3d_demo_model/backend/cheese3d_demo_model-houlab-2025-05-28/labeled-data/20240326_R17_rec_awake_003_L_11-29-46/img11979.png,/data/disk2/home/tony/demo1/model/cheese3d_demo_model/backend/cheese3d_demo_model-houlab-2025-05-28/labeled-data/20240326_R17_rec_awake_003_L_11-29-46/CollectedData_houlab.h5,16,28
Q1112,2,20240326_R17_rec_awake_003_L_11-29-46,img12749.png,/data/disk2/home/tony/demo1/model/cheese3d_demo_model/backend/cheese3d_demo_model-houlab-2025-05-28/labeled-data/20240326_R17_rec_awake_003_L_11-29-46/img12749.png,/data/disk2/home/tony/demo1/model/cheese3d_demo_model/backend/cheese3d_demo_model-houlab-2025-05-28/labeled-data/20240326_R17_rec_awake_003_L_11-29-46/CollectedData_houlab.h5,16,28
Q1113,2,20240326_R17_rec_awake_003_L_11-29-46,img15250.png,/data/disk2/home/tony/demo1/model/cheese3d_demo_model/backend/cheese3d_demo_model-houlab-2025-05-28/labeled-data/20240326_R17_rec_awake_003_L_11-29-46/img15250.png,/data/disk2/home/tony/demo1/model/cheese3d_demo_model/backend/cheese3d_demo_model-houlab-2025-05-28/labeled-data/20240326_R17_rec_awake_003_L_11-29-46/CollectedData_houlab.h5,16,28
Q1114,2,20240326_R17_rec_awake_003_L_11-29-46,img16252.png,/data/disk2/home/tony/demo1/model/cheese3d_demo_model/backend/cheese3d_demo_model-houlab-2025-05-28/labeled-data/20240326_R17_rec_awake_003_L_11-29-46/img16252.png,/data/disk2/home/tony/demo1/model/cheese3d_demo_model/backend/cheese3d_demo_model-houlab-2025-05-28/labeled-data/20240326_R17_rec_awake_003_L_11-29-46/CollectedData_houlab.h5,16,28
Q1115,2,20240326_R17_rec_awake_003_L_11-29-46,img17950.png,/data/disk2/home/tony/demo1/model/cheese3d_demo_model/backend/cheese3d_demo_model-houlab-2025-05-28/labeled-data/20240326_R17_rec_awake_003_L_11-29-46/img17950.png,/data/disk2/home/tony/demo1/model/cheese3d_demo_model/backend/cheese3d_demo_model-houlab-2025-05-28/labeled-data/20240326_R17_rec_awake_003_L_11-29-46/CollectedData_houlab.h5,16,28
Q1116,2,20240326_R17_rec_awake_003_L_11-29-46,img18940.png,/data/disk2/home/tony/demo1/model/cheese3d_demo_model/backend/cheese3d_demo_model-houlab-2025-05-28/labeled-data/20240326_R17_rec_awake_003_L_11-29-46/img18940.png,/data/disk2/home/tony/demo1/model/cheese3d_demo_model/backend/cheese3d_demo_model-houlab-2025-05-28/labeled-data/20240326_R17_rec_awake_003_L_11-29-46/CollectedData_houlab.h5,16,28
Q1117,2,20240326_R17_rec_awake_003_L_11-29-46,img20574.png,/data/disk2/home/tony/demo1/model/cheese3d_demo_model/backend/cheese3d_demo_model-houlab-2025-05-28/labeled-data/20240326_R17_rec_awake_003_L_11-29-46/img20574.png,/data/disk2/home/tony/demo1/model/cheese3d_demo_model/backend/cheese3d_demo_model-houlab-2025-05-28/labeled-data/20240326_R17_rec_awake_003_L_11-29-46/CollectedData_houlab.h5,16,28
Q1118,2,20240326_R17_rec_awake_003_L_11-29-46,img21691.png,/data/disk2/home/tony/demo1/model/cheese3d_demo_model/backend/cheese3d_demo_model-houlab-2025-05-28/labeled-data/20240326_R17_rec_awake_003_L_11-29-46/img21691.png,/data/disk2/home/tony/demo1/model/cheese3d_demo_model/backend/cheese3d_demo_model-houlab-2025-05-28/labeled-data/20240326_R17_rec_awake_003_L_11-29-46/CollectedData_houlab.h5,16,28
Q1119,2,20240326_R17_rec_awake_003_L_11-29-46,img21758.png,/data/disk2/home/tony/demo1/model/cheese3d_demo_model/backend/cheese3d_demo_model-houlab-2025-05-28/labeled-data/20240326_R17_rec_awake_003_L_11-29-46/img21758.png,/data/disk2/home/tony/demo1/model/cheese3d_demo_model/backend/cheese3d_demo_model-houlab-2025-05-28/labeled-data/20240326_R17_rec_awake_003_L_11-29-46/CollectedData_houlab.h5,16,28
Q1120,2,20240326_R17_rec_awake_003_L_11-29-46,img23290.png,/data/disk2/home/tony/demo1/model/cheese3d_demo_model/backend/cheese3d_demo_model-houlab-2025-05-28/labeled-data/20240326_R17_rec_awake_003_L_11-29-46/img23290.png,/data/disk2/home/tony/demo1/model/cheese3d_demo_model/backend/cheese3d_demo_model-houlab-2025-05-28/labeled-data/20240326_R17_rec_awake_003_L_11-29-46/CollectedData_houlab.h5,16,28
Q1121,2,20240326_R17_rec_awake_003_R_11-29-46,img00865.png,/data/disk2/home/tony/demo1/model/cheese3d_demo_model/backend/cheese3d_demo_model-houlab-2025-05-28/labeled-data/20240326_R17_rec_awake_003_R_11-29-46/img00865.png,/data/disk2/home/tony/demo1/model/cheese3d_demo_model/backend/cheese3d_demo_model-houlab-2025-05-28/labeled-data/20240326_R17_rec_awake_003_R_11-29-46/CollectedData_houlab.h5,16,28
Q1122,2,20240326_R17_rec_awake_003_R_11-29-46,img14484.png,/data/disk2/home/tony/demo1/model/cheese3d_demo_model/backend/cheese3d_demo_model-houlab-2025-05-28/labeled-data/20240326_R17_rec_awake_003_R_11-29-46/img14484.png,/data/disk2/home/tony/demo1/model/cheese3d_demo_model/backend/cheese3d_demo_model-houlab-2025-05-28/labeled-data/20240326_R17_rec_awake_003_R_11-29-46/CollectedData_houlab.h5,16,28
Q1123,2,20240326_R17_rec_awake_003_TC_11-29-46,img00427.png,/data/disk2/home/tony/demo1/model/cheese3d_demo_model/backend/cheese3d_demo_model-houlab-2025-05-28/labeled-data/20240326_R17_rec_awake_003_TC_11-29-46/img00427.png,/data/disk2/home/tony/demo1/model/cheese3d_demo_model/backend/cheese3d_demo_model-houlab-2025-05-28/labeled-data/20240326_R17_rec_awake_003_TC_11-29-46/CollectedData_houlab.h5,12,28
Q1124,2,20240326_R17_rec_awake_003_TC_11-29-46,img23081.png,/data/disk2/home/tony/demo1/model/cheese3d_demo_model/backend/cheese3d_demo_model-houlab-2025-05-28/labeled-data/20240326_R17_rec_awake_003_TC_11-29-46/img23081.png,/data/disk2/home/tony/demo1/model/cheese3d_demo_model/backend/cheese3d_demo_model-houlab-2025-05-28/labeled-data/20240326_R17_rec_awake_003_TC_11-29-46/CollectedData_houlab.h5,12,28
Q1125,2,20240326_R17_rec_awake_003_TL_11-29-46,img01236.png,/data/disk2/home/tony/demo1/model/cheese3d_demo_model/backend/cheese3d_demo_model-houlab-2025-05-28/labeled-data/20240326_R17_rec_awake_003_TL_11-29-46/img01236.png,/data/disk2/home/tony/demo1/model/cheese3d_demo_model/backend/cheese3d_demo_model-houlab-2025-05-28/labeled-data/20240326_R17_rec_awake_003_TL_11-29-46/CollectedData_houlab.h5,12,28
Q1126,2,20240326_R17_rec_awake_003_TL_11-29-46,img23290.png,/data/disk2/home/tony/demo1/model/cheese3d_demo_model/backend/cheese3d_demo_model-houlab-2025-05-28/labeled-data/20240326_R17_rec_awake_003_TL_11-29-46/img23290.png,/data/disk2/home/tony/demo1/model/cheese3d_demo_model/backend/cheese3d_demo_model-houlab-2025-05-28/labeled-data/20240326_R17_rec_awake_003_TL_11-29-46/CollectedData_houlab.h5,12,28
Q1127,2,20240326_R17_rec_awake_003_TR_11-29-46,img01724.png,/data/disk2/home/tony/demo1/model/cheese3d_demo_model/backend/cheese3d_demo_model-houlab-2025-05-28/labeled-data/20240326_R17_rec_awake_003_TR_11-29-46/img01724.png,/data/disk2/home/tony/demo1/model/cheese3d_demo_model/backend/cheese3d_demo_model-houlab-2025-05-28/labeled-data/20240326_R17_rec_awake_003_TR_11-29-46/CollectedData_houlab.h5,12,28
Q1128,2,20240326_R17_rec_awake_003_TR_11-29-46,img23354.png,/data/disk2/home/tony/demo1/model/cheese3d_demo_model/backend/cheese3d_demo_model-houlab-2025-05-28/labeled-data/20240326_R17_rec_awake_003_TR_11-29-46/img23354.png,/data/disk2/home/tony/demo1/model/cheese3d_demo_model/backend/cheese3d_demo_model-houlab-2025-05-28/labeled-data/20240326_R17_rec_awake_003_TR_11-29-46/CollectedData_houlab.h5,12,28
Q1129,2,20240328_R17_rec_anes_005_BC_15-56-07,img00794.png,/data/disk2/home/tony/demo1/model/cheese3d_demo_model/backend/cheese3d_demo_model-houlab-2025-05-28/labeled-data/20240328_R17_rec_anes_005_BC_15-56-07/img00794.png,/data/disk2/home/tony/demo1/model/cheese3d_demo_model/backend/cheese3d_demo_model-houlab-2025-05-28/labeled-data/20240328_R17_rec_anes_005_BC_15-56-07/CollectedData_houlab.h5,11,28
Q1130,2,20240328_R17_rec_anes_005_BC_15-56-07,img51005.png,/data/disk2/home/tony/demo1/model/cheese3d_demo_model/backend/cheese3d_demo_model-houlab-2025-05-28/labeled-data/20240328_R17_rec_anes_005_BC_15-56-07/img51005.png,/data/disk2/home/tony/demo1/model/cheese3d_demo_model/backend/cheese3d_demo_model-houlab-2025-05-28/labeled-data/20240328_R17_rec_anes_005_BC_15-56-07/CollectedData_houlab.h5,11,28
Q1131,2,20240328_R17_rec_anes_005_L_15-56-07,img03767.png,/data/disk2/home/tony/demo1/model/cheese3d_demo_model/backend/cheese3d_demo_model-houlab-2025-05-28/labeled-data/20240328_R17_rec_anes_005_L_15-56-07/img03767.png,/data/disk2/home/tony/demo1/model/cheese3d_demo_model/backend/cheese3d_demo_model-houlab-2025-05-28/labeled-data/20240328_R17_rec_anes_005_L_15-56-07/CollectedData_houlab.h5,16,28
Q1132,2,20240328_R17_rec_anes_005_L_15-56-07,img04356.png,/data/disk2/home/tony/demo1/model/cheese3d_demo_model/backend/cheese3d_demo_model-houlab-2025-05-28/labeled-data/20240328_R17_rec_anes_005_L_15-56-07/img04356.png,/data/disk2/home/tony/demo1/model/cheese3d_demo_model/backend/cheese3d_demo_model-houlab-2025-05-28/labeled-data/20240328_R17_rec_anes_005_L_15-56-07/CollectedData_houlab.h5,16,28
Q1133,2,20240328_R17_rec_anes_005_L_15-56-07,img16578.png,/data/disk2/home/tony/demo1/model/cheese3d_demo_model/backend/cheese3d_demo_model-houlab-2025-05-28/labeled-data/20240328_R17_rec_anes_005_L_15-56-07/img16578.png,/data/disk2/home/tony/demo1/model/cheese3d_demo_model/backend/cheese3d_demo_model-houlab-2025-05-28/labeled-data/20240328_R17_rec_anes_005_L_15-56-07/CollectedData_houlab.h5,16,28
Q1134,2,20240328_R17_rec_anes_005_L_15-56-07,img17263.png,/data/disk2/home/tony/demo1/model/cheese3d_demo_model/backend/cheese3d_demo_model-houlab-2025-05-28/labeled-data/20240328_R17_rec_anes_005_L_15-56-07/img17263.png,/data/disk2/home/tony/demo1/model/cheese3d_demo_model/backend/cheese3d_demo_model-houlab-2025-05-28/labeled-data/20240328_R17_rec_anes_005_L_15-56-07/CollectedData_houlab.h5,16,28
Q1135,2,20240328_R17_rec_anes_005_L_15-56-07,img19148.png,/data/disk2/home/tony/demo1/model/cheese3d_demo_model/backend/cheese3d_demo_model-houlab-2025-05-28/labeled-data/20240328_R17_rec_anes_005_L_15-56-07/img19148.png,/data/disk2/home/tony/demo1/model/cheese3d_demo_model/backend/cheese3d_demo_model-houlab-2025-05-28/labeled-data/20240328_R17_rec_anes_005_L_15-56-07/CollectedData_houlab.h5,16,28
Q1136,2,20240328_R17_rec_anes_005_L_15-56-07,img33618.png,/data/disk2/home/tony/demo1/model/cheese3d_demo_model/backend/cheese3d_demo_model-houlab-2025-05-28/labeled-data/20240328_R17_rec_anes_005_L_15-56-07/img33618.png,/data/disk2/home/tony/demo1/model/cheese3d_demo_model/backend/cheese3d_demo_model-houlab-2025-05-28/labeled-data/20240328_R17_rec_anes_005_L_15-56-07/CollectedData_houlab.h5,16,28
Q1137,2,20240328_R17_rec_anes_005_L_15-56-07,img34748.png,/data/disk2/home/tony/demo1/model/cheese3d_demo_model/backend/cheese3d_demo_model-houlab-2025-05-28/labeled-data/20240328_R17_rec_anes_005_L_15-56-07/img34748.png,/data/disk2/home/tony/demo1/model/cheese3d_demo_model/backend/cheese3d_demo_model-houlab-2025-05-28/labeled-data/20240328_R17_rec_anes_005_L_15-56-07/CollectedData_houlab.h5,16,28
Q1138,2,20240328_R17_rec_anes_005_L_15-56-07,img38967.png,/data/disk2/home/tony/demo1/model/cheese3d_demo_model/backend/cheese3d_demo_model-houlab-2025-05-28/labeled-data/20240328_R17_rec_anes_005_L_15-56-07/img38967.png,/data/disk2/home/tony/demo1/model/cheese3d_demo_model/backend/cheese3d_demo_model-houlab-2025-05-28/labeled-data/20240328_R17_rec_anes_005_L_15-56-07/CollectedData_houlab.h5,16,28
Q1139,2,20240328_R17_rec_anes_005_L_15-56-07,img39461.png,/data/disk2/home/tony/demo1/model/cheese3d_demo_model/backend/cheese3d_demo_model-houlab-2025-05-28/labeled-data/20240328_R17_rec_anes_005_L_15-56-07/img39461.png,/data/disk2/home/tony/demo1/model/cheese3d_demo_model/backend/cheese3d_demo_model-houlab-2025-05-28/labeled-data/20240328_R17_rec_anes_005_L_15-56-07/CollectedData_houlab.h5,16,28
Q1140,2,20240328_R17_rec_anes_005_L_15-56-07,img40271.png,/data/disk2/home/tony/demo1/model/cheese3d_demo_model/backend/cheese3d_demo_model-houlab-2025-05-28/labeled-data/20240328_R17_rec_anes_005_L_15-56-07/img40271.png,/data/disk2/home/tony/demo1/model/cheese3d_demo_model/backend/cheese3d_demo_model-houlab-2025-05-28/labeled-data/20240328_R17_rec_anes_005_L_15-56-07/CollectedData_houlab.h5,16,28
Q1141,2,20240328_R17_rec_anes_005_L_15-56-07,img45461.png,/data/disk2/home/tony/demo1/model/cheese3d_demo_model/backend/cheese3d_demo_model-houlab-2025-05-28/labeled-data/20240328_R17_rec_anes_005_L_15-56-07/img45461.png,/data/disk2/home/tony/demo1/model/cheese3d_demo_model/backend/cheese3d_demo_model-houlab-2025-05-28/labeled-data/20240328_R17_rec_anes_005_L_15-56-07/CollectedData_houlab.h5,16,28
Q1142,2,20240328_R17_rec_anes_005_L_15-56-07,img50255.png,/data/disk2/home/tony/demo1/model/cheese3d_demo_model/backend/cheese3d_demo_model-houlab-2025-05-28/labeled-data/20240328_R17_rec_anes_005_L_15-56-07/img50255.png,/data/disk2/home/tony/demo1/model/cheese3d_demo_model/backend/cheese3d_demo_model-houlab-2025-05-28/labeled-data/20240328_R17_rec_anes_005_L_15-56-07/CollectedData_houlab.h5,16,28
Q1143,2,20240328_R17_rec_anes_005_R_15-56-07,img00898.png,/data/disk2/home/tony/demo1/model/cheese3d_demo_model/backend/cheese3d_demo_model-houlab-2025-05-28/labeled-data/20240328_R17_rec_anes_005_R_15-56-07/img00898.png,/data/disk2/home/tony/demo1/model/cheese3d_demo_model/backend/cheese3d_demo_model-houlab-2025-05-28/labeled-data/20240328_R17_rec_anes_005_R_15-56-07/CollectedData_houlab.h5,16,28
Q1144,2,20240328_R17_rec_anes_005_R_15-56-07,img44877.png,/data/disk2/home/tony/demo1/model/cheese3d_demo_model/backend/cheese3d_demo_model-houlab-2025-05-28/labeled-data/20240328_R17_rec_anes_005_R_15-56-07/img44877.png,/data/disk2/home/tony/demo1/model/cheese3d_demo_model/backend/cheese3d_demo_model-houlab-2025-05-28/labeled-data/20240328_R17_rec_anes_005_R_15-56-07/CollectedData_houlab.h5,16,28
Q1145,2,20240328_R17_rec_anes_005_TC_15-56-07,img00016.png,/data/disk2/home/tony/demo1/model/cheese3d_demo_model/backend/cheese3d_demo_model-houlab-2025-05-28/labeled-data/20240328_R17_rec_anes_005_TC_15-56-07/img00016.png,/data/disk2/home/tony/demo1/model/cheese3d_demo_model/backend/cheese3d_demo_model-houlab-2025-05-28/labeled-data/20240328_R17_rec_anes_005_TC_15-56-07/CollectedData_houlab.h5,12,28
Q1146,2,20240328_R17_rec_anes_005_TC_15-56-07,img48735.png,/data/disk2/home/tony/demo1/model/cheese3d_demo_model/backend/cheese3d_demo_model-houlab-2025-05-28/labeled-data/20240328_R17_rec_anes_005_TC_15-56-07/img48735.png,/data/disk2/home/tony/demo1/model/cheese3d_demo_model/backend/cheese3d_demo_model-houlab-2025-05-28/labeled-data/20240328_R17_rec_anes_005_TC_15-56-07/CollectedData_houlab.h5,12,28
Q1147,2,20240328_R17_rec_anes_005_TL_15-56-07,img02351.png,/data/disk2/home/tony/demo1/model/cheese3d_demo_model/backend/cheese3d_demo_model-houlab-2025-05-28/labeled-data/20240328_R17_rec_anes_005_TL_15-56-07/img02351.png,/data/disk2/home/tony/demo1/model/cheese3d_demo_model/backend/cheese3d_demo_model-houlab-2025-05-28/labeled-data/20240328_R17_rec_anes_005_TL_15-56-07/CollectedData_houlab.h5,12,28
Q1148,2,20240328_R17_rec_anes_005_TL_15-56-07,img51395.png,/data/disk2/home/tony/demo1/model/cheese3d_demo_model/backend/cheese3d_demo_model-houlab-2025-05-28/labeled-data/20240328_R17_rec_anes_005_TL_15-56-07/img51395.png,/data/disk2/home/tony/demo1/model/cheese3d_demo_model/backend/cheese3d_demo_model-houlab-2025-05-28/labeled-data/20240328_R17_rec_anes_005_TL_15-56-07/CollectedData_houlab.h5,12,28
Q1149,2,20240328_R17_rec_anes_005_TR_15-56-07,img02776.png,/data/disk2/home/tony/demo1/model/cheese3d_demo_model/backend/cheese3d_demo_model-houlab-2025-05-28/labeled-data/20240328_R17_rec_anes_005_TR_15-56-07/img02776.png,/data/disk2/home/tony/demo1/model/cheese3d_demo_model/backend/cheese3d_demo_model-houlab-2025-05-28/labeled-data/20240328_R17_rec_anes_005_TR_15-56-07/CollectedData_houlab.h5,12,28
Q1150,2,20240328_R17_rec_anes_005_TR_15-56-07,img49348.png,/data/disk2/home/tony/demo1/model/cheese3d_demo_model/backend/cheese3d_demo_model-houlab-2025-05-28/labeled-data/20240328_R17_rec_anes_005_TR_15-56-07/img49348.png,/data/disk2/home/tony/demo1/model/cheese3d_demo_model/backend/cheese3d_demo_model-houlab-2025-05-28/labeled-data/20240328_R17_rec_anes_005_TR_15-56-07/CollectedData_houlab.h5,12,28
Q1151,2,20240328_R17_rec_anes_006_BC_16-05-57,img0261.png,/data/disk2/home/tony/demo1/model/cheese3d_demo_model/backend/cheese3d_demo_model-houlab-2025-05-28/labeled-data/20240328_R17_rec_anes_006_BC_16-05-57/img0261.png,/data/disk2/home/tony/demo1/model/cheese3d_demo_model/backend/cheese3d_demo_model-houlab-2025-05-28/labeled-data/20240328_R17_rec_anes_006_BC_16-05-57/CollectedData_houlab.h5,11,28
Q1152,2,20240328_R17_rec_anes_006_BC_16-05-57,img4929.png,/data/disk2/home/tony/demo1/model/cheese3d_demo_model/backend/cheese3d_demo_model-houlab-2025-05-28/labeled-data/20240328_R17_rec_anes_006_BC_16-05-57/img4929.png,/data/disk2/home/tony/demo1/model/cheese3d_demo_model/backend/cheese3d_demo_model-houlab-2025-05-28/labeled-data/20240328_R17_rec_anes_006_BC_16-05-57/CollectedData_houlab.h5,11,28
Q1153,2,20240328_R17_rec_anes_006_L_16-05-57,img0115.png,/data/disk2/home/tony/demo1/model/cheese3d_demo_model/backend/cheese3d_demo_model-houlab-2025-05-28/labeled-data/20240328_R17_rec_anes_006_L_16-05-57/img0115.png,/data/disk2/home/tony/demo1/model/cheese3d_demo_model/backend/cheese3d_demo_model-houlab-2025-05-28/labeled-data/20240328_R17_rec_anes_006_L_16-05-57/CollectedData_houlab.h5,16,28
Q1154,2,20240328_R17_rec_anes_006_L_16-05-57,img0332.png,/data/disk2/home/tony/demo1/model/cheese3d_demo_model/backend/cheese3d_demo_model-houlab-2025-05-28/labeled-data/20240328_R17_rec_anes_006_L_16-05-57/img0332.png,/data/disk2/home/tony/demo1/model/cheese3d_demo_model/backend/cheese3d_demo_model-houlab-2025-05-28/labeled-data/20240328_R17_rec_anes_006_L_16-05-57/CollectedData_houlab.h5,16,28
Q1155,2,20240328_R17_rec_anes_006_L_16-05-57,img0416.png,/data/disk2/home/tony/demo1/model/cheese3d_demo_model/backend/cheese3d_demo_model-houlab-2025-05-28/labeled-data/20240328_R17_rec_anes_006_L_16-05-57/img0416.png,/data/disk2/home/tony/demo1/model/cheese3d_demo_model/backend/cheese3d_demo_model-houlab-2025-05-28/labeled-data/20240328_R17_rec_anes_006_L_16-05-57/CollectedData_houlab.h5,16,28
Q1156,2,20240328_R17_rec_anes_006_L_16-05-57,img0630.png,/data/disk2/home/tony/demo1/model/cheese3d_demo_model/backend/cheese3d_demo_model-houlab-2025-05-28/labeled-data/20240328_R17_rec_anes_006_L_16-05-57/img0630.png,/data/disk2/home/tony/demo1/model/cheese3d_demo_model/backend/cheese3d_demo_model-houlab-2025-05-28/labeled-data/20240328_R17_rec_anes_006_L_16-05-57/CollectedData_houlab.h5,16,28
Q1157,2,20240328_R17_rec_anes_006_L_16-05-57,img0851.png,/data/disk2/home/tony/demo1/model/cheese3d_demo_model/backend/cheese3d_demo_model-houlab-2025-05-28/labeled-data/20240328_R17_rec_anes_006_L_16-05-57/img0851.png,/data/disk2/home/tony/demo1/model/cheese3d_demo_model/backend/cheese3d_demo_model-houlab-2025-05-28/labeled-data/20240328_R17_rec_anes_006_L_16-05-57/CollectedData_houlab.h5,16,28
Q1158,2,20240328_R17_rec_anes_006_L_16-05-57,img0872.png,/data/disk2/home/tony/demo1/model/cheese3d_demo_model/backend/cheese3d_demo_model-houlab-2025-05-28/labeled-data/20240328_R17_rec_anes_006_L_16-05-57/img0872.png,/data/disk2/home/tony/demo1/model/cheese3d_demo_model/backend/cheese3d_demo_model-houlab-2025-05-28/labeled-data/20240328_R17_rec_anes_006_L_16-05-57/CollectedData_houlab.h5,16,28
Q1159,2,20240328_R17_rec_anes_006_L_16-05-57,img1098.png,/data/disk2/home/tony/demo1/model/cheese3d_demo_model/backend/cheese3d_demo_model-houlab-2025-05-28/labeled-data/20240328_R17_rec_anes_006_L_16-05-57/img1098.png,/data/disk2/home/tony/demo1/model/cheese3d_demo_model/backend/cheese3d_demo_model-houlab-2025-05-28/labeled-data/20240328_R17_rec_anes_006_L_16-05-57/CollectedData_houlab.h5,16,28
Q1160,2,20240328_R17_rec_anes_006_L_16-05-57,img1366.png,/data/disk2/home/tony/demo1/model/cheese3d_demo_model/backend/cheese3d_demo_model-houlab-2025-05-28/labeled-data/20240328_R17_rec_anes_006_L_16-05-57/img1366.png,/data/disk2/home/tony/demo1/model/cheese3d_demo_model/backend/cheese3d_demo_model-houlab-2025-05-28/labeled-data/20240328_R17_rec_anes_006_L_16-05-57/CollectedData_houlab.h5,16,28
Q1161,2,20240328_R17_rec_anes_006_L_16-05-57,img1409.png,/data/disk2/home/tony/demo1/model/cheese3d_demo_model/backend/cheese3d_demo_model-houlab-2025-05-28/labeled-data/20240328_R17_rec_anes_006_L_16-05-57/img1409.png,/data/disk2/home/tony/demo1/model/cheese3d_demo_model/backend/cheese3d_demo_model-houlab-2025-05-28/labeled-data/20240328_R17_rec_anes_006_L_16-05-57/CollectedData_houlab.h5,16,28
Q1162,2,20240328_R17_rec_anes_006_L_16-05-57,img1465.png,/data/disk2/home/tony/demo1/model/cheese3d_demo_model/backend/cheese3d_demo_model-houlab-2025-05-28/labeled-data/20240328_R17_rec_anes_006_L_16-05-57/img1465.png,/data/disk2/home/tony/demo1/model/cheese3d_demo_model/backend/cheese3d_demo_model-houlab-2025-05-28/labeled-data/20240328_R17_rec_anes_006_L_16-05-57/CollectedData_houlab.h5,16,28
Q1163,2,20240328_R17_rec_anes_006_L_16-05-57,img1742.png,/data/disk2/home/tony/demo1/model/cheese3d_demo_model/backend/cheese3d_demo_model-houlab-2025-05-28/labeled-data/20240328_R17_rec_anes_006_L_16-05-57/img1742.png,/data/disk2/home/tony/demo1/model/cheese3d_demo_model/backend/cheese3d_demo_model-houlab-2025-05-28/labeled-data/20240328_R17_rec_anes_006_L_16-05-57/CollectedData_houlab.h5,16,28
Q1164,2,20240328_R17_rec_anes_006_L_16-05-57,img1770.png,/data/disk2/home/tony/demo1/model/cheese3d_demo_model/backend/cheese3d_demo_model-houlab-2025-05-28/labeled-data/20240328_R17_rec_anes_006_L_16-05-57/img1770.png,/data/disk2/home/tony/demo1/model/cheese3d_demo_model/backend/cheese3d_demo_model-houlab-2025-05-28/labeled-data/20240328_R17_rec_anes_006_L_16-05-57/CollectedData_houlab.h5,16,28
Q1165,2,20240328_R17_rec_anes_006_L_16-05-57,img2246.png,/data/disk2/home/tony/demo1/model/cheese3d_demo_model/backend/cheese3d_demo_model-houlab-2025-05-28/labeled-data/20240328_R17_rec_anes_006_L_16-05-57/img2246.png,/data/disk2/home/tony/demo1/model/cheese3d_demo_model/backend/cheese3d_demo_model-houlab-2025-05-28/labeled-data/20240328_R17_rec_anes_006_L_16-05-57/CollectedData_houlab.h5,16,28
Q1166,2,20240328_R17_rec_anes_006_L_16-05-57,img2521.png,/data/disk2/home/tony/demo1/model/cheese3d_demo_model/backend/cheese3d_demo_model-houlab-2025-05-28/labeled-data/20240328_R17_rec_anes_006_L_16-05-57/img2521.png,/data/disk2/home/tony/demo1/model/cheese3d_demo_model/backend/cheese3d_demo_model-houlab-2025-05-28/labeled-data/20240328_R17_rec_anes_006_L_16-05-57/CollectedData_houlab.h5,16,28
Q1167,2,20240328_R17_rec_anes_006_L_16-05-57,img2935.png,/data/disk2/home/tony/demo1/model/cheese3d_demo_model/backend/cheese3d_demo_model-houlab-2025-05-28/labeled-data/20240328_R17_rec_anes_006_L_16-05-57/img2935.png,/data/disk2/home/tony/demo1/model/cheese3d_demo_model/backend/cheese3d_demo_model-houlab-2025-05-28/labeled-data/20240328_R17_rec_anes_006_L_16-05-57/CollectedData_houlab.h5,16,28
Q1168,2,20240328_R17_rec_anes_006_L_16-05-57,img3251.png,/data/disk2/home/tony/demo1/model/cheese3d_demo_model/backend/cheese3d_demo_model-houlab-2025-05-28/labeled-data/20240328_R17_rec_anes_006_L_16-05-57/img3251.png,/data/disk2/home/tony/demo1/model/cheese3d_demo_model/backend/cheese3d_demo_model-houlab-2025-05-28/labeled-data/20240328_R17_rec_anes_006_L_16-05-57/CollectedData_houlab.h5,16,28
Q1169,2,20240328_R17_rec_anes_006_L_16-05-57,img3621.png,/data/disk2/home/tony/demo1/model/cheese3d_demo_model/backend/cheese3d_demo_model-houlab-2025-05-28/labeled-data/20240328_R17_rec_anes_006_L_16-05-57/img3621.png,/data/disk2/home/tony/demo1/model/cheese3d_demo_model/backend/cheese3d_demo_model-houlab-2025-05-28/labeled-data/20240328_R17_rec_anes_006_L_16-05-57/CollectedData_houlab.h5,16,28
Q1170,2,20240328_R17_rec_anes_006_L_16-05-57,img4078.png,/data/disk2/home/tony/demo1/model/cheese3d_demo_model/backend/cheese3d_demo_model-houlab-2025-05-28/labeled-data/20240328_R17_rec_anes_006_L_16-05-57/img4078.png,/data/disk2/home/tony/demo1/model/cheese3d_demo_model/backend/cheese3d_demo_model-houlab-2025-05-28/labeled-data/20240328_R17_rec_anes_006_L_16-05-57/CollectedData_houlab.h5,16,28
Q1171,2,20240328_R17_rec_anes_006_L_16-05-57,img4234.png,/data/disk2/home/tony/demo1/model/cheese3d_demo_model/backend/cheese3d_demo_model-houlab-2025-05-28/labeled-data/20240328_R17_rec_anes_006_L_16-05-57/img4234.png,/data/disk2/home/tony/demo1/model/cheese3d_demo_model/backend/cheese3d_demo_model-houlab-2025-05-28/labeled-data/20240328_R17_rec_anes_006_L_16-05-57/CollectedData_houlab.h5,16,28
Q1172,2,20240328_R17_rec_anes_006_L_16-05-57,img4714.png,/data/disk2/home/tony/demo1/model/cheese3d_demo_model/backend/cheese3d_demo_model-houlab-2025-05-28/labeled-data/20240328_R17_rec_anes_006_L_16-05-57/img4714.png,/data/disk2/home/tony/demo1/model/cheese3d_demo_model/backend/cheese3d_demo_model-houlab-2025-05-28/labeled-data/20240328_R17_rec_anes_006_L_16-05-57/CollectedData_houlab.h5,16,28
Q1173,2,20240328_R17_rec_anes_006_R_16-05-57,img0108.png,/data/disk2/home/tony/demo1/model/cheese3d_demo_model/backend/cheese3d_demo_model-houlab-2025-05-28/labeled-data/20240328_R17_rec_anes_006_R_16-05-57/img0108.png,/data/disk2/home/tony/demo1/model/cheese3d_demo_model/backend/cheese3d_demo_model-houlab-2025-05-28/labeled-data/20240328_R17_rec_anes_006_R_16-05-57/CollectedData_houlab.h5,16,28
Q1174,2,20240328_R17_rec_anes_006_R_16-05-57,img4977.png,/data/disk2/home/tony/demo1/model/cheese3d_demo_model/backend/cheese3d_demo_model-houlab-2025-05-28/labeled-data/20240328_R17_rec_anes_006_R_16-05-57/img4977.png,/data/disk2/home/tony/demo1/model/cheese3d_demo_model/backend/cheese3d_demo_model-houlab-2025-05-28/labeled-data/20240328_R17_rec_anes_006_R_16-05-57/CollectedData_houlab.h5,16,28
Q1175,2,20240328_R17_rec_anes_006_TC_16-05-57,img0029.png,/data/disk2/home/tony/demo1/model/cheese3d_demo_model/backend/cheese3d_demo_model-houlab-2025-05-28/labeled-data/20240328_R17_rec_anes_006_TC_16-05-57/img0029.png,/data/disk2/home/tony/demo1/model/cheese3d_demo_model/backend/cheese3d_demo_model-houlab-2025-05-28/labeled-data/20240328_R17_rec_anes_006_TC_16-05-57/CollectedData_houlab.h5,13,28
Q1176,2,20240328_R17_rec_anes_006_TC_16-05-57,img4670.png,/data/disk2/home/tony/demo1/model/cheese3d_demo_model/backend/cheese3d_demo_model-houlab-2025-05-28/labeled-data/20240328_R17_rec_anes_006_TC_16-05-57/img4670.png,/data/disk2/home/tony/demo1/model/cheese3d_demo_model/backend/cheese3d_demo_model-houlab-2025-05-28/labeled-data/20240328_R17_rec_anes_006_TC_16-05-57/CollectedData_houlab.h5,12,28
Q1177,2,20240328_R17_rec_anes_006_TL_16-05-57,img0037.png,/data/disk2/home/tony/demo1/model/cheese3d_demo_model/backend/cheese3d_demo_model-houlab-2025-05-28/labeled-data/20240328_R17_rec_anes_006_TL_16-05-57/img0037.png,/data/disk2/home/tony/demo1/model/cheese3d_demo_model/backend/cheese3d_demo_model-houlab-2025-05-28/labeled-data/20240328_R17_rec_anes_006_TL_16-05-57/CollectedData_houlab.h5,12,28
Q1178,2,20240328_R17_rec_anes_006_TL_16-05-57,img4940.png,/data/disk2/home/tony/demo1/model/cheese3d_demo_model/backend/cheese3d_demo_model-houlab-2025-05-28/labeled-data/20240328_R17_rec_anes_006_TL_16-05-57/img4940.png,/data/disk2/home/tony/demo1/model/cheese3d_demo_model/backend/cheese3d_demo_model-houlab-2025-05-28/labeled-data/20240328_R17_rec_anes_006_TL_16-05-57/CollectedData_houlab.h5,12,28
Q1179,2,20240328_R17_rec_anes_006_TR_16-05-57,img0146.png,/data/disk2/home/tony/demo1/model/cheese3d_demo_model/backend/cheese3d_demo_model-houlab-2025-05-28/labeled-data/20240328_R17_rec_anes_006_TR_16-05-57/img0146.png,/data/disk2/home/tony/demo1/model/cheese3d_demo_model/backend/cheese3d_demo_model-houlab-2025-05-28/labeled-data/20240328_R17_rec_anes_006_TR_16-05-57/CollectedData_houlab.h5,12,28
Q1180,2,20240328_R17_rec_anes_006_TR_16-05-57,img4854.png,/data/disk2/home/tony/demo1/model/cheese3d_demo_model/backend/cheese3d_demo_model-houlab-2025-05-28/labeled-data/20240328_R17_rec_anes_006_TR_16-05-57/img4854.png,/data/disk2/home/tony/demo1/model/cheese3d_demo_model/backend/cheese3d_demo_model-houlab-2025-05-28/labeled-data/20240328_R17_rec_anes_006_TR_16-05-57/CollectedData_houlab.h5,12,28
Q1181,2,20240328_R17_rec_anes_007_BC_16-07-25,img00072.png,/data/disk2/home/tony/demo1/model/cheese3d_demo_model/backend/cheese3d_demo_model-houlab-2025-05-28/labeled-data/20240328_R17_rec_anes_007_BC_16-07-25/img00072.png,/data/disk2/home/tony/demo1/model/cheese3d_demo_model/backend/cheese3d_demo_model-houlab-2025-05-28/labeled-data/20240328_R17_rec_anes_007_BC_16-07-25/CollectedData_houlab.h5,11,28
Q1182,2,20240328_R17_rec_anes_007_BC_16-07-25,img26881.png,/data/disk2/home/tony/demo1/model/cheese3d_demo_model/backend/cheese3d_demo_model-houlab-2025-05-28/labeled-data/20240328_R17_rec_anes_007_BC_16-07-25/img26881.png,/data/disk2/home/tony/demo1/model/cheese3d_demo_model/backend/cheese3d_demo_model-houlab-2025-05-28/labeled-data/20240328_R17_rec_anes_007_BC_16-07-25/CollectedData_houlab.h5,11,28
Q1183,2,20240328_R17_rec_anes_007_L_16-07-25,img01138.png,/data/disk2/home/tony/demo1/model/cheese3d_demo_model/backend/cheese3d_demo_model-houlab-2025-05-28/labeled-data/20240328_R17_rec_anes_007_L_16-07-25/img01138.png,/data/disk2/home/tony/demo1/model/cheese3d_demo_model/backend/cheese3d_demo_model-houlab-2025-05-28/labeled-data/20240328_R17_rec_anes_007_L_16-07-25/CollectedData_houlab.h5,16,28
Q1184,2,20240328_R17_rec_anes_007_L_16-07-25,img02033.png,/data/disk2/home/tony/demo1/model/cheese3d_demo_model/backend/cheese3d_demo_model-houlab-2025-05-28/labeled-data/20240328_R17_rec_anes_007_L_16-07-25/img02033.png,/data/disk2/home/tony/demo1/model/cheese3d_demo_model/backend/cheese3d_demo_model-houlab-2025-05-28/labeled-data/20240328_R17_rec_anes_007_L_16-07-25/CollectedData_houlab.h5,16,28
Q1185,2,20240328_R17_rec_anes_007_L_16-07-25,img07448.png,/data/disk2/home/tony/demo1/model/cheese3d_demo_model/backend/cheese3d_demo_model-houlab-2025-05-28/labeled-data/20240328_R17_rec_anes_007_L_16-07-25/img07448.png,/data/disk2/home/tony/demo1/model/cheese3d_demo_model/backend/cheese3d_demo_model-houlab-2025-05-28/labeled-data/20240328_R17_rec_anes_007_L_16-07-25/CollectedData_houlab.h5,16,28
Q1186,2,20240328_R17_rec_anes_007_L_16-07-25,img07966.png,/data/disk2/home/tony/demo1/model/cheese3d_demo_model/backend/cheese3d_demo_model-houlab-2025-05-28/labeled-data/20240328_R17_rec_anes_007_L_16-07-25/img07966.png,/data/disk2/home/tony/demo1/model/cheese3d_demo_model/backend/cheese3d_demo_model-houlab-2025-05-28/labeled-data/20240328_R17_rec_anes_007_L_16-07-25/CollectedData_houlab.h5,16,28
Q1187,2,20240328_R17_rec_anes_007_L_16-07-25,img14426.png,/data/disk2/home/tony/demo1/model/cheese3d_demo_model/backend/cheese3d_demo_model-houlab-2025-05-28/labeled-data/20240328_R17_rec_anes_007_L_16-07-25/img14426.png,/data/disk2/home/tony/demo1/model/cheese3d_demo_model/backend/cheese3d_demo_model-houlab-2025-05-28/labeled-data/20240328_R17_rec_anes_007_L_16-07-25/CollectedData_houlab.h5,16,28
Q1188,2,20240328_R17_rec_anes_007_L_16-07-25,img14712.png,/data/disk2/home/tony/demo1/model/cheese3d_demo_model/backend/cheese3d_demo_model-houlab-2025-05-28/labeled-data/20240328_R17_rec_anes_007_L_16-07-25/img14712.png,/data/disk2/home/tony/demo1/model/cheese3d_demo_model/backend/cheese3d_demo_model-houlab-2025-05-28/labeled-data/20240328_R17_rec_anes_007_L_16-07-25/CollectedData_houlab.h5,16,28
Q1189,2,20240328_R17_rec_anes_007_L_16-07-25,img18191.png,/data/disk2/home/tony/demo1/model/cheese3d_demo_model/backend/cheese3d_demo_model-houlab-2025-05-28/labeled-data/20240328_R17_rec_anes_007_L_16-07-25/img18191.png,/data/disk2/home/tony/demo1/model/cheese3d_demo_model/backend/cheese3d_demo_model-houlab-2025-05-28/labeled-data/20240328_R17_rec_anes_007_L_16-07-25/CollectedData_houlab.h5,16,28
Q1190,2,20240328_R17_rec_anes_007_L_16-07-25,img18472.png,/data/disk2/home/tony/demo1/model/cheese3d_demo_model/backend/cheese3d_demo_model-houlab-2025-05-28/labeled-data/20240328_R17_rec_anes_007_L_16-07-25/img18472.png,/data/disk2/home/tony/demo1/model/cheese3d_demo_model/backend/cheese3d_demo_model-houlab-2025-05-28/labeled-data/20240328_R17_rec_anes_007_L_16-07-25/CollectedData_houlab.h5,16,28
Q1191,2,20240328_R17_rec_anes_007_L_16-07-25,img18681.png,/data/disk2/home/tony/demo1/model/cheese3d_demo_model/backend/cheese3d_demo_model-houlab-2025-05-28/labeled-data/20240328_R17_rec_anes_007_L_16-07-25/img18681.png,/data/disk2/home/tony/demo1/model/cheese3d_demo_model/backend/cheese3d_demo_model-houlab-2025-05-28/labeled-data/20240328_R17_rec_anes_007_L_16-07-25/CollectedData_houlab.h5,16,28
Q1192,2,20240328_R17_rec_anes_007_L_16-07-25,img19828.png,/data/disk2/home/tony/demo1/model/cheese3d_demo_model/backend/cheese3d_demo_model-houlab-2025-05-28/labeled-data/20240328_R17_rec_anes_007_L_16-07-25/img19828.png,/data/disk2/home/tony/demo1/model/cheese3d_demo_model/backend/cheese3d_demo_model-houlab-2025-05-28/labeled-data/20240328_R17_rec_anes_007_L_16-07-25/CollectedData_houlab.h5,16,28
Q1193,2,20240328_R17_rec_anes_007_L_16-07-25,img24636.png,/data/disk2/home/tony/demo1/model/cheese3d_demo_model/backend/cheese3d_demo_model-houlab-2025-05-28/labeled-data/20240328_R17_rec_anes_007_L_16-07-25/img24636.png,/data/disk2/home/tony/demo1/model/cheese3d_demo_model/backend/cheese3d_demo_model-houlab-2025-05-28/labeled-data/20240328_R17_rec_anes_007_L_16-07-25/CollectedData_houlab.h5,16,28
Q1194,2,20240328_R17_rec_anes_007_L_16-07-25,img25197.png,/data/disk2/home/tony/demo1/model/cheese3d_demo_model/backend/cheese3d_demo_model-houlab-2025-05-28/labeled-data/20240328_R17_rec_anes_007_L_16-07-25/img25197.png,/data/disk2/home/tony/demo1/model/cheese3d_demo_model/backend/cheese3d_demo_model-houlab-2025-05-28/labeled-data/20240328_R17_rec_anes_007_L_16-07-25/CollectedData_houlab.h5,16,28
Q1195,2,20240328_R17_rec_anes_007_L_16-07-25,img26389.png,/data/disk2/home/tony/demo1/model/cheese3d_demo_model/backend/cheese3d_demo_model-houlab-2025-05-28/labeled-data/20240328_R17_rec_anes_007_L_16-07-25/img26389.png,/data/disk2/home/tony/demo1/model/cheese3d_demo_model/backend/cheese3d_demo_model-houlab-2025-05-28/labeled-data/20240328_R17_rec_anes_007_L_16-07-25/CollectedData_houlab.h5,16,28
Q1196,2,20240328_R17_rec_anes_007_R_16-07-25,img00274.png,/data/disk2/home/tony/demo1/model/cheese3d_demo_model/backend/cheese3d_demo_model-houlab-2025-05-28/labeled-data/20240328_R17_rec_anes_007_R_16-07-25/img00274.png,/data/disk2/home/tony/demo1/model/cheese3d_demo_model/backend/cheese3d_demo_model-houlab-2025-05-28/labeled-data/20240328_R17_rec_anes_007_R_16-07-25/CollectedData_houlab.h5,16,28
Q1197,2,20240328_R17_rec_anes_007_R_16-07-25,img26878.png,/data/disk2/home/tony/demo1/model/cheese3d_demo_model/backend/cheese3d_demo_model-houlab-2025-05-28/labeled-data/20240328_R17_rec_anes_007_R_16-07-25/img26878.png,/data/disk2/home/tony/demo1/model/cheese3d_demo_model/backend/cheese3d_demo_model-houlab-2025-05-28/labeled-data/20240328_R17_rec_anes_007_R_16-07-25/CollectedData_houlab.h5,16,28
Q1198,2,20240328_R17_rec_anes_007_TC_16-07-25,img01005.png,/data/disk2/home/tony/demo1/model/cheese3d_demo_model/backend/cheese3d_demo_model-houlab-2025-05-28/labeled-data/20240328_R17_rec_anes_007_TC_16-07-25/img01005.png,/data/disk2/home/tony/demo1/model/cheese3d_demo_model/backend/cheese3d_demo_model-houlab-2025-05-28/labeled-data/20240328_R17_rec_anes_007_TC_16-07-25/CollectedData_houlab.h5,12,28
Q1199,2,20240328_R17_rec_anes_007_TC_16-07-25,img25067.png,/data/disk2/home/tony/demo1/model/cheese3d_demo_model/backend/cheese3d_demo_model-houlab-2025-05-28/labeled-data/20240328_R17_rec_anes_007_TC_16-07-25/img25067.png,/data/disk2/home/tony/demo1/model/cheese3d_demo_model/backend/cheese3d_demo_model-houlab-2025-05-28/labeled-data/20240328_R17_rec_anes_007_TC_16-07-25/CollectedData_houlab.h5,12,28
Q1200,2,20240328_R17_rec_anes_007_TL_16-07-25,img02254.png,/data/disk2/home/tony/demo1/model/cheese3d_demo_model/backend/cheese3d_demo_model-houlab-2025-05-28/labeled-data/20240328_R17_rec_anes_007_TL_16-07-25/img02254.png,/data/disk2/home/tony/demo1/model/cheese3d_demo_model/backend/cheese3d_demo_model-houlab-2025-05-28/labeled-data/20240328_R17_rec_anes_007_TL_16-07-25/CollectedData_houlab.h5,12,28
Q1201,2,20240328_R17_rec_anes_007_TL_16-07-25,img26352.png,/data/disk2/home/tony/demo1/model/cheese3d_demo_model/backend/cheese3d_demo_model-houlab-2025-05-28/labeled-data/20240328_R17_rec_anes_007_TL_16-07-25/img26352.png,/data/disk2/home/tony/demo1/model/cheese3d_demo_model/backend/cheese3d_demo_model-houlab-2025-05-28/labeled-data/20240328_R17_rec_anes_007_TL_16-07-25/CollectedData_houlab.h5,12,28
Q1202,2,20240328_R17_rec_anes_007_TR_16-07-25,img02145.png,/data/disk2/home/tony/demo1/model/cheese3d_demo_model/backend/cheese3d_demo_model-houlab-2025-05-28/labeled-data/20240328_R17_rec_anes_007_TR_16-07-25/img02145.png,/data/disk2/home/tony/demo1/model/cheese3d_demo_model/backend/cheese3d_demo_model-houlab-2025-05-28/labeled-data/20240328_R17_rec_anes_007_TR_16-07-25/CollectedData_houlab.h5,12,28
Q1203,2,20240328_R17_rec_anes_007_TR_16-07-25,img24924.png,/data/disk2/home/tony/demo1/model/cheese3d_demo_model/backend/cheese3d_demo_model-houlab-2025-05-28/labeled-data/20240328_R17_rec_anes_007_TR_16-07-25/img24924.png,/data/disk2/home/tony/demo1/model/cheese3d_demo_model/backend/cheese3d_demo_model-houlab-2025-05-28/labeled-data/20240328_R17_rec_anes_007_TR_16-07-25/CollectedData_houlab.h5,12,28
Q1204,2,20240328_R17_rec_anes_008_BC_16-13-14,img0527.png,/data/disk2/home/tony/demo1/model/cheese3d_demo_model/backend/cheese3d_demo_model-houlab-2025-05-28/labeled-data/20240328_R17_rec_anes_008_BC_16-13-14/img0527.png,/data/disk2/home/tony/demo1/model/cheese3d_demo_model/backend/cheese3d_demo_model-houlab-2025-05-28/labeled-data/20240328_R17_rec_anes_008_BC_16-13-14/CollectedData_houlab.h5,11,28
Q1205,2,20240328_R17_rec_anes_008_BC_16-13-14,img6608.png,/data/disk2/home/tony/demo1/model/cheese3d_demo_model/backend/cheese3d_demo_model-houlab-2025-05-28/labeled-data/20240328_R17_rec_anes_008_BC_16-13-14/img6608.png,/data/disk2/home/tony/demo1/model/cheese3d_demo_model/backend/cheese3d_demo_model-houlab-2025-05-28/labeled-data/20240328_R17_rec_anes_008_BC_16-13-14/CollectedData_houlab.h5,11,28
Q1206,2,20240328_R17_rec_anes_008_L_16-13-14,img0228.png,/data/disk2/home/tony/demo1/model/cheese3d_demo_model/backend/cheese3d_demo_model-houlab-2025-05-28/labeled-data/20240328_R17_rec_anes_008_L_16-13-14/img0228.png,/data/disk2/home/tony/demo1/model/cheese3d_demo_model/backend/cheese3d_demo_model-houlab-2025-05-28/labeled-data/20240328_R17_rec_anes_008_L_16-13-14/CollectedData_houlab.h5,16,28
Q1207,2,20240328_R17_rec_anes_008_L_16-13-14,img0277.png,/data/disk2/home/tony/demo1/model/cheese3d_demo_model/backend/cheese3d_demo_model-houlab-2025-05-28/labeled-data/20240328_R17_rec_anes_008_L_16-13-14/img0277.png,/data/disk2/home/tony/demo1/model/cheese3d_demo_model/backend/cheese3d_demo_model-houlab-2025-05-28/labeled-data/20240328_R17_rec_anes_008_L_16-13-14/CollectedData_houlab.h5,16,28
Q1208,2,20240328_R17_rec_anes_008_L_16-13-14,img0494.png,/data/disk2/home/tony/demo1/model/cheese3d_demo_model/backend/cheese3d_demo_model-houlab-2025-05-28/labeled-data/20240328_R17_rec_anes_008_L_16-13-14/img0494.png,/data/disk2/home/tony/demo1/model/cheese3d_demo_model/backend/cheese3d_demo_model-houlab-2025-05-28/labeled-data/20240328_R17_rec_anes_008_L_16-13-14/CollectedData_houlab.h5,16,28
Q1209,2,20240328_R17_rec_anes_008_L_16-13-14,img0655.png,/data/disk2/home/tony/demo1/model/cheese3d_demo_model/backend/cheese3d_demo_model-houlab-2025-05-28/labeled-data/20240328_R17_rec_anes_008_L_16-13-14/img0655.png,/data/disk2/home/tony/demo1/model/cheese3d_demo_model/backend/cheese3d_demo_model-houlab-2025-05-28/labeled-data/20240328_R17_rec_anes_008_L_16-13-14/CollectedData_houlab.h5,16,28
Q1210,2,20240328_R17_rec_anes_008_L_16-13-14,img1008.png,/data/disk2/home/tony/demo1/model/cheese3d_demo_model/backend/cheese3d_demo_model-houlab-2025-05-28/labeled-data/20240328_R17_rec_anes_008_L_16-13-14/img1008.png,/data/disk2/home/tony/demo1/model/cheese3d_demo_model/backend/cheese3d_demo_model-houlab-2025-05-28/labeled-data/20240328_R17_rec_anes_008_L_16-13-14/CollectedData_houlab.h5,16,28
Q1211,2,20240328_R17_rec_anes_008_L_16-13-14,img1325.png,/data/disk2/home/tony/demo1/model/cheese3d_demo_model/backend/cheese3d_demo_model-houlab-2025-05-28/labeled-data/20240328_R17_rec_anes_008_L_16-13-14/img1325.png,/data/disk2/home/tony/demo1/model/cheese3d_demo_model/backend/cheese3d_demo_model-houlab-2025-05-28/labeled-data/20240328_R17_rec_anes_008_L_16-13-14/CollectedData_houlab.h5,16,28
Q1212,2,20240328_R17_rec_anes_008_L_16-13-14,img1435.png,/data/disk2/home/tony/demo1/model/cheese3d_demo_model/backend/cheese3d_demo_model-houlab-2025-05-28/labeled-data/20240328_R17_rec_anes_008_L_16-13-14/img1435.png,/data/disk2/home/tony/demo1/model/cheese3d_demo_model/backend/cheese3d_demo_model-houlab-2025-05-28/labeled-data/20240328_R17_rec_anes_008_L_16-13-14/CollectedData_houlab.h5,16,28
Q1213,2,20240328_R17_rec_anes_008_L_16-13-14,img1612.png,/data/disk2/home/tony/demo1/model/cheese3d_demo_model/backend/cheese3d_demo_model-houlab-2025-05-28/labeled-data/20240328_R17_rec_anes_008_L_16-13-14/img1612.png,/data/disk2/home/tony/demo1/model/cheese3d_demo_model/backend/cheese3d_demo_model-houlab-2025-05-28/labeled-data/20240328_R17_rec_anes_008_L_16-13-14/CollectedData_houlab.h5,16,28
Q1214,2,20240328_R17_rec_anes_008_L_16-13-14,img2173.png,/data/disk2/home/tony/demo1/model/cheese3d_demo_model/backend/cheese3d_demo_model-houlab-2025-05-28/labeled-data/20240328_R17_rec_anes_008_L_16-13-14/img2173.png,/data/disk2/home/tony/demo1/model/cheese3d_demo_model/backend/cheese3d_demo_model-houlab-2025-05-28/labeled-data/20240328_R17_rec_anes_008_L_16-13-14/CollectedData_houlab.h5,16,28
Q1215,2,20240328_R17_rec_anes_008_L_16-13-14,img2648.png,/data/disk2/home/tony/demo1/model/cheese3d_demo_model/backend/cheese3d_demo_model-houlab-2025-05-28/labeled-data/20240328_R17_rec_anes_008_L_16-13-14/img2648.png,/data/disk2/home/tony/demo1/model/cheese3d_demo_model/backend/cheese3d_demo_model-houlab-2025-05-28/labeled-data/20240328_R17_rec_anes_008_L_16-13-14/CollectedData_houlab.h5,16,28
Q1216,2,20240328_R17_rec_anes_008_L_16-13-14,img2967.png,/data/disk2/home/tony/demo1/model/cheese3d_demo_model/backend/cheese3d_demo_model-houlab-2025-05-28/labeled-data/20240328_R17_rec_anes_008_L_16-13-14/img2967.png,/data/disk2/home/tony/demo1/model/cheese3d_demo_model/backend/cheese3d_demo_model-houlab-2025-05-28/labeled-data/20240328_R17_rec_anes_008_L_16-13-14/CollectedData_houlab.h5,16,28
Q1217,2,20240328_R17_rec_anes_008_L_16-13-14,img3017.png,/data/disk2/home/tony/demo1/model/cheese3d_demo_model/backend/cheese3d_demo_model-houlab-2025-05-28/labeled-data/20240328_R17_rec_anes_008_L_16-13-14/img3017.png,/data/disk2/home/tony/demo1/model/cheese3d_demo_model/backend/cheese3d_demo_model-houlab-2025-05-28/labeled-data/20240328_R17_rec_anes_008_L_16-13-14/CollectedData_houlab.h5,16,28
Q1218,2,20240328_R17_rec_anes_008_L_16-13-14,img3065.png,/data/disk2/home/tony/demo1/model/cheese3d_demo_model/backend/cheese3d_demo_model-houlab-2025-05-28/labeled-data/20240328_R17_rec_anes_008_L_16-13-14/img3065.png,/data/disk2/home/tony/demo1/model/cheese3d_demo_model/backend/cheese3d_demo_model-houlab-2025-05-28/labeled-data/20240328_R17_rec_anes_008_L_16-13-14/CollectedData_houlab.h5,16,28
Q1219,2,20240328_R17_rec_anes_008_L_16-13-14,img3549.png,/data/disk2/home/tony/demo1/model/cheese3d_demo_model/backend/cheese3d_demo_model-houlab-2025-05-28/labeled-data/20240328_R17_rec_anes_008_L_16-13-14/img3549.png,/data/disk2/home/tony/demo1/model/cheese3d_demo_model/backend/cheese3d_demo_model-houlab-2025-05-28/labeled-data/20240328_R17_rec_anes_008_L_16-13-14/CollectedData_houlab.h5,16,28
Q1220,2,20240328_R17_rec_anes_008_L_16-13-14,img3669.png,/data/disk2/home/tony/demo1/model/cheese3d_demo_model/backend/cheese3d_demo_model-houlab-2025-05-28/labeled-data/20240328_R17_rec_anes_008_L_16-13-14/img3669.png,/data/disk2/home/tony/demo1/model/cheese3d_demo_model/backend/cheese3d_demo_model-houlab-2025-05-28/labeled-data/20240328_R17_rec_anes_008_L_16-13-14/CollectedData_houlab.h5,16,28
Q1221,2,20240328_R17_rec_anes_008_L_16-13-14,img4040.png,/data/disk2/home/tony/demo1/model/cheese3d_demo_model/backend/cheese3d_demo_model-houlab-2025-05-28/labeled-data/20240328_R17_rec_anes_008_L_16-13-14/img4040.png,/data/disk2/home/tony/demo1/model/cheese3d_demo_model/backend/cheese3d_demo_model-houlab-2025-05-28/labeled-data/20240328_R17_rec_anes_008_L_16-13-14/CollectedData_houlab.h5,16,28
Q1222,2,20240328_R17_rec_anes_008_L_16-13-14,img5073.png,/data/disk2/home/tony/demo1/model/cheese3d_demo_model/backend/cheese3d_demo_model-houlab-2025-05-28/labeled-data/20240328_R17_rec_anes_008_L_16-13-14/img5073.png,/data/disk2/home/tony/demo1/model/cheese3d_demo_model/backend/cheese3d_demo_model-houlab-2025-05-28/labeled-data/20240328_R17_rec_anes_008_L_16-13-14/CollectedData_houlab.h5,16,28
Q1223,2,20240328_R17_rec_anes_008_L_16-13-14,img5233.png,/data/disk2/home/tony/demo1/model/cheese3d_demo_model/backend/cheese3d_demo_model-houlab-2025-05-28/labeled-data/20240328_R17_rec_anes_008_L_16-13-14/img5233.png,/data/disk2/home/tony/demo1/model/cheese3d_demo_model/backend/cheese3d_demo_model-houlab-2025-05-28/labeled-data/20240328_R17_rec_anes_008_L_16-13-14/CollectedData_houlab.h5,16,28
Q1224,2,20240328_R17_rec_anes_008_L_16-13-14,img6477.png,/data/disk2/home/tony/demo1/model/cheese3d_demo_model/backend/cheese3d_demo_model-houlab-2025-05-28/labeled-data/20240328_R17_rec_anes_008_L_16-13-14/img6477.png,/data/disk2/home/tony/demo1/model/cheese3d_demo_model/backend/cheese3d_demo_model-houlab-2025-05-28/labeled-data/20240328_R17_rec_anes_008_L_16-13-14/CollectedData_houlab.h5,16,28
Q1225,2,20240328_R17_rec_anes_008_L_16-13-14,img6529.png,/data/disk2/home/tony/demo1/model/cheese3d_demo_model/backend/cheese3d_demo_model-houlab-2025-05-28/labeled-data/20240328_R17_rec_anes_008_L_16-13-14/img6529.png,/data/disk2/home/tony/demo1/model/cheese3d_demo_model/backend/cheese3d_demo_model-houlab-2025-05-28/labeled-data/20240328_R17_rec_anes_008_L_16-13-14/CollectedData_houlab.h5,16,28
Q1226,2,20240328_R17_rec_anes_008_R_16-13-14,img0267.png,/data/disk2/home/tony/demo1/model/cheese3d_demo_model/backend/cheese3d_demo_model-houlab-2025-05-28/labeled-data/20240328_R17_rec_anes_008_R_16-13-14/img0267.png,/data/disk2/home/tony/demo1/model/cheese3d_demo_model/backend/cheese3d_demo_model-houlab-2025-05-28/labeled-data/20240328_R17_rec_anes_008_R_16-13-14/CollectedData_houlab.h5,16,28
Q1227,2,20240328_R17_rec_anes_008_R_16-13-14,img6125.png,/data/disk2/home/tony/demo1/model/cheese3d_demo_model/backend/cheese3d_demo_model-houlab-2025-05-28/labeled-data/20240328_R17_rec_anes_008_R_16-13-14/img6125.png,/data/disk2/home/tony/demo1/model/cheese3d_demo_model/backend/cheese3d_demo_model-houlab-2025-05-28/labeled-data/20240328_R17_rec_anes_008_R_16-13-14/CollectedData_houlab.h5,16,28
Q1228,2,20240328_R17_rec_anes_008_TC_16-13-14,img0037.png,/data/disk2/home/tony/demo1/model/cheese3d_demo_model/backend/cheese3d_demo_model-houlab-2025-05-28/labeled-data/20240328_R17_rec_anes_008_TC_16-13-14/img0037.png,/data/disk2/home/tony/demo1/model/cheese3d_demo_model/backend/cheese3d_demo_model-houlab-2025-05-28/labeled-data/20240328_R17_rec_anes_008_TC_16-13-14/CollectedData_houlab.h5,12,28
Q1229,2,20240328_R17_rec_anes_008_TC_16-13-14,img6859.png,/data/disk2/home/tony/demo1/model/cheese3d_demo_model/backend/cheese3d_demo_model-houlab-2025-05-28/labeled-data/20240328_R17_rec_anes_008_TC_16-13-14/img6859.png,/data/disk2/home/tony/demo1/model/cheese3d_demo_model/backend/cheese3d_demo_model-houlab-2025-05-28/labeled-data/20240328_R17_rec_anes_008_TC_16-13-14/CollectedData_houlab.h5,12,28
Q1230,2,20240328_R17_rec_anes_008_TL_16-13-14,img0143.png,/data/disk2/home/tony/demo1/model/cheese3d_demo_model/backend/cheese3d_demo_model-houlab-2025-05-28/labeled-data/20240328_R17_rec_anes_008_TL_16-13-14/img0143.png,/data/disk2/home/tony/demo1/model/cheese3d_demo_model/backend/cheese3d_demo_model-houlab-2025-05-28/labeled-data/20240328_R17_rec_anes_008_TL_16-13-14/CollectedData_houlab.h5,12,28
Q1231,2,20240328_R17_rec_anes_008_TL_16-13-14,img6845.png,/data/disk2/home/tony/demo1/model/cheese3d_demo_model/backend/cheese3d_demo_model-houlab-2025-05-28/labeled-data/20240328_R17_rec_anes_008_TL_16-13-14/img6845.png,/data/disk2/home/tony/demo1/model/cheese3d_demo_model/backend/cheese3d_demo_model-houlab-2025-05-28/labeled-data/20240328_R17_rec_anes_008_TL_16-13-14/CollectedData_houlab.h5,12,28
Q1232,2,20240328_R17_rec_anes_008_TR_16-13-14,img0006.png,/data/disk2/home/tony/demo1/model/cheese3d_demo_model/backend/cheese3d_demo_model-houlab-2025-05-28/labeled-data/20240328_R17_rec_anes_008_TR_16-13-14/img0006.png,/data/disk2/home/tony/demo1/model/cheese3d_demo_model/backend/cheese3d_demo_model-houlab-2025-05-28/labeled-data/20240328_R17_rec_anes_008_TR_16-13-14/CollectedData_houlab.h5,12,28
Q1233,2,20240328_R17_rec_anes_008_TR_16-13-14,img3866.png,/data/disk2/home/tony/demo1/model/cheese3d_demo_model/backend/cheese3d_demo_model-houlab-2025-05-28/labeled-data/20240328_R17_rec_anes_008_TR_16-13-14/img3866.png,/data/disk2/home/tony/demo1/model/cheese3d_demo_model/backend/cheese3d_demo_model-houlab-2025-05-28/labeled-data/20240328_R17_rec_anes_008_TR_16-13-14/CollectedData_houlab.h5,12,28
Q1234,2,20240328_R17_rec_anes_009_BC_16-29-28,img00969.png,/data/disk2/home/tony/demo1/model/cheese3d_demo_model/backend/cheese3d_demo_model-houlab-2025-05-28/labeled-data/20240328_R17_rec_anes_009_BC_16-29-28/img00969.png,/data/disk2/home/tony/demo1/model/cheese3d_demo_model/backend/cheese3d_demo_model-houlab-2025-05-28/labeled-data/20240328_R17_rec_anes_009_BC_16-29-28/CollectedData_houlab.h5,11,28
Q1235,2,20240328_R17_rec_anes_009_BC_16-29-28,img81571.png,/data/disk2/home/tony/demo1/model/cheese3d_demo_model/backend/cheese3d_demo_model-houlab-2025-05-28/labeled-data/20240328_R17_rec_anes_009_BC_16-29-28/img81571.png,/data/disk2/home/tony/demo1/model/cheese3d_demo_model/backend/cheese3d_demo_model-houlab-2025-05-28/labeled-data/20240328_R17_rec_anes_009_BC_16-29-28/CollectedData_houlab.h5,11,28
Q1236,2,20240328_R17_rec_anes_009_L_16-29-28,img00775.png,/data/disk2/home/tony/demo1/model/cheese3d_demo_model/backend/cheese3d_demo_model-houlab-2025-05-28/labeled-data/20240328_R17_rec_anes_009_L_16-29-28/img00775.png,/data/disk2/home/tony/demo1/model/cheese3d_demo_model/backend/cheese3d_demo_model-houlab-2025-05-28/labeled-data/20240328_R17_rec_anes_009_L_16-29-28/CollectedData_houlab.h5,16,28
Q1237,2,20240328_R17_rec_anes_009_L_16-29-28,img17431.png,/data/disk2/home/tony/demo1/model/cheese3d_demo_model/backend/cheese3d_demo_model-houlab-2025-05-28/labeled-data/20240328_R17_rec_anes_009_L_16-29-28/img17431.png,/data/disk2/home/tony/demo1/model/cheese3d_demo_model/backend/cheese3d_demo_model-houlab-2025-05-28/labeled-data/20240328_R17_rec_anes_009_L_16-29-28/CollectedData_houlab.h5,16,28
Q1238,2,20240328_R17_rec_anes_009_L_16-29-28,img19851.png,/data/disk2/home/tony/demo1/model/cheese3d_demo_model/backend/cheese3d_demo_model-houlab-2025-05-28/labeled-data/20240328_R17_rec_anes_009_L_16-29-28/img19851.png,/data/disk2/home/tony/demo1/model/cheese3d_demo_model/backend/cheese3d_demo_model-houlab-2025-05-28/labeled-data/20240328_R17_rec_anes_009_L_16-29-28/CollectedData_houlab.h5,16,28
Q1239,2,20240328_R17_rec_anes_009_L_16-29-28,img29654.png,/data/disk2/home/tony/demo1/model/cheese3d_demo_model/backend/cheese3d_demo_model-houlab-2025-05-28/labeled-data/20240328_R17_rec_anes_009_L_16-29-28/img29654.png,/data/disk2/home/tony/demo1/model/cheese3d_demo_model/backend/cheese3d_demo_model-houlab-2025-05-28/labeled-data/20240328_R17_rec_anes_009_L_16-29-28/CollectedData_houlab.h5,16,28
Q1240,2,20240328_R17_rec_anes_009_L_16-29-28,img31601.png,/data/disk2/home/tony/demo1/model/cheese3d_demo_model/backend/cheese3d_demo_model-houlab-2025-05-28/labeled-data/20240328_R17_rec_anes_009_L_16-29-28/img31601.png,/data/disk2/home/tony/demo1/model/cheese3d_demo_model/backend/cheese3d_demo_model-houlab-2025-05-28/labeled-data/20240328_R17_rec_anes_009_L_16-29-28/CollectedData_houlab.h5,16,28
Q1241,2,20240328_R17_rec_anes_009_L_16-29-28,img40634.png,/data/disk2/home/tony/demo1/model/cheese3d_demo_model/backend/cheese3d_demo_model-houlab-2025-05-28/labeled-data/20240328_R17_rec_anes_009_L_16-29-28/img40634.png,/data/disk2/home/tony/demo1/model/cheese3d_demo_model/backend/cheese3d_demo_model-houlab-2025-05-28/labeled-data/20240328_R17_rec_anes_009_L_16-29-28/CollectedData_houlab.h5,16,28
Q1242,2,20240328_R17_rec_anes_009_L_16-29-28,img40844.png,/data/disk2/home/tony/demo1/model/cheese3d_demo_model/backend/cheese3d_demo_model-houlab-2025-05-28/labeled-data/20240328_R17_rec_anes_009_L_16-29-28/img40844.png,/data/disk2/home/tony/demo1/model/cheese3d_demo_model/backend/cheese3d_demo_model-houlab-2025-05-28/labeled-data/20240328_R17_rec_anes_009_L_16-29-28/CollectedData_houlab.h5,16,28
Q1243,2,20240328_R17_rec_anes_009_L_16-29-28,img43957.png,/data/disk2/home/tony/demo1/model/cheese3d_demo_model/backend/cheese3d_demo_model-houlab-2025-05-28/labeled-data/20240328_R17_rec_anes_009_L_16-29-28/img43957.png,/data/disk2/home/tony/demo1/model/cheese3d_demo_model/backend/cheese3d_demo_model-houlab-2025-05-28/labeled-data/20240328_R17_rec_anes_009_L_16-29-28/CollectedData_houlab.h5,16,28
Q1244,2,20240328_R17_rec_anes_009_L_16-29-28,img52968.png,/data/disk2/home/tony/demo1/model/cheese3d_demo_model/backend/cheese3d_demo_model-houlab-2025-05-28/labeled-data/20240328_R17_rec_anes_009_L_16-29-28/img52968.png,/data/disk2/home/tony/demo1/model/cheese3d_demo_model/backend/cheese3d_demo_model-houlab-2025-05-28/labeled-data/20240328_R17_rec_anes_009_L_16-29-28/CollectedData_houlab.h5,16,28
Q1245,2,20240328_R17_rec_anes_009_L_16-29-28,img69587.png,/data/disk2/home/tony/demo1/model/cheese3d_demo_model/backend/cheese3d_demo_model-houlab-2025-05-28/labeled-data/20240328_R17_rec_anes_009_L_16-29-28/img69587.png,/data/disk2/home/tony/demo1/model/cheese3d_demo_model/backend/cheese3d_demo_model-houlab-2025-05-28/labeled-data/20240328_R17_rec_anes_009_L_16-29-28/CollectedData_houlab.h5,16,28
Q1246,2,20240328_R17_rec_anes_009_L_16-29-28,img71681.png,/data/disk2/home/tony/demo1/model/cheese3d_demo_model/backend/cheese3d_demo_model-houlab-2025-05-28/labeled-data/20240328_R17_rec_anes_009_L_16-29-28/img71681.png,/data/disk2/home/tony/demo1/model/cheese3d_demo_model/backend/cheese3d_demo_model-houlab-2025-05-28/labeled-data/20240328_R17_rec_anes_009_L_16-29-28/CollectedData_houlab.h5,16,28
Q1247,2,20240328_R17_rec_anes_009_L_16-29-28,img73139.png,/data/disk2/home/tony/demo1/model/cheese3d_demo_model/backend/cheese3d_demo_model-houlab-2025-05-28/labeled-data/20240328_R17_rec_anes_009_L_16-29-28/img73139.png,/data/disk2/home/tony/demo1/model/cheese3d_demo_model/backend/cheese3d_demo_model-houlab-2025-05-28/labeled-data/20240328_R17_rec_anes_009_L_16-29-28/CollectedData_houlab.h5,16,28
Q1248,2,20240328_R17_rec_anes_009_L_16-29-28,img77881.png,/data/disk2/home/tony/demo1/model/cheese3d_demo_model/backend/cheese3d_demo_model-houlab-2025-05-28/labeled-data/20240328_R17_rec_anes_009_L_16-29-28/img77881.png,/data/disk2/home/tony/demo1/model/cheese3d_demo_model/backend/cheese3d_demo_model-houlab-2025-05-28/labeled-data/20240328_R17_rec_anes_009_L_16-29-28/CollectedData_houlab.h5,16,28
Q1249,2,20240328_R17_rec_anes_009_L_16-29-28,img78242.png,/data/disk2/home/tony/demo1/model/cheese3d_demo_model/backend/cheese3d_demo_model-houlab-2025-05-28/labeled-data/20240328_R17_rec_anes_009_L_16-29-28/img78242.png,/data/disk2/home/tony/demo1/model/cheese3d_demo_model/backend/cheese3d_demo_model-houlab-2025-05-28/labeled-data/20240328_R17_rec_anes_009_L_16-29-28/CollectedData_houlab.h5,16,28
Q1250,2,20240328_R17_rec_anes_009_L_16-29-28,img78564.png,/data/disk2/home/tony/demo1/model/cheese3d_demo_model/backend/cheese3d_demo_model-houlab-2025-05-28/labeled-data/20240328_R17_rec_anes_009_L_16-29-28/img78564.png,/data/disk2/home/tony/demo1/model/cheese3d_demo_model/backend/cheese3d_demo_model-houlab-2025-05-28/labeled-data/20240328_R17_rec_anes_009_L_16-29-28/CollectedData_houlab.h5,16,28
Q1251,2,20240328_R17_rec_anes_009_L_16-29-28,img79506.png,/data/disk2/home/tony/demo1/model/cheese3d_demo_model/backend/cheese3d_demo_model-houlab-2025-05-28/labeled-data/20240328_R17_rec_anes_009_L_16-29-28/img79506.png,/data/disk2/home/tony/demo1/model/cheese3d_demo_model/backend/cheese3d_demo_model-houlab-2025-05-28/labeled-data/20240328_R17_rec_anes_009_L_16-29-28/CollectedData_houlab.h5,16,28
Q1252,2,20240328_R17_rec_anes_009_L_16-29-28,img79677.png,/data/disk2/home/tony/demo1/model/cheese3d_demo_model/backend/cheese3d_demo_model-houlab-2025-05-28/labeled-data/20240328_R17_rec_anes_009_L_16-29-28/img79677.png,/data/disk2/home/tony/demo1/model/cheese3d_demo_model/backend/cheese3d_demo_model-houlab-2025-05-28/labeled-data/20240328_R17_rec_anes_009_L_16-29-28/CollectedData_houlab.h5,16,28
Q1253,2,20240328_R17_rec_anes_009_L_16-29-28,img81091.png,/data/disk2/home/tony/demo1/model/cheese3d_demo_model/backend/cheese3d_demo_model-houlab-2025-05-28/labeled-data/20240328_R17_rec_anes_009_L_16-29-28/img81091.png,/data/disk2/home/tony/demo1/model/cheese3d_demo_model/backend/cheese3d_demo_model-houlab-2025-05-28/labeled-data/20240328_R17_rec_anes_009_L_16-29-28/CollectedData_houlab.h5,16,28
Q1254,2,20240328_R17_rec_anes_009_L_16-29-28,img82067.png,/data/disk2/home/tony/demo1/model/cheese3d_demo_model/backend/cheese3d_demo_model-houlab-2025-05-28/labeled-data/20240328_R17_rec_anes_009_L_16-29-28/img82067.png,/data/disk2/home/tony/demo1/model/cheese3d_demo_model/backend/cheese3d_demo_model-houlab-2025-05-28/labeled-data/20240328_R17_rec_anes_009_L_16-29-28/CollectedData_houlab.h5,16,28
Q1255,2,20240328_R17_rec_anes_009_R_16-29-28,img00325.png,/data/disk2/home/tony/demo1/model/cheese3d_demo_model/backend/cheese3d_demo_model-houlab-2025-05-28/labeled-data/20240328_R17_rec_anes_009_R_16-29-28/img00325.png,/data/disk2/home/tony/demo1/model/cheese3d_demo_model/backend/cheese3d_demo_model-houlab-2025-05-28/labeled-data/20240328_R17_rec_anes_009_R_16-29-28/CollectedData_houlab.h5,16,28
Q1256,2,20240328_R17_rec_anes_009_R_16-29-28,img81318.png,/data/disk2/home/tony/demo1/model/cheese3d_demo_model/backend/cheese3d_demo_model-houlab-2025-05-28/labeled-data/20240328_R17_rec_anes_009_R_16-29-28/img81318.png,/data/disk2/home/tony/demo1/model/cheese3d_demo_model/backend/cheese3d_demo_model-houlab-2025-05-28/labeled-data/20240328_R17_rec_anes_009_R_16-29-28/CollectedData_houlab.h5,16,28
Q1257,2,20240328_R17_rec_anes_009_TC_16-29-28,img01309.png,/data/disk2/home/tony/demo1/model/cheese3d_demo_model/backend/cheese3d_demo_model-houlab-2025-05-28/labeled-data/20240328_R17_rec_anes_009_TC_16-29-28/img01309.png,/data/disk2/home/tony/demo1/model/cheese3d_demo_model/backend/cheese3d_demo_model-houlab-2025-05-28/labeled-data/20240328_R17_rec_anes_009_TC_16-29-28/CollectedData_houlab.h5,13,28
Q1258,2,20240328_R17_rec_anes_009_TC_16-29-28,img81506.png,/data/disk2/home/tony/demo1/model/cheese3d_demo_model/backend/cheese3d_demo_model-houlab-2025-05-28/labeled-data/20240328_R17_rec_anes_009_TC_16-29-28/img81506.png,/data/disk2/home/tony/demo1/model/cheese3d_demo_model/backend/cheese3d_demo_model-houlab-2025-05-28/labeled-data/20240328_R17_rec_anes_009_TC_16-29-28/CollectedData_houlab.h5,12,28
Q1259,2,20240328_R17_rec_anes_009_TL_16-29-28,img08135.png,/data/disk2/home/tony/demo1/model/cheese3d_demo_model/backend/cheese3d_demo_model-houlab-2025-05-28/labeled-data/20240328_R17_rec_anes_009_TL_16-29-28/img08135.png,/data/disk2/home/tony/demo1/model/cheese3d_demo_model/backend/cheese3d_demo_model-houlab-2025-05-28/labeled-data/20240328_R17_rec_anes_009_TL_16-29-28/CollectedData_houlab.h5,12,28
Q1260,2,20240328_R17_rec_anes_009_TL_16-29-28,img81602.png,/data/disk2/home/tony/demo1/model/cheese3d_demo_model/backend/cheese3d_demo_model-houlab-2025-05-28/labeled-data/20240328_R17_rec_anes_009_TL_16-29-28/img81602.png,/data/disk2/home/tony/demo1/model/cheese3d_demo_model/backend/cheese3d_demo_model-houlab-2025-05-28/labeled-data/20240328_R17_rec_anes_009_TL_16-29-28/CollectedData_houlab.h5,12,28
Q1261,2,20240328_R17_rec_anes_009_TR_16-29-28,img00579.png,/data/disk2/home/tony/demo1/model/cheese3d_demo_model/backend/cheese3d_demo_model-houlab-2025-05-28/labeled-data/20240328_R17_rec_anes_009_TR_16-29-28/img00579.png,/data/disk2/home/tony/demo1/model/cheese3d_demo_model/backend/cheese3d_demo_model-houlab-2025-05-28/labeled-data/20240328_R17_rec_anes_009_TR_16-29-28/CollectedData_houlab.h5,12,28
Q1262,2,20240328_R17_rec_anes_009_TR_16-29-28,img81675.png,/data/disk2/home/tony/demo1/model/cheese3d_demo_model/backend/cheese3d_demo_model-houlab-2025-05-28/labeled-data/20240328_R17_rec_anes_009_TR_16-29-28/img81675.png,/data/disk2/home/tony/demo1/model/cheese3d_demo_model/backend/cheese3d_demo_model-houlab-2025-05-28/labeled-data/20240328_R17_rec_anes_009_TR_16-29-28/CollectedData_houlab.h5,12,28
Q1263,2,20240328_R17_rec_anes_010_BC_16-43-43,img0549.png,/data/disk2/home/tony/demo1/model/cheese3d_demo_model/backend/cheese3d_demo_model-houlab-2025-05-28/labeled-data/20240328_R17_rec_anes_010_BC_16-43-43/img0549.png,/data/disk2/home/tony/demo1/model/cheese3d_demo_model/backend/cheese3d_demo_model-houlab-2025-05-28/labeled-data/20240328_R17_rec_anes_010_BC_16-43-43/CollectedData_houlab.h5,11,28
Q1264,2,20240328_R17_rec_anes_010_BC_16-43-43,img7006.png,/data/disk2/home/tony/demo1/model/cheese3d_demo_model/backend/cheese3d_demo_model-houlab-2025-05-28/labeled-data/20240328_R17_rec_anes_010_BC_16-43-43/img7006.png,/data/disk2/home/tony/demo1/model/cheese3d_demo_model/backend/cheese3d_demo_model-houlab-2025-05-28/labeled-data/20240328_R17_rec_anes_010_BC_16-43-43/CollectedData_houlab.h5,11,28
Q1265,2,20240328_R17_rec_anes_010_L_16-43-43,img0131.png,/data/disk2/home/tony/demo1/model/cheese3d_demo_model/backend/cheese3d_demo_model-houlab-2025-05-28/labeled-data/20240328_R17_rec_anes_010_L_16-43-43/img0131.png,/data/disk2/home/tony/demo1/model/cheese3d_demo_model/backend/cheese3d_demo_model-houlab-2025-05-28/labeled-data/20240328_R17_rec_anes_010_L_16-43-43/CollectedData_houlab.h5,16,28
Q1266,2,20240328_R17_rec_anes_010_L_16-43-43,img0842.png,/data/disk2/home/tony/demo1/model/cheese3d_demo_model/backend/cheese3d_demo_model-houlab-2025-05-28/labeled-data/20240328_R17_rec_anes_010_L_16-43-43/img0842.png,/data/disk2/home/tony/demo1/model/cheese3d_demo_model/backend/cheese3d_demo_model-houlab-2025-05-28/labeled-data/20240328_R17_rec_anes_010_L_16-43-43/CollectedData_houlab.h5,16,28
Q1267,2,20240328_R17_rec_anes_010_L_16-43-43,img1043.png,/data/disk2/home/tony/demo1/model/cheese3d_demo_model/backend/cheese3d_demo_model-houlab-2025-05-28/labeled-data/20240328_R17_rec_anes_010_L_16-43-43/img1043.png,/data/disk2/home/tony/demo1/model/cheese3d_demo_model/backend/cheese3d_demo_model-houlab-2025-05-28/labeled-data/20240328_R17_rec_anes_010_L_16-43-43/CollectedData_houlab.h5,16,28
Q1268,2,20240328_R17_rec_anes_010_L_16-43-43,img1160.png,/data/disk2/home/tony/demo1/model/cheese3d_demo_model/backend/cheese3d_demo_model-houlab-2025-05-28/labeled-data/20240328_R17_rec_anes_010_L_16-43-43/img1160.png,/data/disk2/home/tony/demo1/model/cheese3d_demo_model/backend/cheese3d_demo_model-houlab-2025-05-28/labeled-data/20240328_R17_rec_anes_010_L_16-43-43/CollectedData_houlab.h5,16,28
Q1269,2,20240328_R17_rec_anes_010_L_16-43-43,img1321.png,/data/disk2/home/tony/demo1/model/cheese3d_demo_model/backend/cheese3d_demo_model-houlab-2025-05-28/labeled-data/20240328_R17_rec_anes_010_L_16-43-43/img1321.png,/data/disk2/home/tony/demo1/model/cheese3d_demo_model/backend/cheese3d_demo_model-houlab-2025-05-28/labeled-data/20240328_R17_rec_anes_010_L_16-43-43/CollectedData_houlab.h5,16,28
Q1270,2,20240328_R17_rec_anes_010_L_16-43-43,img1835.png,/data/disk2/home/tony/demo1/model/cheese3d_demo_model/backend/cheese3d_demo_model-houlab-2025-05-28/labeled-data/20240328_R17_rec_anes_010_L_16-43-43/img1835.png,/data/disk2/home/tony/demo1/model/cheese3d_demo_model/backend/cheese3d_demo_model-houlab-2025-05-28/labeled-data/20240328_R17_rec_anes_010_L_16-43-43/CollectedData_houlab.h5,16,28
Q1271,2,20240328_R17_rec_anes_010_L_16-43-43,img2116.png,/data/disk2/home/tony/demo1/model/cheese3d_demo_model/backend/cheese3d_demo_model-houlab-2025-05-28/labeled-data/20240328_R17_rec_anes_010_L_16-43-43/img2116.png,/data/disk2/home/tony/demo1/model/cheese3d_demo_model/backend/cheese3d_demo_model-houlab-2025-05-28/labeled-data/20240328_R17_rec_anes_010_L_16-43-43/CollectedData_houlab.h5,16,28
Q1272,2,20240328_R17_rec_anes_010_L_16-43-43,img2170.png,/data/disk2/home/tony/demo1/model/cheese3d_demo_model/backend/cheese3d_demo_model-houlab-2025-05-28/labeled-data/20240328_R17_rec_anes_010_L_16-43-43/img2170.png,/data/disk2/home/tony/demo1/model/cheese3d_demo_model/backend/cheese3d_demo_model-houlab-2025-05-28/labeled-data/20240328_R17_rec_anes_010_L_16-43-43/CollectedData_houlab.h5,16,28
Q1273,2,20240328_R17_rec_anes_010_L_16-43-43,img2347.png,/data/disk2/home/tony/demo1/model/cheese3d_demo_model/backend/cheese3d_demo_model-houlab-2025-05-28/labeled-data/20240328_R17_rec_anes_010_L_16-43-43/img2347.png,/data/disk2/home/tony/demo1/model/cheese3d_demo_model/backend/cheese3d_demo_model-houlab-2025-05-28/labeled-data/20240328_R17_rec_anes_010_L_16-43-43/CollectedData_houlab.h5,16,28
Q1274,2,20240328_R17_rec_anes_010_L_16-43-43,img2558.png,/data/disk2/home/tony/demo1/model/cheese3d_demo_model/backend/cheese3d_demo_model-houlab-2025-05-28/labeled-data/20240328_R17_rec_anes_010_L_16-43-43/img2558.png,/data/disk2/home/tony/demo1/model/cheese3d_demo_model/backend/cheese3d_demo_model-houlab-2025-05-28/labeled-data/20240328_R17_rec_anes_010_L_16-43-43/CollectedData_houlab.h5,16,28
Q1275,2,20240328_R17_rec_anes_010_L_16-43-43,img2746.png,/data/disk2/home/tony/demo1/model/cheese3d_demo_model/backend/cheese3d_demo_model-houlab-2025-05-28/labeled-data/20240328_R17_rec_anes_010_L_16-43-43/img2746.png,/data/disk2/home/tony/demo1/model/cheese3d_demo_model/backend/cheese3d_demo_model-houlab-2025-05-28/labeled-data/20240328_R17_rec_anes_010_L_16-43-43/CollectedData_houlab.h5,16,28
Q1276,2,20240328_R17_rec_anes_010_L_16-43-43,img3376.png,/data/disk2/home/tony/demo1/model/cheese3d_demo_model/backend/cheese3d_demo_model-houlab-2025-05-28/labeled-data/20240328_R17_rec_anes_010_L_16-43-43/img3376.png,/data/disk2/home/tony/demo1/model/cheese3d_demo_model/backend/cheese3d_demo_model-houlab-2025-05-28/labeled-data/20240328_R17_rec_anes_010_L_16-43-43/CollectedData_houlab.h5,16,28
Q1277,2,20240328_R17_rec_anes_010_L_16-43-43,img3727.png,/data/disk2/home/tony/demo1/model/cheese3d_demo_model/backend/cheese3d_demo_model-houlab-2025-05-28/labeled-data/20240328_R17_rec_anes_010_L_16-43-43/img3727.png,/data/disk2/home/tony/demo1/model/cheese3d_demo_model/backend/cheese3d_demo_model-houlab-2025-05-28/labeled-data/20240328_R17_rec_anes_010_L_16-43-43/CollectedData_houlab.h5,16,28
Q1278,2,20240328_R17_rec_anes_010_L_16-43-43,img4055.png,/data/disk2/home/tony/demo1/model/cheese3d_demo_model/backend/cheese3d_demo_model-houlab-2025-05-28/labeled-data/20240328_R17_rec_anes_010_L_16-43-43/img4055.png,/data/disk2/home/tony/demo1/model/cheese3d_demo_model/backend/cheese3d_demo_model-houlab-2025-05-28/labeled-data/20240328_R17_rec_anes_010_L_16-43-43/CollectedData_houlab.h5,16,28
Q1279,2,20240328_R17_rec_anes_010_L_16-43-43,img4121.png,/data/disk2/home/tony/demo1/model/cheese3d_demo_model/backend/cheese3d_demo_model-houlab-2025-05-28/labeled-data/20240328_R17_rec_anes_010_L_16-43-43/img4121.png,/data/disk2/home/tony/demo1/model/cheese3d_demo_model/backend/cheese3d_demo_model-houlab-2025-05-28/labeled-data/20240328_R17_rec_anes_010_L_16-43-43/CollectedData_houlab.h5,16,28
Q1280,2,20240328_R17_rec_anes_010_L_16-43-43,img4822.png,/data/disk2/home/tony/demo1/model/cheese3d_demo_model/backend/cheese3d_demo_model-houlab-2025-05-28/labeled-data/20240328_R17_rec_anes_010_L_16-43-43/img4822.png,/data/disk2/home/tony/demo1/model/cheese3d_demo_model/backend/cheese3d_demo_model-houlab-2025-05-28/labeled-data/20240328_R17_rec_anes_010_L_16-43-43/CollectedData_houlab.h5,16,28
Q1281,2,20240328_R17_rec_anes_010_L_16-43-43,img5371.png,/data/disk2/home/tony/demo1/model/cheese3d_demo_model/backend/cheese3d_demo_model-houlab-2025-05-28/labeled-data/20240328_R17_rec_anes_010_L_16-43-43/img5371.png,/data/disk2/home/tony/demo1/model/cheese3d_demo_model/backend/cheese3d_demo_model-houlab-2025-05-28/labeled-data/20240328_R17_rec_anes_010_L_16-43-43/CollectedData_houlab.h5,16,28
Q1282,2,20240328_R17_rec_anes_010_L_16-43-43,img5405.png,/data/disk2/home/tony/demo1/model/cheese3d_demo_model/backend/cheese3d_demo_model-houlab-2025-05-28/labeled-data/20240328_R17_rec_anes_010_L_16-43-43/img5405.png,/data/disk2/home/tony/demo1/model/cheese3d_demo_model/backend/cheese3d_demo_model-houlab-2025-05-28/labeled-data/20240328_R17_rec_anes_010_L_16-43-43/CollectedData_houlab.h5,16,28
Q1283,2,20240328_R17_rec_anes_010_L_16-43-43,img5453.png,/data/disk2/home/tony/demo1/model/cheese3d_demo_model/backend/cheese3d_demo_model-houlab-2025-05-28/labeled-data/20240328_R17_rec_anes_010_L_16-43-43/img5453.png,/data/disk2/home/tony/demo1/model/cheese3d_demo_model/backend/cheese3d_demo_model-houlab-2025-05-28/labeled-data/20240328_R17_rec_anes_010_L_16-43-43/CollectedData_houlab.h5,16,28
Q1284,2,20240328_R17_rec_anes_010_L_16-43-43,img5753.png,/data/disk2/home/tony/demo1/model/cheese3d_demo_model/backend/cheese3d_demo_model-houlab-2025-05-28/labeled-data/20240328_R17_rec_anes_010_L_16-43-43/img5753.png,/data/disk2/home/tony/demo1/model/cheese3d_demo_model/backend/cheese3d_demo_model-houlab-2025-05-28/labeled-data/20240328_R17_rec_anes_010_L_16-43-43/CollectedData_houlab.h5,16,28
Q1285,2,20240328_R17_rec_anes_010_R_16-43-43,img0707.png,/data/disk2/home/tony/demo1/model/cheese3d_demo_model/backend/cheese3d_demo_model-houlab-2025-05-28/labeled-data/20240328_R17_rec_anes_010_R_16-43-43/img0707.png,/data/disk2/home/tony/demo1/model/cheese3d_demo_model/backend/cheese3d_demo_model-houlab-2025-05-28/labeled-data/20240328_R17_rec_anes_010_R_16-43-43/CollectedData_houlab.h5,16,28
Q1286,2,20240328_R17_rec_anes_010_R_16-43-43,img6384.png,/data/disk2/home/tony/demo1/model/cheese3d_demo_model/backend/cheese3d_demo_model-houlab-2025-05-28/labeled-data/20240328_R17_rec_anes_010_R_16-43-43/img6384.png,/data/disk2/home/tony/demo1/model/cheese3d_demo_model/backend/cheese3d_demo_model-houlab-2025-05-28/labeled-data/20240328_R17_rec_anes_010_R_16-43-43/CollectedData_houlab.h5,16,28
Q1287,2,20240328_R17_rec_anes_010_TC_16-43-43,img0006.png,/data/disk2/home/tony/demo1/model/cheese3d_demo_model/backend/cheese3d_demo_model-houlab-2025-05-28/labeled-data/20240328_R17_rec_anes_010_TC_16-43-43/img0006.png,/data/disk2/home/tony/demo1/model/cheese3d_demo_model/backend/cheese3d_demo_model-houlab-2025-05-28/labeled-data/20240328_R17_rec_anes_010_TC_16-43-43/CollectedData_houlab.h5,12,28
Q1288,2,20240328_R17_rec_anes_010_TC_16-43-43,img6869.png,/data/disk2/home/tony/demo1/model/cheese3d_demo_model/backend/cheese3d_demo_model-houlab-2025-05-28/labeled-data/20240328_R17_rec_anes_010_TC_16-43-43/img6869.png,/data/disk2/home/tony/demo1/model/cheese3d_demo_model/backend/cheese3d_demo_model-houlab-2025-05-28/labeled-data/20240328_R17_rec_anes_010_TC_16-43-43/CollectedData_houlab.h5,12,28
Q1289,2,20240328_R17_rec_anes_010_TL_16-43-43,img0517.png,/data/disk2/home/tony/demo1/model/cheese3d_demo_model/backend/cheese3d_demo_model-houlab-2025-05-28/labeled-data/20240328_R17_rec_anes_010_TL_16-43-43/img0517.png,/data/disk2/home/tony/demo1/model/cheese3d_demo_model/backend/cheese3d_demo_model-houlab-2025-05-28/labeled-data/20240328_R17_rec_anes_010_TL_16-43-43/CollectedData_houlab.h5,12,28
Q1290,2,20240328_R17_rec_anes_010_TL_16-43-43,img5819.png,/data/disk2/home/tony/demo1/model/cheese3d_demo_model/backend/cheese3d_demo_model-houlab-2025-05-28/labeled-data/20240328_R17_rec_anes_010_TL_16-43-43/img5819.png,/data/disk2/home/tony/demo1/model/cheese3d_demo_model/backend/cheese3d_demo_model-houlab-2025-05-28/labeled-data/20240328_R17_rec_anes_010_TL_16-43-43/CollectedData_houlab.h5,12,28
Q1291,2,20240328_R17_rec_anes_010_TR_16-43-43,img0020.png,/data/disk2/home/tony/demo1/model/cheese3d_demo_model/backend/cheese3d_demo_model-houlab-2025-05-28/labeled-data/20240328_R17_rec_anes_010_TR_16-43-43/img0020.png,/data/disk2/home/tony/demo1/model/cheese3d_demo_model/backend/cheese3d_demo_model-houlab-2025-05-28/labeled-data/20240328_R17_rec_anes_010_TR_16-43-43/CollectedData_houlab.h5,12,28
Q1292,2,20240328_R17_rec_anes_010_TR_16-43-43,img6048.png,/data/disk2/home/tony/demo1/model/cheese3d_demo_model/backend/cheese3d_demo_model-houlab-2025-05-28/labeled-data/20240328_R17_rec_anes_010_TR_16-43-43/img6048.png,/data/disk2/home/tony/demo1/model/cheese3d_demo_model/backend/cheese3d_demo_model-houlab-2025-05-28/labeled-data/20240328_R17_rec_anes_010_TR_16-43-43/CollectedData_houlab.h5,12,28
Q1293,2,20240328_R17_rec_rec_000_BC_08-45-58,img00107.png,/data/disk2/home/tony/demo1/model/cheese3d_demo_model/backend/cheese3d_demo_model-houlab-2025-05-28/labeled-data/20240328_R17_rec_rec_000_BC_08-45-58/img00107.png,/data/disk2/home/tony/demo1/model/cheese3d_demo_model/backend/cheese3d_demo_model-houlab-2025-05-28/labeled-data/20240328_R17_rec_rec_000_BC_08-45-58/CollectedData_houlab.h5,11,28
Q1294,2,20240328_R17_rec_rec_000_BC_08-45-58,img15686.png,/data/disk2/home/tony/demo1/model/cheese3d_demo_model/backend/cheese3d_demo_model-houlab-2025-05-28/labeled-data/20240328_R17_rec_rec_000_BC_08-45-58/img15686.png,/data/disk2/home/tony/demo1/model/cheese3d_demo_model/backend/cheese3d_demo_model-houlab-2025-05-28/labeled-data/20240328_R17_rec_rec_000_BC_08-45-58/CollectedData_houlab.h5,11,28
Q1295,3,20240328_R17_rec_rec_000_L_08-45-58,img00177.png,/data/disk2/home/tony/demo1/model/cheese3d_demo_model/backend/cheese3d_demo_model-houlab-2025-05-28/labeled-data/20240328_R17_rec_rec_000_L_08-45-58/img00177.png,/data/disk2/home/tony/demo1/model/cheese3d_demo_model/backend/cheese3d_demo_model-houlab-2025-05-28/labeled-data/20240328_R17_rec_rec_000_L_08-45-58/CollectedData_houlab.h5,16,28
Q1296,3,20240328_R17_rec_rec_000_L_08-45-58,img00781.png,/data/disk2/home/tony/demo1/model/cheese3d_demo_model/backend/cheese3d_demo_model-houlab-2025-05-28/labeled-data/20240328_R17_rec_rec_000_L_08-45-58/img00781.png,/data/disk2/home/tony/demo1/model/cheese3d_demo_model/backend/cheese3d_demo_model-houlab-2025-05-28/labeled-data/20240328_R17_rec_rec_000_L_08-45-58/CollectedData_houlab.h5,16,28
Q1297,3,20240328_R17_rec_rec_000_L_08-45-58,img02073.png,/data/disk2/home/tony/demo1/model/cheese3d_demo_model/backend/cheese3d_demo_model-houlab-2025-05-28/labeled-data/20240328_R17_rec_rec_000_L_08-45-58/img02073.png,/data/disk2/home/tony/demo1/model/cheese3d_demo_model/backend/cheese3d_demo_model-houlab-2025-05-28/labeled-data/20240328_R17_rec_rec_000_L_08-45-58/CollectedData_houlab.h5,16,28
Q1298,3,20240328_R17_rec_rec_000_L_08-45-58,img03681.png,/data/disk2/home/tony/demo1/model/cheese3d_demo_model/backend/cheese3d_demo_model-houlab-2025-05-28/labeled-data/20240328_R17_rec_rec_000_L_08-45-58/img03681.png,/data/disk2/home/tony/demo1/model/cheese3d_demo_model/backend/cheese3d_demo_model-houlab-2025-05-28/labeled-data/20240328_R17_rec_rec_000_L_08-45-58/CollectedData_houlab.h5,16,28
Q1299,3,20240328_R17_rec_rec_000_L_08-45-58,img04822.png,/data/disk2/home/tony/demo1/model/cheese3d_demo_model/backend/cheese3d_demo_model-houlab-2025-05-28/labeled-data/20240328_R17_rec_rec_000_L_08-45-58/img04822.png,/data/disk2/home/tony/demo1/model/cheese3d_demo_model/backend/cheese3d_demo_model-houlab-2025-05-28/labeled-data/20240328_R17_rec_rec_000_L_08-45-58/CollectedData_houlab.h5,16,28
Q1300,3,20240328_R17_rec_rec_000_L_08-45-58,img05272.png,/data/disk2/home/tony/demo1/model/cheese3d_demo_model/backend/cheese3d_demo_model-houlab-2025-05-28/labeled-data/20240328_R17_rec_rec_000_L_08-45-58/img05272.png,/data/disk2/home/tony/demo1/model/cheese3d_demo_model/backend/cheese3d_demo_model-houlab-2025-05-28/labeled-data/20240328_R17_rec_rec_000_L_08-45-58/CollectedData_houlab.h5,16,28
Q1301,3,20240328_R17_rec_rec_000_L_08-45-58,img05984.png,/data/disk2/home/tony/demo1/model/cheese3d_demo_model/backend/cheese3d_demo_model-houlab-2025-05-28/labeled-data/20240328_R17_rec_rec_000_L_08-45-58/img05984.png,/data/disk2/home/tony/demo1/model/cheese3d_demo_model/backend/cheese3d_demo_model-houlab-2025-05-28/labeled-data/20240328_R17_rec_rec_000_L_08-45-58/CollectedData_houlab.h5,16,28
Q1302,3,20240328_R17_rec_rec_000_L_08-45-58,img06295.png,/data/disk2/home/tony/demo1/model/cheese3d_demo_model/backend/cheese3d_demo_model-houlab-2025-05-28/labeled-data/20240328_R17_rec_rec_000_L_08-45-58/img06295.png,/data/disk2/home/tony/demo1/model/cheese3d_demo_model/backend/cheese3d_demo_model-houlab-2025-05-28/labeled-data/20240328_R17_rec_rec_000_L_08-45-58/CollectedData_houlab.h5,16,28
Q1303,3,20240328_R17_rec_rec_000_L_08-45-58,img08061.png,/data/disk2/home/tony/demo1/model/cheese3d_demo_model/backend/cheese3d_demo_model-houlab-2025-05-28/labeled-data/20240328_R17_rec_rec_000_L_08-45-58/img08061.png,/data/disk2/home/tony/demo1/model/cheese3d_demo_model/backend/cheese3d_demo_model-houlab-2025-05-28/labeled-data/20240328_R17_rec_rec_000_L_08-45-58/CollectedData_houlab.h5,16,28
Q1304,3,20240328_R17_rec_rec_000_L_08-45-58,img08725.png,/data/disk2/home/tony/demo1/model/cheese3d_demo_model/backend/cheese3d_demo_model-houlab-2025-05-28/labeled-data/20240328_R17_rec_rec_000_L_08-45-58/img08725.png,/data/disk2/home/tony/demo1/model/cheese3d_demo_model/backend/cheese3d_demo_model-houlab-2025-05-28/labeled-data/20240328_R17_rec_rec_000_L_08-45-58/CollectedData_houlab.h5,16,28
Q1305,3,20240328_R17_rec_rec_000_L_08-45-58,img09283.png,/data/disk2/home/tony/demo1/model/cheese3d_demo_model/backend/cheese3d_demo_model-houlab-2025-05-28/labeled-data/20240328_R17_rec_rec_000_L_08-45-58/img09283.png,/data/disk2/home/tony/demo1/model/cheese3d_demo_model/backend/cheese3d_demo_model-houlab-2025-05-28/labeled-data/20240328_R17_rec_rec_000_L_08-45-58/CollectedData_houlab.h5,16,28
Q1306,3,20240328_R17_rec_rec_000_L_08-45-58,img10125.png,/data/disk2/home/tony/demo1/model/cheese3d_demo_model/backend/cheese3d_demo_model-houlab-2025-05-28/labeled-data/20240328_R17_rec_rec_000_L_08-45-58/img10125.png,/data/disk2/home/tony/demo1/model/cheese3d_demo_model/backend/cheese3d_demo_model-houlab-2025-05-28/labeled-data/20240328_R17_rec_rec_000_L_08-45-58/CollectedData_houlab.h5,16,28
Q1307,3,20240328_R17_rec_rec_000_L_08-45-58,img10245.png,/data/disk2/home/tony/demo1/model/cheese3d_demo_model/backend/cheese3d_demo_model-houlab-2025-05-28/labeled-data/20240328_R17_rec_rec_000_L_08-45-58/img10245.png,/data/disk2/home/tony/demo1/model/cheese3d_demo_model/backend/cheese3d_demo_model-houlab-2025-05-28/labeled-data/20240328_R17_rec_rec_000_L_08-45-58/CollectedData_houlab.h5,16,28
Q1308,3,20240328_R17_rec_rec_000_L_08-45-58,img11288.png,/data/disk2/home/tony/demo1/model/cheese3d_demo_model/backend/cheese3d_demo_model-houlab-2025-05-28/labeled-data/20240328_R17_rec_rec_000_L_08-45-58/img11288.png,/data/disk2/home/tony/demo1/model/cheese3d_demo_model/backend/cheese3d_demo_model-houlab-2025-05-28/labeled-data/20240328_R17_rec_rec_000_L_08-45-58/CollectedData_houlab.h5,16,28
Q1309,3,20240328_R17_rec_rec_000_L_08-45-58,img12813.png,/data/disk2/home/tony/demo1/model/cheese3d_demo_model/backend/cheese3d_demo_model-houlab-2025-05-28/labeled-data/20240328_R17_rec_rec_000_L_08-45-58/img12813.png,/data/disk2/home/tony/demo1/model/cheese3d_demo_model/backend/cheese3d_demo_model-houlab-2025-05-28/labeled-data/20240328_R17_rec_rec_000_L_08-45-58/CollectedData_houlab.h5,16,28
Q1310,3,20240328_R17_rec_rec_000_L_08-45-58,img13379.png,/data/disk2/home/tony/demo1/model/cheese3d_demo_model/backend/cheese3d_demo_model-houlab-2025-05-28/labeled-data/20240328_R17_rec_rec_000_L_08-45-58/img13379.png,/data/disk2/home/tony/demo1/model/cheese3d_demo_model/backend/cheese3d_demo_model-houlab-2025-05-28/labeled-data/20240328_R17_rec_rec_000_L_08-45-58/CollectedData_houlab.h5,16,28
Q1311,3,20240328_R17_rec_rec_000_L_08-45-58,img14643.png,/data/disk2/home/tony/demo1/model/cheese3d_demo_model/backend/cheese3d_demo_model-houlab-2025-05-28/labeled-data/20240328_R17_rec_rec_000_L_08-45-58/img14643.png,/data/disk2/home/tony/demo1/model/cheese3d_demo_model/backend/cheese3d_demo_model-houlab-2025-05-28/labeled-data/20240328_R17_rec_rec_000_L_08-45-58/CollectedData_houlab.h5,16,28
Q1312,3,20240328_R17_rec_rec_000_L_08-45-58,img15200.png,/data/disk2/home/tony/demo1/model/cheese3d_demo_model/backend/cheese3d_demo_model-houlab-2025-05-28/labeled-data/20240328_R17_rec_rec_000_L_08-45-58/img15200.png,/data/disk2/home/tony/demo1/model/cheese3d_demo_model/backend/cheese3d_demo_model-houlab-2025-05-28/labeled-data/20240328_R17_rec_rec_000_L_08-45-58/CollectedData_houlab.h5,16,28
Q1313,3,20240328_R17_rec_rec_000_L_08-45-58,img15240.png,/data/disk2/home/tony/demo1/model/cheese3d_demo_model/backend/cheese3d_demo_model-houlab-2025-05-28/labeled-data/20240328_R17_rec_rec_000_L_08-45-58/img15240.png,/data/disk2/home/tony/demo1/model/cheese3d_demo_model/backend/cheese3d_demo_model-houlab-2025-05-28/labeled-data/20240328_R17_rec_rec_000_L_08-45-58/CollectedData_houlab.h5,16,28
Q1314,3,20240328_R17_rec_rec_000_L_08-45-58,img15266.png,/data/disk2/home/tony/demo1/model/cheese3d_demo_model/backend/cheese3d_demo_model-houlab-2025-05-28/labeled-data/20240328_R17_rec_rec_000_L_08-45-58/img15266.png,/data/disk2/home/tony/demo1/model/cheese3d_demo_model/backend/cheese3d_demo_model-houlab-2025-05-28/labeled-data/20240328_R17_rec_rec_000_L_08-45-58/CollectedData_houlab.h5,16,28
Q1315,3,20240328_R17_rec_rec_000_R_08-45-58,img01913.png,/data/disk2/home/tony/demo1/model/cheese3d_demo_model/backend/cheese3d_demo_model-houlab-2025-05-28/labeled-data/20240328_R17_rec_rec_000_R_08-45-58/img01913.png,/data/disk2/home/tony/demo1/model/cheese3d_demo_model/backend/cheese3d_demo_model-houlab-2025-05-28/labeled-data/20240328_R17_rec_rec_000_R_08-45-58/CollectedData_houlab.h5,16,28
Q1316,3,20240328_R17_rec_rec_000_R_08-45-58,img15560.png,/data/disk2/home/tony/demo1/model/cheese3d_demo_model/backend/cheese3d_demo_model-houlab-2025-05-28/labeled-data/20240328_R17_rec_rec_000_R_08-45-58/img15560.png,/data/disk2/home/tony/demo1/model/cheese3d_demo_model/backend/cheese3d_demo_model-houlab-2025-05-28/labeled-data/20240328_R17_rec_rec_000_R_08-45-58/CollectedData_houlab.h5,16,28
Q1317,3,20240328_R17_rec_rec_000_TC_08-45-58,img00372.png,/data/disk2/home/tony/demo1/model/cheese3d_demo_model/backend/cheese3d_demo_model-houlab-2025-05-28/labeled-data/20240328_R17_rec_rec_000_TC_08-45-58/img00372.png,/data/disk2/home/tony/demo1/model/cheese3d_demo_model/backend/cheese3d_demo_model-houlab-2025-05-28/labeled-data/20240328_R17_rec_rec_000_TC_08-45-58/CollectedData_houlab.h5,12,28
Q1318,3,20240328_R17_rec_rec_000_TC_08-45-58,img15788.png,/data/disk2/home/tony/demo1/model/cheese3d_demo_model/backend/cheese3d_demo_model-houlab-2025-05-28/labeled-data/20240328_R17_rec_rec_000_TC_08-45-58/img15788.png,/data/disk2/home/tony/demo1/model/cheese3d_demo_model/backend/cheese3d_demo_model-houlab-2025-05-28/labeled-data/20240328_R17_rec_rec_000_TC_08-45-58/CollectedData_houlab.h5,12,28
Q1319,3,20240328_R17_rec_rec_000_TL_08-45-58,img00004.png,/data/disk2/home/tony/demo1/model/cheese3d_demo_model/backend/cheese3d_demo_model-houlab-2025-05-28/labeled-data/20240328_R17_rec_rec_000_TL_08-45-58/img00004.png,/data/disk2/home/tony/demo1/model/cheese3d_demo_model/backend/cheese3d_demo_model-houlab-2025-05-28/labeled-data/20240328_R17_rec_rec_000_TL_08-45-58/CollectedData_houlab.h5,12,28
Q1320,3,20240328_R17_rec_rec_000_TL_08-45-58,img15813.png,/data/disk2/home/tony/demo1/model/cheese3d_demo_model/backend/cheese3d_demo_model-houlab-2025-05-28/labeled-data/20240328_R17_rec_rec_000_TL_08-45-58/img15813.png,/data/disk2/home/tony/demo1/model/cheese3d_demo_model/backend/cheese3d_demo_model-houlab-2025-05-28/labeled-data/20240328_R17_rec_rec_000_TL_08-45-58/CollectedData_houlab.h5,12,28
Q1321,3,20240328_R17_rec_rec_000_TR_08-45-58,img00026.png,/data/disk2/home/tony/demo1/model/cheese3d_demo_model/backend/cheese3d_demo_model-houlab-2025-05-28/labeled-data/20240328_R17_rec_rec_000_TR_08-45-58/img00026.png,/data/disk2/home/tony/demo1/model/cheese3d_demo_model/backend/cheese3d_demo_model-houlab-2025-05-28/labeled-data/20240328_R17_rec_rec_000_TR_08-45-58/CollectedData_houlab.h5,12,28
Q1322,3,20240328_R17_rec_rec_000_TR_08-45-58,img15848.png,/data/disk2/home/tony/demo1/model/cheese3d_demo_model/backend/cheese3d_demo_model-houlab-2025-05-28/labeled-data/20240328_R17_rec_rec_000_TR_08-45-58/img15848.png,/data/disk2/home/tony/demo1/model/cheese3d_demo_model/backend/cheese3d_demo_model-houlab-2025-05-28/labeled-data/20240328_R17_rec_rec_000_TR_08-45-58/CollectedData_houlab.h5,12,28
Q1323,3,20240328_R17_rec_rec_001_BC_08-50-45,img00880.png,/data/disk2/home/tony/demo1/model/cheese3d_demo_model/backend/cheese3d_demo_model-houlab-2025-05-28/labeled-data/20240328_R17_rec_rec_001_BC_08-50-45/img00880.png,/data/disk2/home/tony/demo1/model/cheese3d_demo_model/backend/cheese3d_demo_model-houlab-2025-05-28/labeled-data/20240328_R17_rec_rec_001_BC_08-50-45/CollectedData_houlab.h5,11,28
Q1324,3,20240328_R17_rec_rec_001_BC_08-50-45,img18936.png,/data/disk2/home/tony/demo1/model/cheese3d_demo_model/backend/cheese3d_demo_model-houlab-2025-05-28/labeled-data/20240328_R17_rec_rec_001_BC_08-50-45/img18936.png,/data/disk2/home/tony/demo1/model/cheese3d_demo_model/backend/cheese3d_demo_model-houlab-2025-05-28/labeled-data/20240328_R17_rec_rec_001_BC_08-50-45/CollectedData_houlab.h5,11,28
Q1325,3,20240328_R17_rec_rec_001_L_08-50-45,img00486.png,/data/disk2/home/tony/demo1/model/cheese3d_demo_model/backend/cheese3d_demo_model-houlab-2025-05-28/labeled-data/20240328_R17_rec_rec_001_L_08-50-45/img00486.png,/data/disk2/home/tony/demo1/model/cheese3d_demo_model/backend/cheese3d_demo_model-houlab-2025-05-28/labeled-data/20240328_R17_rec_rec_001_L_08-50-45/CollectedData_houlab.h5,16,28
Q1326,3,20240328_R17_rec_rec_001_L_08-50-45,img01380.png,/data/disk2/home/tony/demo1/model/cheese3d_demo_model/backend/cheese3d_demo_model-houlab-2025-05-28/labeled-data/20240328_R17_rec_rec_001_L_08-50-45/img01380.png,/data/disk2/home/tony/demo1/model/cheese3d_demo_model/backend/cheese3d_demo_model-houlab-2025-05-28/labeled-data/20240328_R17_rec_rec_001_L_08-50-45/CollectedData_houlab.h5,16,28
Q1327,3,20240328_R17_rec_rec_001_L_08-50-45,img02829.png,/data/disk2/home/tony/demo1/model/cheese3d_demo_model/backend/cheese3d_demo_model-houlab-2025-05-28/labeled-data/20240328_R17_rec_rec_001_L_08-50-45/img02829.png,/data/disk2/home/tony/demo1/model/cheese3d_demo_model/backend/cheese3d_demo_model-houlab-2025-05-28/labeled-data/20240328_R17_rec_rec_001_L_08-50-45/CollectedData_houlab.h5,16,28
Q1328,3,20240328_R17_rec_rec_001_L_08-50-45,img04035.png,/data/disk2/home/tony/demo1/model/cheese3d_demo_model/backend/cheese3d_demo_model-houlab-2025-05-28/labeled-data/20240328_R17_rec_rec_001_L_08-50-45/img04035.png,/data/disk2/home/tony/demo1/model/cheese3d_demo_model/backend/cheese3d_demo_model-houlab-2025-05-28/labeled-data/20240328_R17_rec_rec_001_L_08-50-45/CollectedData_houlab.h5,16,28
Q1329,3,20240328_R17_rec_rec_001_L_08-50-45,img05087.png,/data/disk2/home/tony/demo1/model/cheese3d_demo_model/backend/cheese3d_demo_model-houlab-2025-05-28/labeled-data/20240328_R17_rec_rec_001_L_08-50-45/img05087.png,/data/disk2/home/tony/demo1/model/cheese3d_demo_model/backend/cheese3d_demo_model-houlab-2025-05-28/labeled-data/20240328_R17_rec_rec_001_L_08-50-45/CollectedData_houlab.h5,16,28
Q1330,3,20240328_R17_rec_rec_001_L_08-50-45,img06684.png,/data/disk2/home/tony/demo1/model/cheese3d_demo_model/backend/cheese3d_demo_model-houlab-2025-05-28/labeled-data/20240328_R17_rec_rec_001_L_08-50-45/img06684.png,/data/disk2/home/tony/demo1/model/cheese3d_demo_model/backend/cheese3d_demo_model-houlab-2025-05-28/labeled-data/20240328_R17_rec_rec_001_L_08-50-45/CollectedData_houlab.h5,16,28
Q1331,3,20240328_R17_rec_rec_001_L_08-50-45,img08404.png,/data/disk2/home/tony/demo1/model/cheese3d_demo_model/backend/cheese3d_demo_model-houlab-2025-05-28/labeled-data/20240328_R17_rec_rec_001_L_08-50-45/img08404.png,/data/disk2/home/tony/demo1/model/cheese3d_demo_model/backend/cheese3d_demo_model-houlab-2025-05-28/labeled-data/20240328_R17_rec_rec_001_L_08-50-45/CollectedData_houlab.h5,16,28
Q1332,3,20240328_R17_rec_rec_001_L_08-50-45,img09753.png,/data/disk2/home/tony/demo1/model/cheese3d_demo_model/backend/cheese3d_demo_model-houlab-2025-05-28/labeled-data/20240328_R17_rec_rec_001_L_08-50-45/img09753.png,/data/disk2/home/tony/demo1/model/cheese3d_demo_model/backend/cheese3d_demo_model-houlab-2025-05-28/labeled-data/20240328_R17_rec_rec_001_L_08-50-45/CollectedData_houlab.h5,16,28
Q1333,3,20240328_R17_rec_rec_001_L_08-50-45,img10021.png,/data/disk2/home/tony/demo1/model/cheese3d_demo_model/backend/cheese3d_demo_model-houlab-2025-05-28/labeled-data/20240328_R17_rec_rec_001_L_08-50-45/img10021.png,/data/disk2/home/tony/demo1/model/cheese3d_demo_model/backend/cheese3d_demo_model-houlab-2025-05-28/labeled-data/20240328_R17_rec_rec_001_L_08-50-45/CollectedData_houlab.h5,16,28
Q1334,3,20240328_R17_rec_rec_001_L_08-50-45,img10651.png,/data/disk2/home/tony/demo1/model/cheese3d_demo_model/backend/cheese3d_demo_model-houlab-2025-05-28/labeled-data/20240328_R17_rec_rec_001_L_08-50-45/img10651.png,/data/disk2/home/tony/demo1/model/cheese3d_demo_model/backend/cheese3d_demo_model-houlab-2025-05-28/labeled-data/20240328_R17_rec_rec_001_L_08-50-45/CollectedData_houlab.h5,16,28
Q1335,3,20240328_R17_rec_rec_001_L_08-50-45,img12884.png,/data/disk2/home/tony/demo1/model/cheese3d_demo_model/backend/cheese3d_demo_model-houlab-2025-05-28/labeled-data/20240328_R17_rec_rec_001_L_08-50-45/img12884.png,/data/disk2/home/tony/demo1/model/cheese3d_demo_model/backend/cheese3d_demo_model-houlab-2025-05-28/labeled-data/20240328_R17_rec_rec_001_L_08-50-45/CollectedData_houlab.h5,16,28
Q1336,3,20240328_R17_rec_rec_001_L_08-50-45,img14281.png,/data/disk2/home/tony/demo1/model/cheese3d_demo_model/backend/cheese3d_demo_model-houlab-2025-05-28/labeled-data/20240328_R17_rec_rec_001_L_08-50-45/img14281.png,/data/disk2/home/tony/demo1/model/cheese3d_demo_model/backend/cheese3d_demo_model-houlab-2025-05-28/labeled-data/20240328_R17_rec_rec_001_L_08-50-45/CollectedData_houlab.h5,16,28
Q1337,3,20240328_R17_rec_rec_001_L_08-50-45,img14950.png,/data/disk2/home/tony/demo1/model/cheese3d_demo_model/backend/cheese3d_demo_model-houlab-2025-05-28/labeled-data/20240328_R17_rec_rec_001_L_08-50-45/img14950.png,/data/disk2/home/tony/demo1/model/cheese3d_demo_model/backend/cheese3d_demo_model-houlab-2025-05-28/labeled-data/20240328_R17_rec_rec_001_L_08-50-45/CollectedData_houlab.h5,16,28
Q1338,3,20240328_R17_rec_rec_001_L_08-50-45,img17506.png,/data/disk2/home/tony/demo1/model/cheese3d_demo_model/backend/cheese3d_demo_model-houlab-2025-05-28/labeled-data/20240328_R17_rec_rec_001_L_08-50-45/img17506.png,/data/disk2/home/tony/demo1/model/cheese3d_demo_model/backend/cheese3d_demo_model-houlab-2025-05-28/labeled-data/20240328_R17_rec_rec_001_L_08-50-45/CollectedData_houlab.h5,16,28
Q1339,3,20240328_R17_rec_rec_001_L_08-50-45,img17633.png,/data/disk2/home/tony/demo1/model/cheese3d_demo_model/backend/cheese3d_demo_model-houlab-2025-05-28/labeled-data/20240328_R17_rec_rec_001_L_08-50-45/img17633.png,/data/disk2/home/tony/demo1/model/cheese3d_demo_model/backend/cheese3d_demo_model-houlab-2025-05-28/labeled-data/20240328_R17_rec_rec_001_L_08-50-45/CollectedData_houlab.h5,16,28
Q1340,3,20240328_R17_rec_rec_001_L_08-50-45,img17943.png,/data/disk2/home/tony/demo1/model/cheese3d_demo_model/backend/cheese3d_demo_model-houlab-2025-05-28/labeled-data/20240328_R17_rec_rec_001_L_08-50-45/img17943.png,/data/disk2/home/tony/demo1/model/cheese3d_demo_model/backend/cheese3d_demo_model-houlab-2025-05-28/labeled-data/20240328_R17_rec_rec_001_L_08-50-45/CollectedData_houlab.h5,16,28
Q1341,3,20240328_R17_rec_rec_001_L_08-50-45,img18163.png,/data/disk2/home/tony/demo1/model/cheese3d_demo_model/backend/cheese3d_demo_model-houlab-2025-05-28/labeled-data/20240328_R17_rec_rec_001_L_08-50-45/img18163.png,/data/disk2/home/tony/demo1/model/cheese3d_demo_model/backend/cheese3d_demo_model-houlab-2025-05-28/labeled-data/20240328_R17_rec_rec_001_L_08-50-45/CollectedData_houlab.h5,16,28
Q1342,3,20240328_R17_rec_rec_001_L_08-50-45,img18690.png,/data/disk2/home/tony/demo1/model/cheese3d_demo_model/backend/cheese3d_demo_model-houlab-2025-05-28/labeled-data/20240328_R17_rec_rec_001_L_08-50-45/img18690.png,/data/disk2/home/tony/demo1/model/cheese3d_demo_model/backend/cheese3d_demo_model-houlab-2025-05-28/labeled-data/20240328_R17_rec_rec_001_L_08-50-45/CollectedData_houlab.h5,16,28
Q1343,3,20240328_R17_rec_rec_001_L_08-50-45,img19298.png,/data/disk2/home/tony/demo1/model/cheese3d_demo_model/backend/cheese3d_demo_model-houlab-2025-05-28/labeled-data/20240328_R17_rec_rec_001_L_08-50-45/img19298.png,/data/disk2/home/tony/demo1/model/cheese3d_demo_model/backend/cheese3d_demo_model-houlab-2025-05-28/labeled-data/20240328_R17_rec_rec_001_L_08-50-45/CollectedData_houlab.h5,16,28
Q1344,3,20240328_R17_rec_rec_001_L_08-50-45,img19309.png,/data/disk2/home/tony/demo1/model/cheese3d_demo_model/backend/cheese3d_demo_model-houlab-2025-05-28/labeled-data/20240328_R17_rec_rec_001_L_08-50-45/img19309.png,/data/disk2/home/tony/demo1/model/cheese3d_demo_model/backend/cheese3d_demo_model-houlab-2025-05-28/labeled-data/20240328_R17_rec_rec_001_L_08-50-45/CollectedData_houlab.h5,16,28
Q1345,3,20240328_R17_rec_rec_001_R_08-50-45,img00183.png,/data/disk2/home/tony/demo1/model/cheese3d_demo_model/backend/cheese3d_demo_model-houlab-2025-05-28/labeled-data/20240328_R17_rec_rec_001_R_08-50-45/img00183.png,/data/disk2/home/tony/demo1/model/cheese3d_demo_model/backend/cheese3d_demo_model-houlab-2025-05-28/labeled-data/20240328_R17_rec_rec_001_R_08-50-45/CollectedData_houlab.h5,16,28
Q1346,3,20240328_R17_rec_rec_001_R_08-50-45,img19141.png,/data/disk2/home/tony/demo1/model/cheese3d_demo_model/backend/cheese3d_demo_model-houlab-2025-05-28/labeled-data/20240328_R17_rec_rec_001_R_08-50-45/img19141.png,/data/disk2/home/tony/demo1/model/cheese3d_demo_model/backend/cheese3d_demo_model-houlab-2025-05-28/labeled-data/20240328_R17_rec_rec_001_R_08-50-45/CollectedData_houlab.h5,16,28
Q1347,3,20240328_R17_rec_rec_001_TC_08-50-45,img00017.png,/data/disk2/home/tony/demo1/model/cheese3d_demo_model/backend/cheese3d_demo_model-houlab-2025-05-28/labeled-data/20240328_R17_rec_rec_001_TC_08-50-45/img00017.png,/data/disk2/home/tony/demo1/model/cheese3d_demo_model/backend/cheese3d_demo_model-houlab-2025-05-28/labeled-data/20240328_R17_rec_rec_001_TC_08-50-45/CollectedData_houlab.h5,12,28
Q1348,3,20240328_R17_rec_rec_001_TC_08-50-45,img19310.png,/data/disk2/home/tony/demo1/model/cheese3d_demo_model/backend/cheese3d_demo_model-houlab-2025-05-28/labeled-data/20240328_R17_rec_rec_001_TC_08-50-45/img19310.png,/data/disk2/home/tony/demo1/model/cheese3d_demo_model/backend/cheese3d_demo_model-houlab-2025-05-28/labeled-data/20240328_R17_rec_rec_001_TC_08-50-45/CollectedData_houlab.h5,12,28
Q1349,3,20240328_R17_rec_rec_001_TL_08-50-45,img00320.png,/data/disk2/home/tony/demo1/model/cheese3d_demo_model/backend/cheese3d_demo_model-houlab-2025-05-28/labeled-data/20240328_R17_rec_rec_001_TL_08-50-45/img00320.png,/data/disk2/home/tony/demo1/model/cheese3d_demo_model/backend/cheese3d_demo_model-houlab-2025-05-28/labeled-data/20240328_R17_rec_rec_001_TL_08-50-45/CollectedData_houlab.h5,12,28
Q1350,3,20240328_R17_rec_rec_001_TL_08-50-45,img19214.png,/data/disk2/home/tony/demo1/model/cheese3d_demo_model/backend/cheese3d_demo_model-houlab-2025-05-28/labeled-data/20240328_R17_rec_rec_001_TL_08-50-45/img19214.png,/data/disk2/home/tony/demo1/model/cheese3d_demo_model/backend/cheese3d_demo_model-houlab-2025-05-28/labeled-data/20240328_R17_rec_rec_001_TL_08-50-45/CollectedData_houlab.h5,12,28
Q1351,3,20240328_R17_rec_rec_001_TR_08-50-45,img00344.png,/data/disk2/home/tony/demo1/model/cheese3d_demo_model/backend/cheese3d_demo_model-houlab-2025-05-28/labeled-data/20240328_R17_rec_rec_001_TR_08-50-45/img00344.png,/data/disk2/home/tony/demo1/model/cheese3d_demo_model/backend/cheese3d_demo_model-houlab-2025-05-28/labeled-data/20240328_R17_rec_rec_001_TR_08-50-45/CollectedData_houlab.h5,12,28
Q1352,3,20240328_R17_rec_rec_001_TR_08-50-45,img19415.png,/data/disk2/home/tony/demo1/model/cheese3d_demo_model/backend/cheese3d_demo_model-houlab-2025-05-28/labeled-data/20240328_R17_rec_rec_001_TR_08-50-45/img19415.png,/data/disk2/home/tony/demo1/model/cheese3d_demo_model/backend/cheese3d_demo_model-houlab-2025-05-28/labeled-data/20240328_R17_rec_rec_001_TR_08-50-45/CollectedData_houlab.h5,12,28
Q1353,3,20240328_R17_rec_rec_002_BC_08-56-09,img00001.png,/data/disk2/home/tony/demo1/model/cheese3d_demo_model/backend/cheese3d_demo_model-houlab-2025-05-28/labeled-data/20240328_R17_rec_rec_002_BC_08-56-09/img00001.png,/data/disk2/home/tony/demo1/model/cheese3d_demo_model/backend/cheese3d_demo_model-houlab-2025-05-28/labeled-data/20240328_R17_rec_rec_002_BC_08-56-09/CollectedData_houlab.h5,11,28
Q1354,3,20240328_R17_rec_rec_002_BC_08-56-09,img06727.png,/data/disk2/home/tony/demo1/model/cheese3d_demo_model/backend/cheese3d_demo_model-houlab-2025-05-28/labeled-data/20240328_R17_rec_rec_002_BC_08-56-09/img06727.png,/data/disk2/home/tony/demo1/model/cheese3d_demo_model/backend/cheese3d_demo_model-houlab-2025-05-28/labeled-data/20240328_R17_rec_rec_002_BC_08-56-09/CollectedData_houlab.h5,11,28
Q1355,3,20240328_R17_rec_rec_002_BC_08-56-09,img11222.png,/data/disk2/home/tony/demo1/model/cheese3d_demo_model/backend/cheese3d_demo_model-houlab-2025-05-28/labeled-data/20240328_R17_rec_rec_002_BC_08-56-09/img11222.png,/data/disk2/home/tony/demo1/model/cheese3d_demo_model/backend/cheese3d_demo_model-houlab-2025-05-28/labeled-data/20240328_R17_rec_rec_002_BC_08-56-09/CollectedData_houlab.h5,11,28
Q1356,3,20240328_R17_rec_rec_002_BC_08-56-09,img12520.png,/data/disk2/home/tony/demo1/model/cheese3d_demo_model/backend/cheese3d_demo_model-houlab-2025-05-28/labeled-data/20240328_R17_rec_rec_002_BC_08-56-09/img12520.png,/data/disk2/home/tony/demo1/model/cheese3d_demo_model/backend/cheese3d_demo_model-houlab-2025-05-28/labeled-data/20240328_R17_rec_rec_002_BC_08-56-09/CollectedData_houlab.h5,11,28
Q1357,3,20240328_R17_rec_rec_002_L_08-56-09,img00060.png,/data/disk2/home/tony/demo1/model/cheese3d_demo_model/backend/cheese3d_demo_model-houlab-2025-05-28/labeled-data/20240328_R17_rec_rec_002_L_08-56-09/img00060.png,/data/disk2/home/tony/demo1/model/cheese3d_demo_model/backend/cheese3d_demo_model-houlab-2025-05-28/labeled-data/20240328_R17_rec_rec_002_L_08-56-09/CollectedData_houlab.h5,16,28
Q1358,3,20240328_R17_rec_rec_002_L_08-56-09,img00084.png,/data/disk2/home/tony/demo1/model/cheese3d_demo_model/backend/cheese3d_demo_model-houlab-2025-05-28/labeled-data/20240328_R17_rec_rec_002_L_08-56-09/img00084.png,/data/disk2/home/tony/demo1/model/cheese3d_demo_model/backend/cheese3d_demo_model-houlab-2025-05-28/labeled-data/20240328_R17_rec_rec_002_L_08-56-09/CollectedData_houlab.h5,16,28
Q1359,3,20240328_R17_rec_rec_002_L_08-56-09,img00182.png,/data/disk2/home/tony/demo1/model/cheese3d_demo_model/backend/cheese3d_demo_model-houlab-2025-05-28/labeled-data/20240328_R17_rec_rec_002_L_08-56-09/img00182.png,/data/disk2/home/tony/demo1/model/cheese3d_demo_model/backend/cheese3d_demo_model-houlab-2025-05-28/labeled-data/20240328_R17_rec_rec_002_L_08-56-09/CollectedData_houlab.h5,16,28
Q1360,3,20240328_R17_rec_rec_002_L_08-56-09,img01148.png,/data/disk2/home/tony/demo1/model/cheese3d_demo_model/backend/cheese3d_demo_model-houlab-2025-05-28/labeled-data/20240328_R17_rec_rec_002_L_08-56-09/img01148.png,/data/disk2/home/tony/demo1/model/cheese3d_demo_model/backend/cheese3d_demo_model-houlab-2025-05-28/labeled-data/20240328_R17_rec_rec_002_L_08-56-09/CollectedData_houlab.h5,16,28
Q1361,3,20240328_R17_rec_rec_002_L_08-56-09,img01601.png,/data/disk2/home/tony/demo1/model/cheese3d_demo_model/backend/cheese3d_demo_model-houlab-2025-05-28/labeled-data/20240328_R17_rec_rec_002_L_08-56-09/img01601.png,/data/disk2/home/tony/demo1/model/cheese3d_demo_model/backend/cheese3d_demo_model-houlab-2025-05-28/labeled-data/20240328_R17_rec_rec_002_L_08-56-09/CollectedData_houlab.h5,16,28
Q1362,3,20240328_R17_rec_rec_002_L_08-56-09,img02266.png,/data/disk2/home/tony/demo1/model/cheese3d_demo_model/backend/cheese3d_demo_model-houlab-2025-05-28/labeled-data/20240328_R17_rec_rec_002_L_08-56-09/img02266.png,/data/disk2/home/tony/demo1/model/cheese3d_demo_model/backend/cheese3d_demo_model-houlab-2025-05-28/labeled-data/20240328_R17_rec_rec_002_L_08-56-09/CollectedData_houlab.h5,16,28
Q1363,3,20240328_R17_rec_rec_002_L_08-56-09,img03639.png,/data/disk2/home/tony/demo1/model/cheese3d_demo_model/backend/cheese3d_demo_model-houlab-2025-05-28/labeled-data/20240328_R17_rec_rec_002_L_08-56-09/img03639.png,/data/disk2/home/tony/demo1/model/cheese3d_demo_model/backend/cheese3d_demo_model-houlab-2025-05-28/labeled-data/20240328_R17_rec_rec_002_L_08-56-09/CollectedData_houlab.h5,16,28
Q1364,3,20240328_R17_rec_rec_002_L_08-56-09,img04163.png,/data/disk2/home/tony/demo1/model/cheese3d_demo_model/backend/cheese3d_demo_model-houlab-2025-05-28/labeled-data/20240328_R17_rec_rec_002_L_08-56-09/img04163.png,/data/disk2/home/tony/demo1/model/cheese3d_demo_model/backend/cheese3d_demo_model-houlab-2025-05-28/labeled-data/20240328_R17_rec_rec_002_L_08-56-09/CollectedData_houlab.h5,16,28
Q1365,3,20240328_R17_rec_rec_002_L_08-56-09,img04942.png,/data/disk2/home/tony/demo1/model/cheese3d_demo_model/backend/cheese3d_demo_model-houlab-2025-05-28/labeled-data/20240328_R17_rec_rec_002_L_08-56-09/img04942.png,/data/disk2/home/tony/demo1/model/cheese3d_demo_model/backend/cheese3d_demo_model-houlab-2025-05-28/labeled-data/20240328_R17_rec_rec_002_L_08-56-09/CollectedData_houlab.h5,16,28
Q1366,3,20240328_R17_rec_rec_002_L_08-56-09,img05674.png,/data/disk2/home/tony/demo1/model/cheese3d_demo_model/backend/cheese3d_demo_model-houlab-2025-05-28/labeled-data/20240328_R17_rec_rec_002_L_08-56-09/img05674.png,/data/disk2/home/tony/demo1/model/cheese3d_demo_model/backend/cheese3d_demo_model-houlab-2025-05-28/labeled-data/20240328_R17_rec_rec_002_L_08-56-09/CollectedData_houlab.h5,16,28
Q1367,3,20240328_R17_rec_rec_002_L_08-56-09,img06531.png,/data/disk2/home/tony/demo1/model/cheese3d_demo_model/backend/cheese3d_demo_model-houlab-2025-05-28/labeled-data/20240328_R17_rec_rec_002_L_08-56-09/img06531.png,/data/disk2/home/tony/demo1/model/cheese3d_demo_model/backend/cheese3d_demo_model-houlab-2025-05-28/labeled-data/20240328_R17_rec_rec_002_L_08-56-09/CollectedData_houlab.h5,16,28
Q1368,3,20240328_R17_rec_rec_002_L_08-56-09,img07138.png,/data/disk2/home/tony/demo1/model/cheese3d_demo_model/backend/cheese3d_demo_model-houlab-2025-05-28/labeled-data/20240328_R17_rec_rec_002_L_08-56-09/img07138.png,/data/disk2/home/tony/demo1/model/cheese3d_demo_model/backend/cheese3d_demo_model-houlab-2025-05-28/labeled-data/20240328_R17_rec_rec_002_L_08-56-09/CollectedData_houlab.h5,16,28
Q1369,3,20240328_R17_rec_rec_002_L_08-56-09,img08342.png,/data/disk2/home/tony/demo1/model/cheese3d_demo_model/backend/cheese3d_demo_model-houlab-2025-05-28/labeled-data/20240328_R17_rec_rec_002_L_08-56-09/img08342.png,/data/disk2/home/tony/demo1/model/cheese3d_demo_model/backend/cheese3d_demo_model-houlab-2025-05-28/labeled-data/20240328_R17_rec_rec_002_L_08-56-09/CollectedData_houlab.h5,16,28
Q1370,3,20240328_R17_rec_rec_002_L_08-56-09,img09324.png,/data/disk2/home/tony/demo1/model/cheese3d_demo_model/backend/cheese3d_demo_model-houlab-2025-05-28/labeled-data/20240328_R17_rec_rec_002_L_08-56-09/img09324.png,/data/disk2/home/tony/demo1/model/cheese3d_demo_model/backend/cheese3d_demo_model-houlab-2025-05-28/labeled-data/20240328_R17_rec_rec_002_L_08-56-09/CollectedData_houlab.h5,16,28
Q1371,3,20240328_R17_rec_rec_002_L_08-56-09,img09349.png,/data/disk2/home/tony/demo1/model/cheese3d_demo_model/backend/cheese3d_demo_model-houlab-2025-05-28/labeled-data/20240328_R17_rec_rec_002_L_08-56-09/img09349.png,/data/disk2/home/tony/demo1/model/cheese3d_demo_model/backend/cheese3d_demo_model-houlab-2025-05-28/labeled-data/20240328_R17_rec_rec_002_L_08-56-09/CollectedData_houlab.h5,16,28
Q1372,3,20240328_R17_rec_rec_002_L_08-56-09,img10050.png,/data/disk2/home/tony/demo1/model/cheese3d_demo_model/backend/cheese3d_demo_model-houlab-2025-05-28/labeled-data/20240328_R17_rec_rec_002_L_08-56-09/img10050.png,/data/disk2/home/tony/demo1/model/cheese3d_demo_model/backend/cheese3d_demo_model-houlab-2025-05-28/labeled-data/20240328_R17_rec_rec_002_L_08-56-09/CollectedData_houlab.h5,16,28
Q1373,3,20240328_R17_rec_rec_002_L_08-56-09,img10459.png,/data/disk2/home/tony/demo1/model/cheese3d_demo_model/backend/cheese3d_demo_model-houlab-2025-05-28/labeled-data/20240328_R17_rec_rec_002_L_08-56-09/img10459.png,/data/disk2/home/tony/demo1/model/cheese3d_demo_model/backend/cheese3d_demo_model-houlab-2025-05-28/labeled-data/20240328_R17_rec_rec_002_L_08-56-09/CollectedData_houlab.h5,16,28
Q1374,3,20240328_R17_rec_rec_002_L_08-56-09,img10748.png,/data/disk2/home/tony/demo1/model/cheese3d_demo_model/backend/cheese3d_demo_model-houlab-2025-05-28/labeled-data/20240328_R17_rec_rec_002_L_08-56-09/img10748.png,/data/disk2/home/tony/demo1/model/cheese3d_demo_model/backend/cheese3d_demo_model-houlab-2025-05-28/labeled-data/20240328_R17_rec_rec_002_L_08-56-09/CollectedData_houlab.h5,16,28
Q1375,3,20240328_R17_rec_rec_002_L_08-56-09,img11020.png,/data/disk2/home/tony/demo1/model/cheese3d_demo_model/backend/cheese3d_demo_model-houlab-2025-05-28/labeled-data/20240328_R17_rec_rec_002_L_08-56-09/img11020.png,/data/disk2/home/tony/demo1/model/cheese3d_demo_model/backend/cheese3d_demo_model-houlab-2025-05-28/labeled-data/20240328_R17_rec_rec_002_L_08-56-09/CollectedData_houlab.h5,16,28
Q1376,3,20240328_R17_rec_rec_002_L_08-56-09,img11138.png,/data/disk2/home/tony/demo1/model/cheese3d_demo_model/backend/cheese3d_demo_model-houlab-2025-05-28/labeled-data/20240328_R17_rec_rec_002_L_08-56-09/img11138.png,/data/disk2/home/tony/demo1/model/cheese3d_demo_model/backend/cheese3d_demo_model-houlab-2025-05-28/labeled-data/20240328_R17_rec_rec_002_L_08-56-09/CollectedData_houlab.h5,16,28
Q1377,3,20240328_R17_rec_rec_002_R_08-56-09,img01315.png,/data/disk2/home/tony/demo1/model/cheese3d_demo_model/backend/cheese3d_demo_model-houlab-2025-05-28/labeled-data/20240328_R17_rec_rec_002_R_08-56-09/img01315.png,/data/disk2/home/tony/demo1/model/cheese3d_demo_model/backend/cheese3d_demo_model-houlab-2025-05-28/labeled-data/20240328_R17_rec_rec_002_R_08-56-09/CollectedData_houlab.h5,16,28
Q1378,3,20240328_R17_rec_rec_002_R_08-56-09,img09547.png,/data/disk2/home/tony/demo1/model/cheese3d_demo_model/backend/cheese3d_demo_model-houlab-2025-05-28/labeled-data/20240328_R17_rec_rec_002_R_08-56-09/img09547.png,/data/disk2/home/tony/demo1/model/cheese3d_demo_model/backend/cheese3d_demo_model-houlab-2025-05-28/labeled-data/20240328_R17_rec_rec_002_R_08-56-09/CollectedData_houlab.h5,16,28
Q1379,3,20240328_R17_rec_rec_002_TC_08-56-09,img00028.png,/data/disk2/home/tony/demo1/model/cheese3d_demo_model/backend/cheese3d_demo_model-houlab-2025-05-28/labeled-data/20240328_R17_rec_rec_002_TC_08-56-09/img00028.png,/data/disk2/home/tony/demo1/model/cheese3d_demo_model/backend/cheese3d_demo_model-houlab-2025-05-28/labeled-data/20240328_R17_rec_rec_002_TC_08-56-09/CollectedData_houlab.h5,12,28
Q1380,3,20240328_R17_rec_rec_002_TC_08-56-09,img12352.png,/data/disk2/home/tony/demo1/model/cheese3d_demo_model/backend/cheese3d_demo_model-houlab-2025-05-28/labeled-data/20240328_R17_rec_rec_002_TC_08-56-09/img12352.png,/data/disk2/home/tony/demo1/model/cheese3d_demo_model/backend/cheese3d_demo_model-houlab-2025-05-28/labeled-data/20240328_R17_rec_rec_002_TC_08-56-09/CollectedData_houlab.h5,12,28
Q1381,3,20240328_R17_rec_rec_002_TL_08-56-09,img00349.png,/data/disk2/home/tony/demo1/model/cheese3d_demo_model/backend/cheese3d_demo_model-houlab-2025-05-28/labeled-data/20240328_R17_rec_rec_002_TL_08-56-09/img00349.png,/data/disk2/home/tony/demo1/model/cheese3d_demo_model/backend/cheese3d_demo_model-houlab-2025-05-28/labeled-data/20240328_R17_rec_rec_002_TL_08-56-09/CollectedData_houlab.h5,12,28
Q1382,3,20240328_R17_rec_rec_002_TL_08-56-09,img12626.png,/data/disk2/home/tony/demo1/model/cheese3d_demo_model/backend/cheese3d_demo_model-houlab-2025-05-28/labeled-data/20240328_R17_rec_rec_002_TL_08-56-09/img12626.png,/data/disk2/home/tony/demo1/model/cheese3d_demo_model/backend/cheese3d_demo_model-houlab-2025-05-28/labeled-data/20240328_R17_rec_rec_002_TL_08-56-09/CollectedData_houlab.h5,12,28
Q1383,3,20240328_R17_rec_rec_002_TR_08-56-09,img00089.png,/data/disk2/home/tony/demo1/model/cheese3d_demo_model/backend/cheese3d_demo_model-houlab-2025-05-28/labeled-data/20240328_R17_rec_rec_002_TR_08-56-09/img00089.png,/data/disk2/home/tony/demo1/model/cheese3d_demo_model/backend/cheese3d_demo_model-houlab-2025-05-28/labeled-data/20240328_R17_rec_rec_002_TR_08-56-09/CollectedData_houlab.h5,12,28
Q1384,3,20240328_R17_rec_rec_002_TR_08-56-09,img11090.png,/data/disk2/home/tony/demo1/model/cheese3d_demo_model/backend/cheese3d_demo_model-houlab-2025-05-28/labeled-data/20240328_R17_rec_rec_002_TR_08-56-09/img11090.png,/data/disk2/home/tony/demo1/model/cheese3d_demo_model/backend/cheese3d_demo_model-houlab-2025-05-28/labeled-data/20240328_R17_rec_rec_002_TR_08-56-09/CollectedData_houlab.h5,12,28
Q1385,3,20240328_R17_rec_rec_003_BC_09-00-06,img00837.png,/data/disk2/home/tony/demo1/model/cheese3d_demo_model/backend/cheese3d_demo_model-houlab-2025-05-28/labeled-data/20240328_R17_rec_rec_003_BC_09-00-06/img00837.png,/data/disk2/home/tony/demo1/model/cheese3d_demo_model/backend/cheese3d_demo_model-houlab-2025-05-28/labeled-data/20240328_R17_rec_rec_003_BC_09-00-06/CollectedData_houlab.h5,11,28
Q1386,3,20240328_R17_rec_rec_003_BC_09-00-06,img15565.png,/data/disk2/home/tony/demo1/model/cheese3d_demo_model/backend/cheese3d_demo_model-houlab-2025-05-28/labeled-data/20240328_R17_rec_rec_003_BC_09-00-06/img15565.png,/data/disk2/home/tony/demo1/model/cheese3d_demo_model/backend/cheese3d_demo_model-houlab-2025-05-28/labeled-data/20240328_R17_rec_rec_003_BC_09-00-06/CollectedData_houlab.h5,11,28
Q1387,3,20240328_R17_rec_rec_003_L_09-00-06,img00456.png,/data/disk2/home/tony/demo1/model/cheese3d_demo_model/backend/cheese3d_demo_model-houlab-2025-05-28/labeled-data/20240328_R17_rec_rec_003_L_09-00-06/img00456.png,/data/disk2/home/tony/demo1/model/cheese3d_demo_model/backend/cheese3d_demo_model-houlab-2025-05-28/labeled-data/20240328_R17_rec_rec_003_L_09-00-06/CollectedData_houlab.h5,16,28
Q1388,3,20240328_R17_rec_rec_003_L_09-00-06,img16145.png,/data/disk2/home/tony/demo1/model/cheese3d_demo_model/backend/cheese3d_demo_model-houlab-2025-05-28/labeled-data/20240328_R17_rec_rec_003_L_09-00-06/img16145.png,/data/disk2/home/tony/demo1/model/cheese3d_demo_model/backend/cheese3d_demo_model-houlab-2025-05-28/labeled-data/20240328_R17_rec_rec_003_L_09-00-06/CollectedData_houlab.h5,16,28
Q1389,3,20240328_R17_rec_rec_003_R_09-00-06,img00165.png,/data/disk2/home/tony/demo1/model/cheese3d_demo_model/backend/cheese3d_demo_model-houlab-2025-05-28/labeled-data/20240328_R17_rec_rec_003_R_09-00-06/img00165.png,/data/disk2/home/tony/demo1/model/cheese3d_demo_model/backend/cheese3d_demo_model-houlab-2025-05-28/labeled-data/20240328_R17_rec_rec_003_R_09-00-06/CollectedData_houlab.h5,16,28
Q1390,3,20240328_R17_rec_rec_003_R_09-00-06,img06126.png,/data/disk2/home/tony/demo1/model/cheese3d_demo_model/backend/cheese3d_demo_model-houlab-2025-05-28/labeled-data/20240328_R17_rec_rec_003_R_09-00-06/img06126.png,/data/disk2/home/tony/demo1/model/cheese3d_demo_model/backend/cheese3d_demo_model-houlab-2025-05-28/labeled-data/20240328_R17_rec_rec_003_R_09-00-06/CollectedData_houlab.h5,16,28
Q1391,3,20240328_R17_rec_rec_003_TC_09-00-06,img00048.png,/data/disk2/home/tony/demo1/model/cheese3d_demo_model/backend/cheese3d_demo_model-houlab-2025-05-28/labeled-data/20240328_R17_rec_rec_003_TC_09-00-06/img00048.png,/data/disk2/home/tony/demo1/model/cheese3d_demo_model/backend/cheese3d_demo_model-houlab-2025-05-28/labeled-data/20240328_R17_rec_rec_003_TC_09-00-06/CollectedData_houlab.h5,12,28
Q1392,3,20240328_R17_rec_rec_003_TC_09-00-06,img14879.png,/data/disk2/home/tony/demo1/model/cheese3d_demo_model/backend/cheese3d_demo_model-houlab-2025-05-28/labeled-data/20240328_R17_rec_rec_003_TC_09-00-06/img14879.png,/data/disk2/home/tony/demo1/model/cheese3d_demo_model/backend/cheese3d_demo_model-houlab-2025-05-28/labeled-data/20240328_R17_rec_rec_003_TC_09-00-06/CollectedData_houlab.h5,12,28
Q1393,3,20240328_R17_rec_rec_003_TL_09-00-06,img01317.png,/data/disk2/home/tony/demo1/model/cheese3d_demo_model/backend/cheese3d_demo_model-houlab-2025-05-28/labeled-data/20240328_R17_rec_rec_003_TL_09-00-06/img01317.png,/data/disk2/home/tony/demo1/model/cheese3d_demo_model/backend/cheese3d_demo_model-houlab-2025-05-28/labeled-data/20240328_R17_rec_rec_003_TL_09-00-06/CollectedData_houlab.h5,12,28
Q1394,3,20240328_R17_rec_rec_003_TL_09-00-06,img15466.png,/data/disk2/home/tony/demo1/model/cheese3d_demo_model/backend/cheese3d_demo_model-houlab-2025-05-28/labeled-data/20240328_R17_rec_rec_003_TL_09-00-06/img15466.png,/data/disk2/home/tony/demo1/model/cheese3d_demo_model/backend/cheese3d_demo_model-houlab-2025-05-28/labeled-data/20240328_R17_rec_rec_003_TL_09-00-06/CollectedData_houlab.h5,12,28
Q1395,3,20240328_R17_rec_rec_003_TR_09-00-06,img01057.png,/data/disk2/home/tony/demo1/model/cheese3d_demo_model/backend/cheese3d_demo_model-houlab-2025-05-28/labeled-data/20240328_R17_rec_rec_003_TR_09-00-06/img01057.png,/data/disk2/home/tony/demo1/model/cheese3d_demo_model/backend/cheese3d_demo_model-houlab-2025-05-28/labeled-data/20240328_R17_rec_rec_003_TR_09-00-06/CollectedData_houlab.h5,12,28
Q1396,3,20240328_R17_rec_rec_003_TR_09-00-06,img14691.png,/data/disk2/home/tony/demo1/model/cheese3d_demo_model/backend/cheese3d_demo_model-houlab-2025-05-28/labeled-data/20240328_R17_rec_rec_003_TR_09-00-06/img14691.png,/data/disk2/home/tony/demo1/model/cheese3d_demo_model/backend/cheese3d_demo_model-houlab-2025-05-28/labeled-data/20240328_R17_rec_rec_003_TR_09-00-06/CollectedData_houlab.h5,12,28
Q1397,3,20240328_R17_rec_rec_004_BC_09-03-48,img0148.png,/data/disk2/home/tony/demo1/model/cheese3d_demo_model/backend/cheese3d_demo_model-houlab-2025-05-28/labeled-data/20240328_R17_rec_rec_004_BC_09-03-48/img0148.png,/data/disk2/home/tony/demo1/model/cheese3d_demo_model/backend/cheese3d_demo_model-houlab-2025-05-28/labeled-data/20240328_R17_rec_rec_004_BC_09-03-48/CollectedData_houlab.h5,11,28
Q1398,3,20240328_R17_rec_rec_004_BC_09-03-48,img1410.png,/data/disk2/home/tony/demo1/model/cheese3d_demo_model/backend/cheese3d_demo_model-houlab-2025-05-28/labeled-data/20240328_R17_rec_rec_004_BC_09-03-48/img1410.png,/data/disk2/home/tony/demo1/model/cheese3d_demo_model/backend/cheese3d_demo_model-houlab-2025-05-28/labeled-data/20240328_R17_rec_rec_004_BC_09-03-48/CollectedData_houlab.h5,11,28
Q1399,3,20240328_R17_rec_rec_004_BC_09-03-48,img2951.png,/data/disk2/home/tony/demo1/model/cheese3d_demo_model/backend/cheese3d_demo_model-houlab-2025-05-28/labeled-data/20240328_R17_rec_rec_004_BC_09-03-48/img2951.png,/data/disk2/home/tony/demo1/model/cheese3d_demo_model/backend/cheese3d_demo_model-houlab-2025-05-28/labeled-data/20240328_R17_rec_rec_004_BC_09-03-48/CollectedData_houlab.h5,11,28
Q1400,3,20240328_R17_rec_rec_004_L_09-03-48,img0011.png,/data/disk2/home/tony/demo1/model/cheese3d_demo_model/backend/cheese3d_demo_model-houlab-2025-05-28/labeled-data/20240328_R17_rec_rec_004_L_09-03-48/img0011.png,/data/disk2/home/tony/demo1/model/cheese3d_demo_model/backend/cheese3d_demo_model-houlab-2025-05-28/labeled-data/20240328_R17_rec_rec_004_L_09-03-48/CollectedData_houlab.h5,16,28
Q1401,3,20240328_R17_rec_rec_004_L_09-03-48,img2954.png,/data/disk2/home/tony/demo1/model/cheese3d_demo_model/backend/cheese3d_demo_model-houlab-2025-05-28/labeled-data/20240328_R17_rec_rec_004_L_09-03-48/img2954.png,/data/disk2/home/tony/demo1/model/cheese3d_demo_model/backend/cheese3d_demo_model-houlab-2025-05-28/labeled-data/20240328_R17_rec_rec_004_L_09-03-48/CollectedData_houlab.h5,16,28
Q1402,3,20240328_R17_rec_rec_004_R_09-03-48,img1305.png,/data/disk2/home/tony/demo1/model/cheese3d_demo_model/backend/cheese3d_demo_model-houlab-2025-05-28/labeled-data/20240328_R17_rec_rec_004_R_09-03-48/img1305.png,/data/disk2/home/tony/demo1/model/cheese3d_demo_model/backend/cheese3d_demo_model-houlab-2025-05-28/labeled-data/20240328_R17_rec_rec_004_R_09-03-48/CollectedData_houlab.h5,16,28
Q1403,3,20240328_R17_rec_rec_004_R_09-03-48,img3513.png,/data/disk2/home/tony/demo1/model/cheese3d_demo_model/backend/cheese3d_demo_model-houlab-2025-05-28/labeled-data/20240328_R17_rec_rec_004_R_09-03-48/img3513.png,/data/disk2/home/tony/demo1/model/cheese3d_demo_model/backend/cheese3d_demo_model-houlab-2025-05-28/labeled-data/20240328_R17_rec_rec_004_R_09-03-48/CollectedData_houlab.h5,16,28
Q1404,3,20240328_R17_rec_rec_004_TC_09-03-48,img0020.png,/data/disk2/home/tony/demo1/model/cheese3d_demo_model/backend/cheese3d_demo_model-houlab-2025-05-28/labeled-data/20240328_R17_rec_rec_004_TC_09-03-48/img0020.png,/data/disk2/home/tony/demo1/model/cheese3d_demo_model/backend/cheese3d_demo_model-houlab-2025-05-28/labeled-data/20240328_R17_rec_rec_004_TC_09-03-48/CollectedData_houlab.h5,12,28
Q1405,3,20240328_R17_rec_rec_004_TC_09-03-48,img3906.png,/data/disk2/home/tony/demo1/model/cheese3d_demo_model/backend/cheese3d_demo_model-houlab-2025-05-28/labeled-data/20240328_R17_rec_rec_004_TC_09-03-48/img3906.png,/data/disk2/home/tony/demo1/model/cheese3d_demo_model/backend/cheese3d_demo_model-houlab-2025-05-28/labeled-data/20240328_R17_rec_rec_004_TC_09-03-48/CollectedData_houlab.h5,12,28
Q1406,3,20240328_R17_rec_rec_004_TL_09-03-48,img0139.png,/data/disk2/home/tony/demo1/model/cheese3d_demo_model/backend/cheese3d_demo_model-houlab-2025-05-28/labeled-data/20240328_R17_rec_rec_004_TL_09-03-48/img0139.png,/data/disk2/home/tony/demo1/model/cheese3d_demo_model/backend/cheese3d_demo_model-houlab-2025-05-28/labeled-data/20240328_R17_rec_rec_004_TL_09-03-48/CollectedData_houlab.h5,12,28
Q1407,3,20240328_R17_rec_rec_004_TL_09-03-48,img3900.png,/data/disk2/home/tony/demo1/model/cheese3d_demo_model/backend/cheese3d_demo_model-houlab-2025-05-28/labeled-data/20240328_R17_rec_rec_004_TL_09-03-48/img3900.png,/data/disk2/home/tony/demo1/model/cheese3d_demo_model/backend/cheese3d_demo_model-houlab-2025-05-28/labeled-data/20240328_R17_rec_rec_004_TL_09-03-48/CollectedData_houlab.h5,12,28
Q1408,3,20240328_R17_rec_rec_004_TR_09-03-48,img0098.png,/data/disk2/home/tony/demo1/model/cheese3d_demo_model/backend/cheese3d_demo_model-houlab-2025-05-28/labeled-data/20240328_R17_rec_rec_004_TR_09-03-48/img0098.png,/data/disk2/home/tony/demo1/model/cheese3d_demo_model/backend/cheese3d_demo_model-houlab-2025-05-28/labeled-data/20240328_R17_rec_rec_004_TR_09-03-48/CollectedData_houlab.h5,12,28
Q1409,3,20240328_R17_rec_rec_004_TR_09-03-48,img3072.png,/data/disk2/home/tony/demo1/model/cheese3d_demo_model/backend/cheese3d_demo_model-houlab-2025-05-28/labeled-data/20240328_R17_rec_rec_004_TR_09-03-48/img3072.png,/data/disk2/home/tony/demo1/model/cheese3d_demo_model/backend/cheese3d_demo_model-houlab-2025-05-28/labeled-data/20240328_R17_rec_rec_004_TR_09-03-48/CollectedData_houlab.h5,12,28
Q1410,3,20240523_R15_awake_awake_001_BC_13-01-40,img00173.png,/data/disk2/home/tony/demo1/model/cheese3d_demo_model/backend/cheese3d_demo_model-houlab-2025-05-28/labeled-data/20240523_R15_awake_awake_001_BC_13-01-40/img00173.png,/data/disk2/home/tony/demo1/model/cheese3d_demo_model/backend/cheese3d_demo_model-houlab-2025-05-28/labeled-data/20240523_R15_awake_awake_001_BC_13-01-40/CollectedData_houlab.h5,11,28
Q1411,3,20240523_R15_awake_awake_001_BC_13-01-40,img00975.png,/data/disk2/home/tony/demo1/model/cheese3d_demo_model/backend/cheese3d_demo_model-houlab-2025-05-28/labeled-data/20240523_R15_awake_awake_001_BC_13-01-40/img00975.png,/data/disk2/home/tony/demo1/model/cheese3d_demo_model/backend/cheese3d_demo_model-houlab-2025-05-28/labeled-data/20240523_R15_awake_awake_001_BC_13-01-40/CollectedData_houlab.h5,11,28
Q1412,3,20240523_R15_awake_awake_001_BC_13-01-40,img11238.png,/data/disk2/home/tony/demo1/model/cheese3d_demo_model/backend/cheese3d_demo_model-houlab-2025-05-28/labeled-data/20240523_R15_awake_awake_001_BC_13-01-40/img11238.png,/data/disk2/home/tony/demo1/model/cheese3d_demo_model/backend/cheese3d_demo_model-houlab-2025-05-28/labeled-data/20240523_R15_awake_awake_001_BC_13-01-40/CollectedData_houlab.h5,11,28
Q1413,3,20240523_R15_awake_awake_001_BC_13-01-40,img11376.png,/data/disk2/home/tony/demo1/model/cheese3d_demo_model/backend/cheese3d_demo_model-houlab-2025-05-28/labeled-data/20240523_R15_awake_awake_001_BC_13-01-40/img11376.png,/data/disk2/home/tony/demo1/model/cheese3d_demo_model/backend/cheese3d_demo_model-houlab-2025-05-28/labeled-data/20240523_R15_awake_awake_001_BC_13-01-40/CollectedData_houlab.h5,7,28
Q1414,3,20240523_R15_awake_awake_001_BC_13-01-40,img11383.png,/data/disk2/home/tony/demo1/model/cheese3d_demo_model/backend/cheese3d_demo_model-houlab-2025-05-28/labeled-data/20240523_R15_awake_awake_001_BC_13-01-40/img11383.png,/data/disk2/home/tony/demo1/model/cheese3d_demo_model/backend/cheese3d_demo_model-houlab-2025-05-28/labeled-data/20240523_R15_awake_awake_001_BC_13-01-40/CollectedData_houlab.h5,10,28
Q1415,3,20240523_R15_awake_awake_001_BC_13-01-40,img11397.png,/data/disk2/home/tony/demo1/model/cheese3d_demo_model/backend/cheese3d_demo_model-houlab-2025-05-28/labeled-data/20240523_R15_awake_awake_001_BC_13-01-40/img11397.png,/data/disk2/home/tony/demo1/model/cheese3d_demo_model/backend/cheese3d_demo_model-houlab-2025-05-28/labeled-data/20240523_R15_awake_awake_001_BC_13-01-40/CollectedData_houlab.h5,2,28
Q1416,3,20240523_R15_awake_awake_001_BC_13-01-40,img30630.png,/data/disk2/home/tony/demo1/model/cheese3d_demo_model/backend/cheese3d_demo_model-houlab-2025-05-28/labeled-data/20240523_R15_awake_awake_001_BC_13-01-40/img30630.png,/data/disk2/home/tony/demo1/model/cheese3d_demo_model/backend/cheese3d_demo_model-houlab-2025-05-28/labeled-data/20240523_R15_awake_awake_001_BC_13-01-40/CollectedData_houlab.h5,11,28
Q1417,3,20240523_R15_awake_awake_001_L_13-01-40,img01671.png,/data/disk2/home/tony/demo1/model/cheese3d_demo_model/backend/cheese3d_demo_model-houlab-2025-05-28/labeled-data/20240523_R15_awake_awake_001_L_13-01-40/img01671.png,/data/disk2/home/tony/demo1/model/cheese3d_demo_model/backend/cheese3d_demo_model-houlab-2025-05-28/labeled-data/20240523_R15_awake_awake_001_L_13-01-40/CollectedData_houlab.h5,16,28
Q1418,3,20240523_R15_awake_awake_001_L_13-01-40,img02521.png,/data/disk2/home/tony/demo1/model/cheese3d_demo_model/backend/cheese3d_demo_model-houlab-2025-05-28/labeled-data/20240523_R15_awake_awake_001_L_13-01-40/img02521.png,/data/disk2/home/tony/demo1/model/cheese3d_demo_model/backend/cheese3d_demo_model-houlab-2025-05-28/labeled-data/20240523_R15_awake_awake_001_L_13-01-40/CollectedData_houlab.h5,16,28
Q1419,3,20240523_R15_awake_awake_001_L_13-01-40,img04798.png,/data/disk2/home/tony/demo1/model/cheese3d_demo_model/backend/cheese3d_demo_model-houlab-2025-05-28/labeled-data/20240523_R15_awake_awake_001_L_13-01-40/img04798.png,/data/disk2/home/tony/demo1/model/cheese3d_demo_model/backend/cheese3d_demo_model-houlab-2025-05-28/labeled-data/20240523_R15_awake_awake_001_L_13-01-40/CollectedData_houlab.h5,16,28
Q1420,3,20240523_R15_awake_awake_001_L_13-01-40,img06957.png,/data/disk2/home/tony/demo1/model/cheese3d_demo_model/backend/cheese3d_demo_model-houlab-2025-05-28/labeled-data/20240523_R15_awake_awake_001_L_13-01-40/img06957.png,/data/disk2/home/tony/demo1/model/cheese3d_demo_model/backend/cheese3d_demo_model-houlab-2025-05-28/labeled-data/20240523_R15_awake_awake_001_L_13-01-40/CollectedData_houlab.h5,16,28
Q1421,3,20240523_R15_awake_awake_001_L_13-01-40,img11086.png,/data/disk2/home/tony/demo1/model/cheese3d_demo_model/backend/cheese3d_demo_model-houlab-2025-05-28/labeled-data/20240523_R15_awake_awake_001_L_13-01-40/img11086.png,/data/disk2/home/tony/demo1/model/cheese3d_demo_model/backend/cheese3d_demo_model-houlab-2025-05-28/labeled-data/20240523_R15_awake_awake_001_L_13-01-40/CollectedData_houlab.h5,16,28
Q1422,3,20240523_R15_awake_awake_001_L_13-01-40,img11271.png,/data/disk2/home/tony/demo1/model/cheese3d_demo_model/backend/cheese3d_demo_model-houlab-2025-05-28/labeled-data/20240523_R15_awake_awake_001_L_13-01-40/img11271.png,/data/disk2/home/tony/demo1/model/cheese3d_demo_model/backend/cheese3d_demo_model-houlab-2025-05-28/labeled-data/20240523_R15_awake_awake_001_L_13-01-40/CollectedData_houlab.h5,12,28
Q1423,3,20240523_R15_awake_awake_001_L_13-01-40,img21521.png,/data/disk2/home/tony/demo1/model/cheese3d_demo_model/backend/cheese3d_demo_model-houlab-2025-05-28/labeled-data/20240523_R15_awake_awake_001_L_13-01-40/img21521.png,/data/disk2/home/tony/demo1/model/cheese3d_demo_model/backend/cheese3d_demo_model-houlab-2025-05-28/labeled-data/20240523_R15_awake_awake_001_L_13-01-40/CollectedData_houlab.h5,16,28
Q1424,3,20240523_R15_awake_awake_001_L_13-01-40,img29022.png,/data/disk2/home/tony/demo1/model/cheese3d_demo_model/backend/cheese3d_demo_model-houlab-2025-05-28/labeled-data/20240523_R15_awake_awake_001_L_13-01-40/img29022.png,/data/disk2/home/tony/demo1/model/cheese3d_demo_model/backend/cheese3d_demo_model-houlab-2025-05-28/labeled-data/20240523_R15_awake_awake_001_L_13-01-40/CollectedData_houlab.h5,16,28
Q1425,3,20240523_R15_awake_awake_001_L_13-01-40,img29650.png,/data/disk2/home/tony/demo1/model/cheese3d_demo_model/backend/cheese3d_demo_model-houlab-2025-05-28/labeled-data/20240523_R15_awake_awake_001_L_13-01-40/img29650.png,/data/disk2/home/tony/demo1/model/cheese3d_demo_model/backend/cheese3d_demo_model-houlab-2025-05-28/labeled-data/20240523_R15_awake_awake_001_L_13-01-40/CollectedData_houlab.h5,16,28
Q1426,3,20240523_R15_awake_awake_001_R_13-01-40,img00830.png,/data/disk2/home/tony/demo1/model/cheese3d_demo_model/backend/cheese3d_demo_model-houlab-2025-05-28/labeled-data/20240523_R15_awake_awake_001_R_13-01-40/img00830.png,/data/disk2/home/tony/demo1/model/cheese3d_demo_model/backend/cheese3d_demo_model-houlab-2025-05-28/labeled-data/20240523_R15_awake_awake_001_R_13-01-40/CollectedData_houlab.h5,16,28
Q1427,3,20240523_R15_awake_awake_001_R_13-01-40,img01017.png,/data/disk2/home/tony/demo1/model/cheese3d_demo_model/backend/cheese3d_demo_model-houlab-2025-05-28/labeled-data/20240523_R15_awake_awake_001_R_13-01-40/img01017.png,/data/disk2/home/tony/demo1/model/cheese3d_demo_model/backend/cheese3d_demo_model-houlab-2025-05-28/labeled-data/20240523_R15_awake_awake_001_R_13-01-40/CollectedData_houlab.h5,14,28
Q1428,3,20240523_R15_awake_awake_001_R_13-01-40,img01839.png,/data/disk2/home/tony/demo1/model/cheese3d_demo_model/backend/cheese3d_demo_model-houlab-2025-05-28/labeled-data/20240523_R15_awake_awake_001_R_13-01-40/img01839.png,/data/disk2/home/tony/demo1/model/cheese3d_demo_model/backend/cheese3d_demo_model-houlab-2025-05-28/labeled-data/20240523_R15_awake_awake_001_R_13-01-40/CollectedData_houlab.h5,16,28
Q1429,3,20240523_R15_awake_awake_001_R_13-01-40,img01843.png,/data/disk2/home/tony/demo1/model/cheese3d_demo_model/backend/cheese3d_demo_model-houlab-2025-05-28/labeled-data/20240523_R15_awake_awake_001_R_13-01-40/img01843.png,/data/disk2/home/tony/demo1/model/cheese3d_demo_model/backend/cheese3d_demo_model-houlab-2025-05-28/labeled-data/20240523_R15_awake_awake_001_R_13-01-40/CollectedData_houlab.h5,16,28
Q1430,3,20240523_R15_awake_awake_001_R_13-01-40,img07921.png,/data/disk2/home/tony/demo1/model/cheese3d_demo_model/backend/cheese3d_demo_model-houlab-2025-05-28/labeled-data/20240523_R15_awake_awake_001_R_13-01-40/img07921.png,/data/disk2/home/tony/demo1/model/cheese3d_demo_model/backend/cheese3d_demo_model-houlab-2025-05-28/labeled-data/20240523_R15_awake_awake_001_R_13-01-40/CollectedData_houlab.h5,16,28
Q1431,3,20240523_R15_awake_awake_001_R_13-01-40,img21301.png,/data/disk2/home/tony/demo1/model/cheese3d_demo_model/backend/cheese3d_demo_model-houlab-2025-05-28/labeled-data/20240523_R15_awake_awake_001_R_13-01-40/img21301.png,/data/disk2/home/tony/demo1/model/cheese3d_demo_model/backend/cheese3d_demo_model-houlab-2025-05-28/labeled-data/20240523_R15_awake_awake_001_R_13-01-40/CollectedData_houlab.h5,16,28
Q1432,3,20240523_R15_awake_awake_001_R_13-01-40,img21364.png,/data/disk2/home/tony/demo1/model/cheese3d_demo_model/backend/cheese3d_demo_model-houlab-2025-05-28/labeled-data/20240523_R15_awake_awake_001_R_13-01-40/img21364.png,/data/disk2/home/tony/demo1/model/cheese3d_demo_model/backend/cheese3d_demo_model-houlab-2025-05-28/labeled-data/20240523_R15_awake_awake_001_R_13-01-40/CollectedData_houlab.h5,16,28
Q1433,3,20240523_R15_awake_awake_001_TC_13-01-40,img00199.png,/data/disk2/home/tony/demo1/model/cheese3d_demo_model/backend/cheese3d_demo_model-houlab-2025-05-28/labeled-data/20240523_R15_awake_awake_001_TC_13-01-40/img00199.png,/data/disk2/home/tony/demo1/model/cheese3d_demo_model/backend/cheese3d_demo_model-houlab-2025-05-28/labeled-data/20240523_R15_awake_awake_001_TC_13-01-40/CollectedData_houlab.h5,12,28
Q1434,3,20240523_R15_awake_awake_001_TC_13-01-40,img00949.png,/data/disk2/home/tony/demo1/model/cheese3d_demo_model/backend/cheese3d_demo_model-houlab-2025-05-28/labeled-data/20240523_R15_awake_awake_001_TC_13-01-40/img00949.png,/data/disk2/home/tony/demo1/model/cheese3d_demo_model/backend/cheese3d_demo_model-houlab-2025-05-28/labeled-data/20240523_R15_awake_awake_001_TC_13-01-40/CollectedData_houlab.h5,12,28
Q1435,3,20240523_R15_awake_awake_001_TC_13-01-40,img01006.png,/data/disk2/home/tony/demo1/model/cheese3d_demo_model/backend/cheese3d_demo_model-houlab-2025-05-28/labeled-data/20240523_R15_awake_awake_001_TC_13-01-40/img01006.png,/data/disk2/home/tony/demo1/model/cheese3d_demo_model/backend/cheese3d_demo_model-houlab-2025-05-28/labeled-data/20240523_R15_awake_awake_001_TC_13-01-40/CollectedData_houlab.h5,12,28
Q1436,3,20240523_R15_awake_awake_001_TC_13-01-40,img01045.png,/data/disk2/home/tony/demo1/model/cheese3d_demo_model/backend/cheese3d_demo_model-houlab-2025-05-28/labeled-data/20240523_R15_awake_awake_001_TC_13-01-40/img01045.png,/data/disk2/home/tony/demo1/model/cheese3d_demo_model/backend/cheese3d_demo_model-houlab-2025-05-28/labeled-data/20240523_R15_awake_awake_001_TC_13-01-40/CollectedData_houlab.h5,12,28
Q1437,3,20240523_R15_awake_awake_001_TC_13-01-40,img11199.png,/data/disk2/home/tony/demo1/model/cheese3d_demo_model/backend/cheese3d_demo_model-houlab-2025-05-28/labeled-data/20240523_R15_awake_awake_001_TC_13-01-40/img11199.png,/data/disk2/home/tony/demo1/model/cheese3d_demo_model/backend/cheese3d_demo_model-houlab-2025-05-28/labeled-data/20240523_R15_awake_awake_001_TC_13-01-40/CollectedData_houlab.h5,12,28
Q1438,3,20240523_R15_awake_awake_001_TC_13-01-40,img11257.png,/data/disk2/home/tony/demo1/model/cheese3d_demo_model/backend/cheese3d_demo_model-houlab-2025-05-28/labeled-data/20240523_R15_awake_awake_001_TC_13-01-40/img11257.png,/data/disk2/home/tony/demo1/model/cheese3d_demo_model/backend/cheese3d_demo_model-houlab-2025-05-28/labeled-data/20240523_R15_awake_awake_001_TC_13-01-40/CollectedData_houlab.h5,12,28
Q1439,3,20240523_R15_awake_awake_001_TC_13-01-40,img29330.png,/data/disk2/home/tony/demo1/model/cheese3d_demo_model/backend/cheese3d_demo_model-houlab-2025-05-28/labeled-data/20240523_R15_awake_awake_001_TC_13-01-40/img29330.png,/data/disk2/home/tony/demo1/model/cheese3d_demo_model/backend/cheese3d_demo_model-houlab-2025-05-28/labeled-data/20240523_R15_awake_awake_001_TC_13-01-40/CollectedData_houlab.h5,12,28
Q1440,3,20240523_R15_awake_awake_001_TL_13-01-40,img00024.png,/data/disk2/home/tony/demo1/model/cheese3d_demo_model/backend/cheese3d_demo_model-houlab-2025-05-28/labeled-data/20240523_R15_awake_awake_001_TL_13-01-40/img00024.png,/data/disk2/home/tony/demo1/model/cheese3d_demo_model/backend/cheese3d_demo_model-houlab-2025-05-28/labeled-data/20240523_R15_awake_awake_001_TL_13-01-40/CollectedData_houlab.h5,12,28
Q1441,3,20240523_R15_awake_awake_001_TL_13-01-40,img01004.png,/data/disk2/home/tony/demo1/model/cheese3d_demo_model/backend/cheese3d_demo_model-houlab-2025-05-28/labeled-data/20240523_R15_awake_awake_001_TL_13-01-40/img01004.png,/data/disk2/home/tony/demo1/model/cheese3d_demo_model/backend/cheese3d_demo_model-houlab-2025-05-28/labeled-data/20240523_R15_awake_awake_001_TL_13-01-40/CollectedData_houlab.h5,12,28
Q1442,3,20240523_R15_awake_awake_001_TL_13-01-40,img01042.png,/data/disk2/home/tony/demo1/model/cheese3d_demo_model/backend/cheese3d_demo_model-houlab-2025-05-28/labeled-data/20240523_R15_awake_awake_001_TL_13-01-40/img01042.png,/data/disk2/home/tony/demo1/model/cheese3d_demo_model/backend/cheese3d_demo_model-houlab-2025-05-28/labeled-data/20240523_R15_awake_awake_001_TL_13-01-40/CollectedData_houlab.h5,12,28
Q1443,3,20240523_R15_awake_awake_001_TL_13-01-40,img11202.png,/data/disk2/home/tony/demo1/model/cheese3d_demo_model/backend/cheese3d_demo_model-houlab-2025-05-28/labeled-data/20240523_R15_awake_awake_001_TL_13-01-40/img11202.png,/data/disk2/home/tony/demo1/model/cheese3d_demo_model/backend/cheese3d_demo_model-houlab-2025-05-28/labeled-data/20240523_R15_awake_awake_001_TL_13-01-40/CollectedData_houlab.h5,12,28
Q1444,3,20240523_R15_awake_awake_001_TL_13-01-40,img11363.png,/data/disk2/home/tony/demo1/model/cheese3d_demo_model/backend/cheese3d_demo_model-houlab-2025-05-28/labeled-data/20240523_R15_awake_awake_001_TL_13-01-40/img11363.png,/data/disk2/home/tony/demo1/model/cheese3d_demo_model/backend/cheese3d_demo_model-houlab-2025-05-28/labeled-data/20240523_R15_awake_awake_001_TL_13-01-40/CollectedData_houlab.h5,11,28
Q1445,3,20240523_R15_awake_awake_001_TL_13-01-40,img11368.png,/data/disk2/home/tony/demo1/model/cheese3d_demo_model/backend/cheese3d_demo_model-houlab-2025-05-28/labeled-data/20240523_R15_awake_awake_001_TL_13-01-40/img11368.png,/data/disk2/home/tony/demo1/model/cheese3d_demo_model/backend/cheese3d_demo_model-houlab-2025-05-28/labeled-data/20240523_R15_awake_awake_001_TL_13-01-40/CollectedData_houlab.h5,12,28
Q1446,3,20240523_R15_awake_awake_001_TL_13-01-40,img31236.png,/data/disk2/home/tony/demo1/model/cheese3d_demo_model/backend/cheese3d_demo_model-houlab-2025-05-28/labeled-data/20240523_R15_awake_awake_001_TL_13-01-40/img31236.png,/data/disk2/home/tony/demo1/model/cheese3d_demo_model/backend/cheese3d_demo_model-houlab-2025-05-28/labeled-data/20240523_R15_awake_awake_001_TL_13-01-40/CollectedData_houlab.h5,12,28
Q1447,3,20240523_R15_awake_awake_001_TR_13-01-40,img01970.png,/data/disk2/home/tony/demo1/model/cheese3d_demo_model/backend/cheese3d_demo_model-houlab-2025-05-28/labeled-data/20240523_R15_awake_awake_001_TR_13-01-40/img01970.png,/data/disk2/home/tony/demo1/model/cheese3d_demo_model/backend/cheese3d_demo_model-houlab-2025-05-28/labeled-data/20240523_R15_awake_awake_001_TR_13-01-40/CollectedData_houlab.h5,12,28
Q1448,3,20240523_R15_awake_awake_001_TR_13-01-40,img03942.png,/data/disk2/home/tony/demo1/model/cheese3d_demo_model/backend/cheese3d_demo_model-houlab-2025-05-28/labeled-data/20240523_R15_awake_awake_001_TR_13-01-40/img03942.png,/data/disk2/home/tony/demo1/model/cheese3d_demo_model/backend/cheese3d_demo_model-houlab-2025-05-28/labeled-data/20240523_R15_awake_awake_001_TR_13-01-40/CollectedData_houlab.h5,11,28
Q1449,3,20240523_R15_awake_awake_001_TR_13-01-40,img10878.png,/data/disk2/home/tony/demo1/model/cheese3d_demo_model/backend/cheese3d_demo_model-houlab-2025-05-28/labeled-data/20240523_R15_awake_awake_001_TR_13-01-40/img10878.png,/data/disk2/home/tony/demo1/model/cheese3d_demo_model/backend/cheese3d_demo_model-houlab-2025-05-28/labeled-data/20240523_R15_awake_awake_001_TR_13-01-40/CollectedData_houlab.h5,11,28
Q1450,3,20240523_R15_awake_awake_001_TR_13-01-40,img15756.png,/data/disk2/home/tony/demo1/model/cheese3d_demo_model/backend/cheese3d_demo_model-houlab-2025-05-28/labeled-data/20240523_R15_awake_awake_001_TR_13-01-40/img15756.png,/data/disk2/home/tony/demo1/model/cheese3d_demo_model/backend/cheese3d_demo_model-houlab-2025-05-28/labeled-data/20240523_R15_awake_awake_001_TR_13-01-40/CollectedData_houlab.h5,11,28
Q1451,3,20240523_R15_awake_awake_001_TR_13-01-40,img17073.png,/data/disk2/home/tony/demo1/model/cheese3d_demo_model/backend/cheese3d_demo_model-houlab-2025-05-28/labeled-data/20240523_R15_awake_awake_001_TR_13-01-40/img17073.png,/data/disk2/home/tony/demo1/model/cheese3d_demo_model/backend/cheese3d_demo_model-houlab-2025-05-28/labeled-data/20240523_R15_awake_awake_001_TR_13-01-40/CollectedData_houlab.h5,12,28
Q1452,3,20240523_R15_awake_awake_001_TR_13-01-40,img27840.png,/data/disk2/home/tony/demo1/model/cheese3d_demo_model/backend/cheese3d_demo_model-houlab-2025-05-28/labeled-data/20240523_R15_awake_awake_001_TR_13-01-40/img27840.png,/data/disk2/home/tony/demo1/model/cheese3d_demo_model/backend/cheese3d_demo_model-houlab-2025-05-28/labeled-data/20240523_R15_awake_awake_001_TR_13-01-40/CollectedData_houlab.h5,11,28
Q1453,3,20240523_R15_awake_awake_001_TR_13-01-40,img32091.png,/data/disk2/home/tony/demo1/model/cheese3d_demo_model/backend/cheese3d_demo_model-houlab-2025-05-28/labeled-data/20240523_R15_awake_awake_001_TR_13-01-40/img32091.png,/data/disk2/home/tony/demo1/model/cheese3d_demo_model/backend/cheese3d_demo_model-houlab-2025-05-28/labeled-data/20240523_R15_awake_awake_001_TR_13-01-40/CollectedData_houlab.h5,11,28
Q1454,3,20240523_R15_awake_awake_002_BC_13-18-51,img02228.png,/data/disk2/home/tony/demo1/model/cheese3d_demo_model/backend/cheese3d_demo_model-houlab-2025-05-28/labeled-data/20240523_R15_awake_awake_002_BC_13-18-51/img02228.png,/data/disk2/home/tony/demo1/model/cheese3d_demo_model/backend/cheese3d_demo_model-houlab-2025-05-28/labeled-data/20240523_R15_awake_awake_002_BC_13-18-51/CollectedData_houlab.h5,11,28
Q1455,3,20240523_R15_awake_awake_002_BC_13-18-51,img07613.png,/data/disk2/home/tony/demo1/model/cheese3d_demo_model/backend/cheese3d_demo_model-houlab-2025-05-28/labeled-data/20240523_R15_awake_awake_002_BC_13-18-51/img07613.png,/data/disk2/home/tony/demo1/model/cheese3d_demo_model/backend/cheese3d_demo_model-houlab-2025-05-28/labeled-data/20240523_R15_awake_awake_002_BC_13-18-51/CollectedData_houlab.h5,10,28
Q1456,3,20240523_R15_awake_awake_002_BC_13-18-51,img07638.png,/data/disk2/home/tony/demo1/model/cheese3d_demo_model/backend/cheese3d_demo_model-houlab-2025-05-28/labeled-data/20240523_R15_awake_awake_002_BC_13-18-51/img07638.png,/data/disk2/home/tony/demo1/model/cheese3d_demo_model/backend/cheese3d_demo_model-houlab-2025-05-28/labeled-data/20240523_R15_awake_awake_002_BC_13-18-51/CollectedData_houlab.h5,7,28
Q1457,3,20240523_R15_awake_awake_002_BC_13-18-51,img07675.png,/data/disk2/home/tony/demo1/model/cheese3d_demo_model/backend/cheese3d_demo_model-houlab-2025-05-28/labeled-data/20240523_R15_awake_awake_002_BC_13-18-51/img07675.png,/data/disk2/home/tony/demo1/model/cheese3d_demo_model/backend/cheese3d_demo_model-houlab-2025-05-28/labeled-data/20240523_R15_awake_awake_002_BC_13-18-51/CollectedData_houlab.h5,11,28
Q1458,3,20240523_R15_awake_awake_002_BC_13-18-51,img07682.png,/data/disk2/home/tony/demo1/model/cheese3d_demo_model/backend/cheese3d_demo_model-houlab-2025-05-28/labeled-data/20240523_R15_awake_awake_002_BC_13-18-51/img07682.png,/data/disk2/home/tony/demo1/model/cheese3d_demo_model/backend/cheese3d_demo_model-houlab-2025-05-28/labeled-data/20240523_R15_awake_awake_002_BC_13-18-51/CollectedData_houlab.h5,7,28
Q1459,3,20240523_R15_awake_awake_002_BC_13-18-51,img07688.png,/data/disk2/home/tony/demo1/model/cheese3d_demo_model/backend/cheese3d_demo_model-houlab-2025-05-28/labeled-data/20240523_R15_awake_awake_002_BC_13-18-51/img07688.png,/data/disk2/home/tony/demo1/model/cheese3d_demo_model/backend/cheese3d_demo_model-houlab-2025-05-28/labeled-data/20240523_R15_awake_awake_002_BC_13-18-51/CollectedData_houlab.h5,10,28
Q1460,3,20240523_R15_awake_awake_002_BC_13-18-51,img31085.png,/data/disk2/home/tony/demo1/model/cheese3d_demo_model/backend/cheese3d_demo_model-houlab-2025-05-28/labeled-data/20240523_R15_awake_awake_002_BC_13-18-51/img31085.png,/data/disk2/home/tony/demo1/model/cheese3d_demo_model/backend/cheese3d_demo_model-houlab-2025-05-28/labeled-data/20240523_R15_awake_awake_002_BC_13-18-51/CollectedData_houlab.h5,11,28
Q1461,3,20240523_R15_awake_awake_002_L_13-18-51,img02153.png,/data/disk2/home/tony/demo1/model/cheese3d_demo_model/backend/cheese3d_demo_model-houlab-2025-05-28/labeled-data/20240523_R15_awake_awake_002_L_13-18-51/img02153.png,/data/disk2/home/tony/demo1/model/cheese3d_demo_model/backend/cheese3d_demo_model-houlab-2025-05-28/labeled-data/20240523_R15_awake_awake_002_L_13-18-51/CollectedData_houlab.h5,16,28
Q1462,3,20240523_R15_awake_awake_002_L_13-18-51,img03673.png,/data/disk2/home/tony/demo1/model/cheese3d_demo_model/backend/cheese3d_demo_model-houlab-2025-05-28/labeled-data/20240523_R15_awake_awake_002_L_13-18-51/img03673.png,/data/disk2/home/tony/demo1/model/cheese3d_demo_model/backend/cheese3d_demo_model-houlab-2025-05-28/labeled-data/20240523_R15_awake_awake_002_L_13-18-51/CollectedData_houlab.h5,16,28
Q1463,3,20240523_R15_awake_awake_002_L_13-18-51,img04180.png,/data/disk2/home/tony/demo1/model/cheese3d_demo_model/backend/cheese3d_demo_model-houlab-2025-05-28/labeled-data/20240523_R15_awake_awake_002_L_13-18-51/img04180.png,/data/disk2/home/tony/demo1/model/cheese3d_demo_model/backend/cheese3d_demo_model-houlab-2025-05-28/labeled-data/20240523_R15_awake_awake_002_L_13-18-51/CollectedData_houlab.h5,16,28
Q1464,3,20240523_R15_awake_awake_002_L_13-18-51,img04673.png,/data/disk2/home/tony/demo1/model/cheese3d_demo_model/backend/cheese3d_demo_model-houlab-2025-05-28/labeled-data/20240523_R15_awake_awake_002_L_13-18-51/img04673.png,/data/disk2/home/tony/demo1/model/cheese3d_demo_model/backend/cheese3d_demo_model-houlab-2025-05-28/labeled-data/20240523_R15_awake_awake_002_L_13-18-51/CollectedData_houlab.h5,16,28
Q1465,3,20240523_R15_awake_awake_002_L_13-18-51,img05654.png,/data/disk2/home/tony/demo1/model/cheese3d_demo_model/backend/cheese3d_demo_model-houlab-2025-05-28/labeled-data/20240523_R15_awake_awake_002_L_13-18-51/img05654.png,/data/disk2/home/tony/demo1/model/cheese3d_demo_model/backend/cheese3d_demo_model-houlab-2025-05-28/labeled-data/20240523_R15_awake_awake_002_L_13-18-51/CollectedData_houlab.h5,16,28
Q1466,3,20240523_R15_awake_awake_002_L_13-18-51,img09641.png,/data/disk2/home/tony/demo1/model/cheese3d_demo_model/backend/cheese3d_demo_model-houlab-2025-05-28/labeled-data/20240523_R15_awake_awake_002_L_13-18-51/img09641.png,/data/disk2/home/tony/demo1/model/cheese3d_demo_model/backend/cheese3d_demo_model-houlab-2025-05-28/labeled-data/20240523_R15_awake_awake_002_L_13-18-51/CollectedData_houlab.h5,16,28
Q1467,3,20240523_R15_awake_awake_002_L_13-18-51,img11144.png,/data/disk2/home/tony/demo1/model/cheese3d_demo_model/backend/cheese3d_demo_model-houlab-2025-05-28/labeled-data/20240523_R15_awake_awake_002_L_13-18-51/img11144.png,/data/disk2/home/tony/demo1/model/cheese3d_demo_model/backend/cheese3d_demo_model-houlab-2025-05-28/labeled-data/20240523_R15_awake_awake_002_L_13-18-51/CollectedData_houlab.h5,16,28
Q1468,3,20240523_R15_awake_awake_002_L_13-18-51,img24256.png,/data/disk2/home/tony/demo1/model/cheese3d_demo_model/backend/cheese3d_demo_model-houlab-2025-05-28/labeled-data/20240523_R15_awake_awake_002_L_13-18-51/img24256.png,/data/disk2/home/tony/demo1/model/cheese3d_demo_model/backend/cheese3d_demo_model-houlab-2025-05-28/labeled-data/20240523_R15_awake_awake_002_L_13-18-51/CollectedData_houlab.h5,16,28
Q1469,3,20240523_R15_awake_awake_002_L_13-18-51,img30654.png,/data/disk2/home/tony/demo1/model/cheese3d_demo_model/backend/cheese3d_demo_model-houlab-2025-05-28/labeled-data/20240523_R15_awake_awake_002_L_13-18-51/img30654.png,/data/disk2/home/tony/demo1/model/cheese3d_demo_model/backend/cheese3d_demo_model-houlab-2025-05-28/labeled-data/20240523_R15_awake_awake_002_L_13-18-51/CollectedData_houlab.h5,16,28
Q1470,3,20240523_R15_awake_awake_002_R_13-18-51,img00592.png,/data/disk2/home/tony/demo1/model/cheese3d_demo_model/backend/cheese3d_demo_model-houlab-2025-05-28/labeled-data/20240523_R15_awake_awake_002_R_13-18-51/img00592.png,/data/disk2/home/tony/demo1/model/cheese3d_demo_model/backend/cheese3d_demo_model-houlab-2025-05-28/labeled-data/20240523_R15_awake_awake_002_R_13-18-51/CollectedData_houlab.h5,16,28
Q1471,3,20240523_R15_awake_awake_002_R_13-18-51,img03276.png,/data/disk2/home/tony/demo1/model/cheese3d_demo_model/backend/cheese3d_demo_model-houlab-2025-05-28/labeled-data/20240523_R15_awake_awake_002_R_13-18-51/img03276.png,/data/disk2/home/tony/demo1/model/cheese3d_demo_model/backend/cheese3d_demo_model-houlab-2025-05-28/labeled-data/20240523_R15_awake_awake_002_R_13-18-51/CollectedData_houlab.h5,16,28
Q1472,3,20240523_R15_awake_awake_002_R_13-18-51,img04899.png,/data/disk2/home/tony/demo1/model/cheese3d_demo_model/backend/cheese3d_demo_model-houlab-2025-05-28/labeled-data/20240523_R15_awake_awake_002_R_13-18-51/img04899.png,/data/disk2/home/tony/demo1/model/cheese3d_demo_model/backend/cheese3d_demo_model-houlab-2025-05-28/labeled-data/20240523_R15_awake_awake_002_R_13-18-51/CollectedData_houlab.h5,16,28
Q1473,3,20240523_R15_awake_awake_002_R_13-18-51,img06755.png,/data/disk2/home/tony/demo1/model/cheese3d_demo_model/backend/cheese3d_demo_model-houlab-2025-05-28/labeled-data/20240523_R15_awake_awake_002_R_13-18-51/img06755.png,/data/disk2/home/tony/demo1/model/cheese3d_demo_model/backend/cheese3d_demo_model-houlab-2025-05-28/labeled-data/20240523_R15_awake_awake_002_R_13-18-51/CollectedData_houlab.h5,16,28
Q1474,3,20240523_R15_awake_awake_002_R_13-18-51,img11742.png,/data/disk2/home/tony/demo1/model/cheese3d_demo_model/backend/cheese3d_demo_model-houlab-2025-05-28/labeled-data/20240523_R15_awake_awake_002_R_13-18-51/img11742.png,/data/disk2/home/tony/demo1/model/cheese3d_demo_model/backend/cheese3d_demo_model-houlab-2025-05-28/labeled-data/20240523_R15_awake_awake_002_R_13-18-51/CollectedData_houlab.h5,16,28
Q1475,3,20240523_R15_awake_awake_002_R_13-18-51,img14526.png,/data/disk2/home/tony/demo1/model/cheese3d_demo_model/backend/cheese3d_demo_model-houlab-2025-05-28/labeled-data/20240523_R15_awake_awake_002_R_13-18-51/img14526.png,/data/disk2/home/tony/demo1/model/cheese3d_demo_model/backend/cheese3d_demo_model-houlab-2025-05-28/labeled-data/20240523_R15_awake_awake_002_R_13-18-51/CollectedData_houlab.h5,16,28
Q1476,3,20240523_R15_awake_awake_002_R_13-18-51,img29438.png,/data/disk2/home/tony/demo1/model/cheese3d_demo_model/backend/cheese3d_demo_model-houlab-2025-05-28/labeled-data/20240523_R15_awake_awake_002_R_13-18-51/img29438.png,/data/disk2/home/tony/demo1/model/cheese3d_demo_model/backend/cheese3d_demo_model-houlab-2025-05-28/labeled-data/20240523_R15_awake_awake_002_R_13-18-51/CollectedData_houlab.h5,16,28
Q1477,3,20240523_R15_awake_awake_002_TC_13-18-51,img00656.png,/data/disk2/home/tony/demo1/model/cheese3d_demo_model/backend/cheese3d_demo_model-houlab-2025-05-28/labeled-data/20240523_R15_awake_awake_002_TC_13-18-51/img00656.png,/data/disk2/home/tony/demo1/model/cheese3d_demo_model/backend/cheese3d_demo_model-houlab-2025-05-28/labeled-data/20240523_R15_awake_awake_002_TC_13-18-51/CollectedData_houlab.h5,12,28
Q1478,3,20240523_R15_awake_awake_002_TC_13-18-51,img07638.png,/data/disk2/home/tony/demo1/model/cheese3d_demo_model/backend/cheese3d_demo_model-houlab-2025-05-28/labeled-data/20240523_R15_awake_awake_002_TC_13-18-51/img07638.png,/data/disk2/home/tony/demo1/model/cheese3d_demo_model/backend/cheese3d_demo_model-houlab-2025-05-28/labeled-data/20240523_R15_awake_awake_002_TC_13-18-51/CollectedData_houlab.h5,12,28
Q1479,3,20240523_R15_awake_awake_002_TC_13-18-51,img07652.png,/data/disk2/home/tony/demo1/model/cheese3d_demo_model/backend/cheese3d_demo_model-houlab-2025-05-28/labeled-data/20240523_R15_awake_awake_002_TC_13-18-51/img07652.png,/data/disk2/home/tony/demo1/model/cheese3d_demo_model/backend/cheese3d_demo_model-houlab-2025-05-28/labeled-data/20240523_R15_awake_awake_002_TC_13-18-51/CollectedData_houlab.h5,12,28
Q1480,3,20240523_R15_awake_awake_002_TC_13-18-51,img07685.png,/data/disk2/home/tony/demo1/model/cheese3d_demo_model/backend/cheese3d_demo_model-houlab-2025-05-28/labeled-data/20240523_R15_awake_awake_002_TC_13-18-51/img07685.png,/data/disk2/home/tony/demo1/model/cheese3d_demo_model/backend/cheese3d_demo_model-houlab-2025-05-28/labeled-data/20240523_R15_awake_awake_002_TC_13-18-51/CollectedData_houlab.h5,12,28
Q1481,3,20240523_R15_awake_awake_002_TC_13-18-51,img07687.png,/data/disk2/home/tony/demo1/model/cheese3d_demo_model/backend/cheese3d_demo_model-houlab-2025-05-28/labeled-data/20240523_R15_awake_awake_002_TC_13-18-51/img07687.png,/data/disk2/home/tony/demo1/model/cheese3d_demo_model/backend/cheese3d_demo_model-houlab-2025-05-28/labeled-data/20240523_R15_awake_awake_002_TC_13-18-51/CollectedData_houlab.h5,12,28
Q1482,3,20240523_R15_awake_awake_002_TC_13-18-51,img24691.png,/data/disk2/home/tony/demo1/model/cheese3d_demo_model/backend/cheese3d_demo_model-houlab-2025-05-28/labeled-data/20240523_R15_awake_awake_002_TC_13-18-51/img24691.png,/data/disk2/home/tony/demo1/model/cheese3d_demo_model/backend/cheese3d_demo_model-houlab-2025-05-28/labeled-data/20240523_R15_awake_awake_002_TC_13-18-51/CollectedData_houlab.h5,12,28
Q1483,3,20240523_R15_awake_awake_002_TC_13-18-51,img31682.png,/data/disk2/home/tony/demo1/model/cheese3d_demo_model/backend/cheese3d_demo_model-houlab-2025-05-28/labeled-data/20240523_R15_awake_awake_002_TC_13-18-51/img31682.png,/data/disk2/home/tony/demo1/model/cheese3d_demo_model/backend/cheese3d_demo_model-houlab-2025-05-28/labeled-data/20240523_R15_awake_awake_002_TC_13-18-51/CollectedData_houlab.h5,12,28
Q1484,3,20240523_R15_awake_awake_002_TL_13-18-51,img00371.png,/data/disk2/home/tony/demo1/model/cheese3d_demo_model/backend/cheese3d_demo_model-houlab-2025-05-28/labeled-data/20240523_R15_awake_awake_002_TL_13-18-51/img00371.png,/data/disk2/home/tony/demo1/model/cheese3d_demo_model/backend/cheese3d_demo_model-houlab-2025-05-28/labeled-data/20240523_R15_awake_awake_002_TL_13-18-51/CollectedData_houlab.h5,12,28
Q1485,3,20240523_R15_awake_awake_002_TL_13-18-51,img07637.png,/data/disk2/home/tony/demo1/model/cheese3d_demo_model/backend/cheese3d_demo_model-houlab-2025-05-28/labeled-data/20240523_R15_awake_awake_002_TL_13-18-51/img07637.png,/data/disk2/home/tony/demo1/model/cheese3d_demo_model/backend/cheese3d_demo_model-houlab-2025-05-28/labeled-data/20240523_R15_awake_awake_002_TL_13-18-51/CollectedData_houlab.h5,12,28
Q1486,3,20240523_R15_awake_awake_002_TL_13-18-51,img07682.png,/data/disk2/home/tony/demo1/model/cheese3d_demo_model/backend/cheese3d_demo_model-houlab-2025-05-28/labeled-data/20240523_R15_awake_awake_002_TL_13-18-51/img07682.png,/data/disk2/home/tony/demo1/model/cheese3d_demo_model/backend/cheese3d_demo_model-houlab-2025-05-28/labeled-data/20240523_R15_awake_awake_002_TL_13-18-51/CollectedData_houlab.h5,12,28
Q1487,3,20240523_R15_awake_awake_002_TL_13-18-51,img07692.png,/data/disk2/home/tony/demo1/model/cheese3d_demo_model/backend/cheese3d_demo_model-houlab-2025-05-28/labeled-data/20240523_R15_awake_awake_002_TL_13-18-51/img07692.png,/data/disk2/home/tony/demo1/model/cheese3d_demo_model/backend/cheese3d_demo_model-houlab-2025-05-28/labeled-data/20240523_R15_awake_awake_002_TL_13-18-51/CollectedData_houlab.h5,11,28
Q1488,3,20240523_R15_awake_awake_002_TL_13-18-51,img24685.png,/data/disk2/home/tony/demo1/model/cheese3d_demo_model/backend/cheese3d_demo_model-houlab-2025-05-28/labeled-data/20240523_R15_awake_awake_002_TL_13-18-51/img24685.png,/data/disk2/home/tony/demo1/model/cheese3d_demo_model/backend/cheese3d_demo_model-houlab-2025-05-28/labeled-data/20240523_R15_awake_awake_002_TL_13-18-51/CollectedData_houlab.h5,12,28
Q1489,3,20240523_R15_awake_awake_002_TL_13-18-51,img24708.png,/data/disk2/home/tony/demo1/model/cheese3d_demo_model/backend/cheese3d_demo_model-houlab-2025-05-28/labeled-data/20240523_R15_awake_awake_002_TL_13-18-51/img24708.png,/data/disk2/home/tony/demo1/model/cheese3d_demo_model/backend/cheese3d_demo_model-houlab-2025-05-28/labeled-data/20240523_R15_awake_awake_002_TL_13-18-51/CollectedData_houlab.h5,12,28
Q1490,3,20240523_R15_awake_awake_002_TL_13-18-51,img31926.png,/data/disk2/home/tony/demo1/model/cheese3d_demo_model/backend/cheese3d_demo_model-houlab-2025-05-28/labeled-data/20240523_R15_awake_awake_002_TL_13-18-51/img31926.png,/data/disk2/home/tony/demo1/model/cheese3d_demo_model/backend/cheese3d_demo_model-houlab-2025-05-28/labeled-data/20240523_R15_awake_awake_002_TL_13-18-51/CollectedData_houlab.h5,12,28
Q1491,3,20240523_R15_awake_awake_002_TR_13-18-51,img00152.png,/data/disk2/home/tony/demo1/model/cheese3d_demo_model/backend/cheese3d_demo_model-houlab-2025-05-28/labeled-data/20240523_R15_awake_awake_002_TR_13-18-51/img00152.png,/data/disk2/home/tony/demo1/model/cheese3d_demo_model/backend/cheese3d_demo_model-houlab-2025-05-28/labeled-data/20240523_R15_awake_awake_002_TR_13-18-51/CollectedData_houlab.h5,11,28
Q1492,3,20240523_R15_awake_awake_002_TR_13-18-51,img03462.png,/data/disk2/home/tony/demo1/model/cheese3d_demo_model/backend/cheese3d_demo_model-houlab-2025-05-28/labeled-data/20240523_R15_awake_awake_002_TR_13-18-51/img03462.png,/data/disk2/home/tony/demo1/model/cheese3d_demo_model/backend/cheese3d_demo_model-houlab-2025-05-28/labeled-data/20240523_R15_awake_awake_002_TR_13-18-51/CollectedData_houlab.h5,11,28
Q1493,3,20240523_R15_awake_awake_002_TR_13-18-51,img05831.png,/data/disk2/home/tony/demo1/model/cheese3d_demo_model/backend/cheese3d_demo_model-houlab-2025-05-28/labeled-data/20240523_R15_awake_awake_002_TR_13-18-51/img05831.png,/data/disk2/home/tony/demo1/model/cheese3d_demo_model/backend/cheese3d_demo_model-houlab-2025-05-28/labeled-data/20240523_R15_awake_awake_002_TR_13-18-51/CollectedData_houlab.h5,11,28
Q1494,3,20240523_R15_awake_awake_002_TR_13-18-51,img22260.png,/data/disk2/home/tony/demo1/model/cheese3d_demo_model/backend/cheese3d_demo_model-houlab-2025-05-28/labeled-data/20240523_R15_awake_awake_002_TR_13-18-51/img22260.png,/data/disk2/home/tony/demo1/model/cheese3d_demo_model/backend/cheese3d_demo_model-houlab-2025-05-28/labeled-data/20240523_R15_awake_awake_002_TR_13-18-51/CollectedData_houlab.h5,11,28
Q1495,3,20240523_R15_awake_awake_002_TR_13-18-51,img22469.png,/data/disk2/home/tony/demo1/model/cheese3d_demo_model/backend/cheese3d_demo_model-houlab-2025-05-28/labeled-data/20240523_R15_awake_awake_002_TR_13-18-51/img22469.png,/data/disk2/home/tony/demo1/model/cheese3d_demo_model/backend/cheese3d_demo_model-houlab-2025-05-28/labeled-data/20240523_R15_awake_awake_002_TR_13-18-51/CollectedData_houlab.h5,11,28
Q1496,3,20240523_R15_awake_awake_002_TR_13-18-51,img25130.png,/data/disk2/home/tony/demo1/model/cheese3d_demo_model/backend/cheese3d_demo_model-houlab-2025-05-28/labeled-data/20240523_R15_awake_awake_002_TR_13-18-51/img25130.png,/data/disk2/home/tony/demo1/model/cheese3d_demo_model/backend/cheese3d_demo_model-houlab-2025-05-28/labeled-data/20240523_R15_awake_awake_002_TR_13-18-51/CollectedData_houlab.h5,12,28
Q1497,3,20240523_R15_awake_awake_002_TR_13-18-51,img31730.png,/data/disk2/home/tony/demo1/model/cheese3d_demo_model/backend/cheese3d_demo_model-houlab-2025-05-28/labeled-data/20240523_R15_awake_awake_002_TR_13-18-51/img31730.png,/data/disk2/home/tony/demo1/model/cheese3d_demo_model/backend/cheese3d_demo_model-houlab-2025-05-28/labeled-data/20240523_R15_awake_awake_002_TR_13-18-51/CollectedData_houlab.h5,11,28
Q1498,3,20240524_R15_awake_awake_000_BC_14-30-26,img00929.png,/data/disk2/home/tony/demo1/model/cheese3d_demo_model/backend/cheese3d_demo_model-houlab-2025-05-28/labeled-data/20240524_R15_awake_awake_000_BC_14-30-26/img00929.png,/data/disk2/home/tony/demo1/model/cheese3d_demo_model/backend/cheese3d_demo_model-houlab-2025-05-28/labeled-data/20240524_R15_awake_awake_000_BC_14-30-26/CollectedData_houlab.h5,11,28
Q1499,3,20240524_R15_awake_awake_000_BC_14-30-26,img06447.png,/data/disk2/home/tony/demo1/model/cheese3d_demo_model/backend/cheese3d_demo_model-houlab-2025-05-28/labeled-data/20240524_R15_awake_awake_000_BC_14-30-26/img06447.png,/data/disk2/home/tony/demo1/model/cheese3d_demo_model/backend/cheese3d_demo_model-houlab-2025-05-28/labeled-data/20240524_R15_awake_awake_000_BC_14-30-26/CollectedData_houlab.h5,11,28
Q1500,3,20240524_R15_awake_awake_000_BC_14-30-26,img06467.png,/data/disk2/home/tony/demo1/model/cheese3d_demo_model/backend/cheese3d_demo_model-houlab-2025-05-28/labeled-data/20240524_R15_awake_awake_000_BC_14-30-26/img06467.png,/data/disk2/home/tony/demo1/model/cheese3d_demo_model/backend/cheese3d_demo_model-houlab-2025-05-28/labeled-data/20240524_R15_awake_awake_000_BC_14-30-26/CollectedData_houlab.h5,11,28
Q1501,3,20240524_R15_awake_awake_000_BC_14-30-26,img06476.png,/data/disk2/home/tony/demo1/model/cheese3d_demo_model/backend/cheese3d_demo_model-houlab-2025-05-28/labeled-data/20240524_R15_awake_awake_000_BC_14-30-26/img06476.png,/data/disk2/home/tony/demo1/model/cheese3d_demo_model/backend/cheese3d_demo_model-houlab-2025-05-28/labeled-data/20240524_R15_awake_awake_000_BC_14-30-26/CollectedData_houlab.h5,8,28
Q1502,3,20240524_R15_awake_awake_000_BC_14-30-26,img06477.png,/data/disk2/home/tony/demo1/model/cheese3d_demo_model/backend/cheese3d_demo_model-houlab-2025-05-28/labeled-data/20240524_R15_awake_awake_000_BC_14-30-26/img06477.png,/data/disk2/home/tony/demo1/model/cheese3d_demo_model/backend/cheese3d_demo_model-houlab-2025-05-28/labeled-data/20240524_R15_awake_awake_000_BC_14-30-26/CollectedData_houlab.h5,9,28
Q1503,3,20240524_R15_awake_awake_000_BC_14-30-26,img06495.png,/data/disk2/home/tony/demo1/model/cheese3d_demo_model/backend/cheese3d_demo_model-houlab-2025-05-28/labeled-data/20240524_R15_awake_awake_000_BC_14-30-26/img06495.png,/data/disk2/home/tony/demo1/model/cheese3d_demo_model/backend/cheese3d_demo_model-houlab-2025-05-28/labeled-data/20240524_R15_awake_awake_000_BC_14-30-26/CollectedData_houlab.h5,6,28
Q1504,3,20240524_R15_awake_awake_000_BC_14-30-26,img32323.png,/data/disk2/home/tony/demo1/model/cheese3d_demo_model/backend/cheese3d_demo_model-houlab-2025-05-28/labeled-data/20240524_R15_awake_awake_000_BC_14-30-26/img32323.png,/data/disk2/home/tony/demo1/model/cheese3d_demo_model/backend/cheese3d_demo_model-houlab-2025-05-28/labeled-data/20240524_R15_awake_awake_000_BC_14-30-26/CollectedData_houlab.h5,11,28
Q1505,3,20240524_R15_awake_awake_000_L_14-30-26,img03644.png,/data/disk2/home/tony/demo1/model/cheese3d_demo_model/backend/cheese3d_demo_model-houlab-2025-05-28/labeled-data/20240524_R15_awake_awake_000_L_14-30-26/img03644.png,/data/disk2/home/tony/demo1/model/cheese3d_demo_model/backend/cheese3d_demo_model-houlab-2025-05-28/labeled-data/20240524_R15_awake_awake_000_L_14-30-26/CollectedData_houlab.h5,16,28
Q1506,3,20240524_R15_awake_awake_000_L_14-30-26,img06478.png,/data/disk2/home/tony/demo1/model/cheese3d_demo_model/backend/cheese3d_demo_model-houlab-2025-05-28/labeled-data/20240524_R15_awake_awake_000_L_14-30-26/img06478.png,/data/disk2/home/tony/demo1/model/cheese3d_demo_model/backend/cheese3d_demo_model-houlab-2025-05-28/labeled-data/20240524_R15_awake_awake_000_L_14-30-26/CollectedData_houlab.h5,14,28
Q1507,3,20240524_R15_awake_awake_000_L_14-30-26,img06489.png,/data/disk2/home/tony/demo1/model/cheese3d_demo_model/backend/cheese3d_demo_model-houlab-2025-05-28/labeled-data/20240524_R15_awake_awake_000_L_14-30-26/img06489.png,/data/disk2/home/tony/demo1/model/cheese3d_demo_model/backend/cheese3d_demo_model-houlab-2025-05-28/labeled-data/20240524_R15_awake_awake_000_L_14-30-26/CollectedData_houlab.h5,13,28
Q1508,3,20240524_R15_awake_awake_000_L_14-30-26,img06506.png,/data/disk2/home/tony/demo1/model/cheese3d_demo_model/backend/cheese3d_demo_model-houlab-2025-05-28/labeled-data/20240524_R15_awake_awake_000_L_14-30-26/img06506.png,/data/disk2/home/tony/demo1/model/cheese3d_demo_model/backend/cheese3d_demo_model-houlab-2025-05-28/labeled-data/20240524_R15_awake_awake_000_L_14-30-26/CollectedData_houlab.h5,13,28
Q1509,3,20240524_R15_awake_awake_000_L_14-30-26,img06508.png,/data/disk2/home/tony/demo1/model/cheese3d_demo_model/backend/cheese3d_demo_model-houlab-2025-05-28/labeled-data/20240524_R15_awake_awake_000_L_14-30-26/img06508.png,/data/disk2/home/tony/demo1/model/cheese3d_demo_model/backend/cheese3d_demo_model-houlab-2025-05-28/labeled-data/20240524_R15_awake_awake_000_L_14-30-26/CollectedData_houlab.h5,12,28
Q1510,3,20240524_R15_awake_awake_000_L_14-30-26,img14521.png,/data/disk2/home/tony/demo1/model/cheese3d_demo_model/backend/cheese3d_demo_model-houlab-2025-05-28/labeled-data/20240524_R15_awake_awake_000_L_14-30-26/img14521.png,/data/disk2/home/tony/demo1/model/cheese3d_demo_model/backend/cheese3d_demo_model-houlab-2025-05-28/labeled-data/20240524_R15_awake_awake_000_L_14-30-26/CollectedData_houlab.h5,16,28
Q1511,3,20240524_R15_awake_awake_000_L_14-30-26,img15280.png,/data/disk2/home/tony/demo1/model/cheese3d_demo_model/backend/cheese3d_demo_model-houlab-2025-05-28/labeled-data/20240524_R15_awake_awake_000_L_14-30-26/img15280.png,/data/disk2/home/tony/demo1/model/cheese3d_demo_model/backend/cheese3d_demo_model-houlab-2025-05-28/labeled-data/20240524_R15_awake_awake_000_L_14-30-26/CollectedData_houlab.h5,16,28
Q1512,3,20240524_R15_awake_awake_000_L_14-30-26,img15545.png,/data/disk2/home/tony/demo1/model/cheese3d_demo_model/backend/cheese3d_demo_model-houlab-2025-05-28/labeled-data/20240524_R15_awake_awake_000_L_14-30-26/img15545.png,/data/disk2/home/tony/demo1/model/cheese3d_demo_model/backend/cheese3d_demo_model-houlab-2025-05-28/labeled-data/20240524_R15_awake_awake_000_L_14-30-26/CollectedData_houlab.h5,16,28
Q1513,3,20240524_R15_awake_awake_000_L_14-30-26,img27742.png,/data/disk2/home/tony/demo1/model/cheese3d_demo_model/backend/cheese3d_demo_model-houlab-2025-05-28/labeled-data/20240524_R15_awake_awake_000_L_14-30-26/img27742.png,/data/disk2/home/tony/demo1/model/cheese3d_demo_model/backend/cheese3d_demo_model-houlab-2025-05-28/labeled-data/20240524_R15_awake_awake_000_L_14-30-26/CollectedData_houlab.h5,16,28
Q1514,3,20240524_R15_awake_awake_000_R_14-30-26,img03034.png,/data/disk2/home/tony/demo1/model/cheese3d_demo_model/backend/cheese3d_demo_model-houlab-2025-05-28/labeled-data/20240524_R15_awake_awake_000_R_14-30-26/img03034.png,/data/disk2/home/tony/demo1/model/cheese3d_demo_model/backend/cheese3d_demo_model-houlab-2025-05-28/labeled-data/20240524_R15_awake_awake_000_R_14-30-26/CollectedData_houlab.h5,16,28
Q1515,3,20240524_R15_awake_awake_000_R_14-30-26,img05516.png,/data/disk2/home/tony/demo1/model/cheese3d_demo_model/backend/cheese3d_demo_model-houlab-2025-05-28/labeled-data/20240524_R15_awake_awake_000_R_14-30-26/img05516.png,/data/disk2/home/tony/demo1/model/cheese3d_demo_model/backend/cheese3d_demo_model-houlab-2025-05-28/labeled-data/20240524_R15_awake_awake_000_R_14-30-26/CollectedData_houlab.h5,16,28
Q1516,3,20240524_R15_awake_awake_000_R_14-30-26,img06489.png,/data/disk2/home/tony/demo1/model/cheese3d_demo_model/backend/cheese3d_demo_model-houlab-2025-05-28/labeled-data/20240524_R15_awake_awake_000_R_14-30-26/img06489.png,/data/disk2/home/tony/demo1/model/cheese3d_demo_model/backend/cheese3d_demo_model-houlab-2025-05-28/labeled-data/20240524_R15_awake_awake_000_R_14-30-26/CollectedData_houlab.h5,13,28
Q1517,3,20240524_R15_awake_awake_000_R_14-30-26,img06510.png,/data/disk2/home/tony/demo1/model/cheese3d_demo_model/backend/cheese3d_demo_model-houlab-2025-05-28/labeled-data/20240524_R15_awake_awake_000_R_14-30-26/img06510.png,/data/disk2/home/tony/demo1/model/cheese3d_demo_model/backend/cheese3d_demo_model-houlab-2025-05-28/labeled-data/20240524_R15_awake_awake_000_R_14-30-26/CollectedData_houlab.h5,13,28
Q1518,3,20240524_R15_awake_awake_000_R_14-30-26,img08494.png,/data/disk2/home/tony/demo1/model/cheese3d_demo_model/backend/cheese3d_demo_model-houlab-2025-05-28/labeled-data/20240524_R15_awake_awake_000_R_14-30-26/img08494.png,/data/disk2/home/tony/demo1/model/cheese3d_demo_model/backend/cheese3d_demo_model-houlab-2025-05-28/labeled-data/20240524_R15_awake_awake_000_R_14-30-26/CollectedData_houlab.h5,16,28
Q1519,3,20240524_R15_awake_awake_000_R_14-30-26,img17648.png,/data/disk2/home/tony/demo1/model/cheese3d_demo_model/backend/cheese3d_demo_model-houlab-2025-05-28/labeled-data/20240524_R15_awake_awake_000_R_14-30-26/img17648.png,/data/disk2/home/tony/demo1/model/cheese3d_demo_model/backend/cheese3d_demo_model-houlab-2025-05-28/labeled-data/20240524_R15_awake_awake_000_R_14-30-26/CollectedData_houlab.h5,16,28
Q1520,3,20240524_R15_awake_awake_000_R_14-30-26,img32351.png,/data/disk2/home/tony/demo1/model/cheese3d_demo_model/backend/cheese3d_demo_model-houlab-2025-05-28/labeled-data/20240524_R15_awake_awake_000_R_14-30-26/img32351.png,/data/disk2/home/tony/demo1/model/cheese3d_demo_model/backend/cheese3d_demo_model-houlab-2025-05-28/labeled-data/20240524_R15_awake_awake_000_R_14-30-26/CollectedData_houlab.h5,16,28
Q1521,3,20240524_R15_awake_awake_000_TC_14-30-26,img06392.png,/data/disk2/home/tony/demo1/model/cheese3d_demo_model/backend/cheese3d_demo_model-houlab-2025-05-28/labeled-data/20240524_R15_awake_awake_000_TC_14-30-26/img06392.png,/data/disk2/home/tony/demo1/model/cheese3d_demo_model/backend/cheese3d_demo_model-houlab-2025-05-28/labeled-data/20240524_R15_awake_awake_000_TC_14-30-26/CollectedData_houlab.h5,12,28
Q1522,3,20240524_R15_awake_awake_000_TC_14-30-26,img06457.png,/data/disk2/home/tony/demo1/model/cheese3d_demo_model/backend/cheese3d_demo_model-houlab-2025-05-28/labeled-data/20240524_R15_awake_awake_000_TC_14-30-26/img06457.png,/data/disk2/home/tony/demo1/model/cheese3d_demo_model/backend/cheese3d_demo_model-houlab-2025-05-28/labeled-data/20240524_R15_awake_awake_000_TC_14-30-26/CollectedData_houlab.h5,12,28
Q1523,3,20240524_R15_awake_awake_000_TC_14-30-26,img06467.png,/data/disk2/home/tony/demo1/model/cheese3d_demo_model/backend/cheese3d_demo_model-houlab-2025-05-28/labeled-data/20240524_R15_awake_awake_000_TC_14-30-26/img06467.png,/data/disk2/home/tony/demo1/model/cheese3d_demo_model/backend/cheese3d_demo_model-houlab-2025-05-28/labeled-data/20240524_R15_awake_awake_000_TC_14-30-26/CollectedData_houlab.h5,12,28
Q1524,3,20240524_R15_awake_awake_000_TC_14-30-26,img06471.png,/data/disk2/home/tony/demo1/model/cheese3d_demo_model/backend/cheese3d_demo_model-houlab-2025-05-28/labeled-data/20240524_R15_awake_awake_000_TC_14-30-26/img06471.png,/data/disk2/home/tony/demo1/model/cheese3d_demo_model/backend/cheese3d_demo_model-houlab-2025-05-28/labeled-data/20240524_R15_awake_awake_000_TC_14-30-26/CollectedData_houlab.h5,12,28
Q1525,3,20240524_R15_awake_awake_000_TC_14-30-26,img06476.png,/data/disk2/home/tony/demo1/model/cheese3d_demo_model/backend/cheese3d_demo_model-houlab-2025-05-28/labeled-data/20240524_R15_awake_awake_000_TC_14-30-26/img06476.png,/data/disk2/home/tony/demo1/model/cheese3d_demo_model/backend/cheese3d_demo_model-houlab-2025-05-28/labeled-data/20240524_R15_awake_awake_000_TC_14-30-26/CollectedData_houlab.h5,12,28
Q1526,3,20240524_R15_awake_awake_000_TC_14-30-26,img09452.png,/data/disk2/home/tony/demo1/model/cheese3d_demo_model/backend/cheese3d_demo_model-houlab-2025-05-28/labeled-data/20240524_R15_awake_awake_000_TC_14-30-26/img09452.png,/data/disk2/home/tony/demo1/model/cheese3d_demo_model/backend/cheese3d_demo_model-houlab-2025-05-28/labeled-data/20240524_R15_awake_awake_000_TC_14-30-26/CollectedData_houlab.h5,12,28
Q1527,3,20240524_R15_awake_awake_000_TC_14-30-26,img10486.png,/data/disk2/home/tony/demo1/model/cheese3d_demo_model/backend/cheese3d_demo_model-houlab-2025-05-28/labeled-data/20240524_R15_awake_awake_000_TC_14-30-26/img10486.png,/data/disk2/home/tony/demo1/model/cheese3d_demo_model/backend/cheese3d_demo_model-houlab-2025-05-28/labeled-data/20240524_R15_awake_awake_000_TC_14-30-26/CollectedData_houlab.h5,12,28
Q1528,3,20240524_R15_awake_awake_000_TL_14-30-26,img06493.png,/data/disk2/home/tony/demo1/model/cheese3d_demo_model/backend/cheese3d_demo_model-houlab-2025-05-28/labeled-data/20240524_R15_awake_awake_000_TL_14-30-26/img06493.png,/data/disk2/home/tony/demo1/model/cheese3d_demo_model/backend/cheese3d_demo_model-houlab-2025-05-28/labeled-data/20240524_R15_awake_awake_000_TL_14-30-26/CollectedData_houlab.h5,11,28
Q1529,3,20240524_R15_awake_awake_000_TL_14-30-26,img06494.png,/data/disk2/home/tony/demo1/model/cheese3d_demo_model/backend/cheese3d_demo_model-houlab-2025-05-28/labeled-data/20240524_R15_awake_awake_000_TL_14-30-26/img06494.png,/data/disk2/home/tony/demo1/model/cheese3d_demo_model/backend/cheese3d_demo_model-houlab-2025-05-28/labeled-data/20240524_R15_awake_awake_000_TL_14-30-26/CollectedData_houlab.h5,11,28
Q1530,3,20240524_R15_awake_awake_000_TL_14-30-26,img06497.png,/data/disk2/home/tony/demo1/model/cheese3d_demo_model/backend/cheese3d_demo_model-houlab-2025-05-28/labeled-data/20240524_R15_awake_awake_000_TL_14-30-26/img06497.png,/data/disk2/home/tony/demo1/model/cheese3d_demo_model/backend/cheese3d_demo_model-houlab-2025-05-28/labeled-data/20240524_R15_awake_awake_000_TL_14-30-26/CollectedData_houlab.h5,12,28
Q1531,3,20240524_R15_awake_awake_000_TL_14-30-26,img10932.png,/data/disk2/home/tony/demo1/model/cheese3d_demo_model/backend/cheese3d_demo_model-houlab-2025-05-28/labeled-data/20240524_R15_awake_awake_000_TL_14-30-26/img10932.png,/data/disk2/home/tony/demo1/model/cheese3d_demo_model/backend/cheese3d_demo_model-houlab-2025-05-28/labeled-data/20240524_R15_awake_awake_000_TL_14-30-26/CollectedData_houlab.h5,12,28
Q1532,3,20240524_R15_awake_awake_000_TL_14-30-26,img11136.png,/data/disk2/home/tony/demo1/model/cheese3d_demo_model/backend/cheese3d_demo_model-houlab-2025-05-28/labeled-data/20240524_R15_awake_awake_000_TL_14-30-26/img11136.png,/data/disk2/home/tony/demo1/model/cheese3d_demo_model/backend/cheese3d_demo_model-houlab-2025-05-28/labeled-data/20240524_R15_awake_awake_000_TL_14-30-26/CollectedData_houlab.h5,12,28
Q1533,3,20240524_R15_awake_awake_000_TR_14-30-26,img00291.png,/data/disk2/home/tony/demo1/model/cheese3d_demo_model/backend/cheese3d_demo_model-houlab-2025-05-28/labeled-data/20240524_R15_awake_awake_000_TR_14-30-26/img00291.png,/data/disk2/home/tony/demo1/model/cheese3d_demo_model/backend/cheese3d_demo_model-houlab-2025-05-28/labeled-data/20240524_R15_awake_awake_000_TR_14-30-26/CollectedData_houlab.h5,11,28
Q1534,3,20240524_R15_awake_awake_000_TR_14-30-26,img00511.png,/data/disk2/home/tony/demo1/model/cheese3d_demo_model/backend/cheese3d_demo_model-houlab-2025-05-28/labeled-data/20240524_R15_awake_awake_000_TR_14-30-26/img00511.png,/data/disk2/home/tony/demo1/model/cheese3d_demo_model/backend/cheese3d_demo_model-houlab-2025-05-28/labeled-data/20240524_R15_awake_awake_000_TR_14-30-26/CollectedData_houlab.h5,11,28
Q1535,3,20240524_R15_awake_awake_000_TR_14-30-26,img04413.png,/data/disk2/home/tony/demo1/model/cheese3d_demo_model/backend/cheese3d_demo_model-houlab-2025-05-28/labeled-data/20240524_R15_awake_awake_000_TR_14-30-26/img04413.png,/data/disk2/home/tony/demo1/model/cheese3d_demo_model/backend/cheese3d_demo_model-houlab-2025-05-28/labeled-data/20240524_R15_awake_awake_000_TR_14-30-26/CollectedData_houlab.h5,11,28
Q1536,3,20240524_R15_awake_awake_000_TR_14-30-26,img04664.png,/data/disk2/home/tony/demo1/model/cheese3d_demo_model/backend/cheese3d_demo_model-houlab-2025-05-28/labeled-data/20240524_R15_awake_awake_000_TR_14-30-26/img04664.png,/data/disk2/home/tony/demo1/model/cheese3d_demo_model/backend/cheese3d_demo_model-houlab-2025-05-28/labeled-data/20240524_R15_awake_awake_000_TR_14-30-26/CollectedData_houlab.h5,11,28
Q1537,3,20240524_R15_awake_awake_000_TR_14-30-26,img15239.png,/data/disk2/home/tony/demo1/model/cheese3d_demo_model/backend/cheese3d_demo_model-houlab-2025-05-28/labeled-data/20240524_R15_awake_awake_000_TR_14-30-26/img15239.png,/data/disk2/home/tony/demo1/model/cheese3d_demo_model/backend/cheese3d_demo_model-houlab-2025-05-28/labeled-data/20240524_R15_awake_awake_000_TR_14-30-26/CollectedData_houlab.h5,12,28
Q1538,3,20240524_R15_awake_awake_000_TR_14-30-26,img28945.png,/data/disk2/home/tony/demo1/model/cheese3d_demo_model/backend/cheese3d_demo_model-houlab-2025-05-28/labeled-data/20240524_R15_awake_awake_000_TR_14-30-26/img28945.png,/data/disk2/home/tony/demo1/model/cheese3d_demo_model/backend/cheese3d_demo_model-houlab-2025-05-28/labeled-data/20240524_R15_awake_awake_000_TR_14-30-26/CollectedData_houlab.h5,11,28
Q1539,3,20240524_R15_awake_awake_000_TR_14-30-26,img32182.png,/data/disk2/home/tony/demo1/model/cheese3d_demo_model/backend/cheese3d_demo_model-houlab-2025-05-28/labeled-data/20240524_R15_awake_awake_000_TR_14-30-26/img32182.png,/data/disk2/home/tony/demo1/model/cheese3d_demo_model/backend/cheese3d_demo_model-houlab-2025-05-28/labeled-data/20240524_R15_awake_awake_000_TR_14-30-26/CollectedData_houlab.h5,11,28
Q1540,3,20240524_R15_awake_awake_001_BC_15-25-07,img01765.png,/data/disk2/home/tony/demo1/model/cheese3d_demo_model/backend/cheese3d_demo_model-houlab-2025-05-28/labeled-data/20240524_R15_awake_awake_001_BC_15-25-07/img01765.png,/data/disk2/home/tony/demo1/model/cheese3d_demo_model/backend/cheese3d_demo_model-houlab-2025-05-28/labeled-data/20240524_R15_awake_awake_001_BC_15-25-07/CollectedData_houlab.h5,11,28
Q1541,3,20240524_R15_awake_awake_001_BC_15-25-07,img09474.png,/data/disk2/home/tony/demo1/model/cheese3d_demo_model/backend/cheese3d_demo_model-houlab-2025-05-28/labeled-data/20240524_R15_awake_awake_001_BC_15-25-07/img09474.png,/data/disk2/home/tony/demo1/model/cheese3d_demo_model/backend/cheese3d_demo_model-houlab-2025-05-28/labeled-data/20240524_R15_awake_awake_001_BC_15-25-07/CollectedData_houlab.h5,11,28
Q1542,3,20240524_R15_awake_awake_001_BC_15-25-07,img09530.png,/data/disk2/home/tony/demo1/model/cheese3d_demo_model/backend/cheese3d_demo_model-houlab-2025-05-28/labeled-data/20240524_R15_awake_awake_001_BC_15-25-07/img09530.png,/data/disk2/home/tony/demo1/model/cheese3d_demo_model/backend/cheese3d_demo_model-houlab-2025-05-28/labeled-data/20240524_R15_awake_awake_001_BC_15-25-07/CollectedData_houlab.h5,8,28
Q1543,3,20240524_R15_awake_awake_001_BC_15-25-07,img09532.png,/data/disk2/home/tony/demo1/model/cheese3d_demo_model/backend/cheese3d_demo_model-houlab-2025-05-28/labeled-data/20240524_R15_awake_awake_001_BC_15-25-07/img09532.png,/data/disk2/home/tony/demo1/model/cheese3d_demo_model/backend/cheese3d_demo_model-houlab-2025-05-28/labeled-data/20240524_R15_awake_awake_001_BC_15-25-07/CollectedData_houlab.h5,9,28
Q1544,3,20240524_R15_awake_awake_001_BC_15-25-07,img09634.png,/data/disk2/home/tony/demo1/model/cheese3d_demo_model/backend/cheese3d_demo_model-houlab-2025-05-28/labeled-data/20240524_R15_awake_awake_001_BC_15-25-07/img09634.png,/data/disk2/home/tony/demo1/model/cheese3d_demo_model/backend/cheese3d_demo_model-houlab-2025-05-28/labeled-data/20240524_R15_awake_awake_001_BC_15-25-07/CollectedData_houlab.h5,8,28
Q1545,3,20240524_R15_awake_awake_001_BC_15-25-07,img09647.png,/data/disk2/home/tony/demo1/model/cheese3d_demo_model/backend/cheese3d_demo_model-houlab-2025-05-28/labeled-data/20240524_R15_awake_awake_001_BC_15-25-07/img09647.png,/data/disk2/home/tony/demo1/model/cheese3d_demo_model/backend/cheese3d_demo_model-houlab-2025-05-28/labeled-data/20240524_R15_awake_awake_001_BC_15-25-07/CollectedData_houlab.h5,10,28
Q1546,3,20240524_R15_awake_awake_001_BC_15-25-07,img30427.png,/data/disk2/home/tony/demo1/model/cheese3d_demo_model/backend/cheese3d_demo_model-houlab-2025-05-28/labeled-data/20240524_R15_awake_awake_001_BC_15-25-07/img30427.png,/data/disk2/home/tony/demo1/model/cheese3d_demo_model/backend/cheese3d_demo_model-houlab-2025-05-28/labeled-data/20240524_R15_awake_awake_001_BC_15-25-07/CollectedData_houlab.h5,11,28
Q1547,3,20240524_R15_awake_awake_001_L_15-25-07,img00683.png,/data/disk2/home/tony/demo1/model/cheese3d_demo_model/backend/cheese3d_demo_model-houlab-2025-05-28/labeled-data/20240524_R15_awake_awake_001_L_15-25-07/img00683.png,/data/disk2/home/tony/demo1/model/cheese3d_demo_model/backend/cheese3d_demo_model-houlab-2025-05-28/labeled-data/20240524_R15_awake_awake_001_L_15-25-07/CollectedData_houlab.h5,16,28
Q1548,3,20240524_R15_awake_awake_001_L_15-25-07,img04658.png,/data/disk2/home/tony/demo1/model/cheese3d_demo_model/backend/cheese3d_demo_model-houlab-2025-05-28/labeled-data/20240524_R15_awake_awake_001_L_15-25-07/img04658.png,/data/disk2/home/tony/demo1/model/cheese3d_demo_model/backend/cheese3d_demo_model-houlab-2025-05-28/labeled-data/20240524_R15_awake_awake_001_L_15-25-07/CollectedData_houlab.h5,16,28
Q1549,3,20240524_R15_awake_awake_001_L_15-25-07,img09554.png,/data/disk2/home/tony/demo1/model/cheese3d_demo_model/backend/cheese3d_demo_model-houlab-2025-05-28/labeled-data/20240524_R15_awake_awake_001_L_15-25-07/img09554.png,/data/disk2/home/tony/demo1/model/cheese3d_demo_model/backend/cheese3d_demo_model-houlab-2025-05-28/labeled-data/20240524_R15_awake_awake_001_L_15-25-07/CollectedData_houlab.h5,14,28
Q1550,3,20240524_R15_awake_awake_001_L_15-25-07,img09661.png,/data/disk2/home/tony/demo1/model/cheese3d_demo_model/backend/cheese3d_demo_model-houlab-2025-05-28/labeled-data/20240524_R15_awake_awake_001_L_15-25-07/img09661.png,/data/disk2/home/tony/demo1/model/cheese3d_demo_model/backend/cheese3d_demo_model-houlab-2025-05-28/labeled-data/20240524_R15_awake_awake_001_L_15-25-07/CollectedData_houlab.h5,14,28
Q1551,3,20240524_R15_awake_awake_001_L_15-25-07,img09666.png,/data/disk2/home/tony/demo1/model/cheese3d_demo_model/backend/cheese3d_demo_model-houlab-2025-05-28/labeled-data/20240524_R15_awake_awake_001_L_15-25-07/img09666.png,/data/disk2/home/tony/demo1/model/cheese3d_demo_model/backend/cheese3d_demo_model-houlab-2025-05-28/labeled-data/20240524_R15_awake_awake_001_L_15-25-07/CollectedData_houlab.h5,14,28
Q1552,3,20240524_R15_awake_awake_001_L_15-25-07,img09880.png,/data/disk2/home/tony/demo1/model/cheese3d_demo_model/backend/cheese3d_demo_model-houlab-2025-05-28/labeled-data/20240524_R15_awake_awake_001_L_15-25-07/img09880.png,/data/disk2/home/tony/demo1/model/cheese3d_demo_model/backend/cheese3d_demo_model-houlab-2025-05-28/labeled-data/20240524_R15_awake_awake_001_L_15-25-07/CollectedData_houlab.h5,16,28
Q1553,3,20240524_R15_awake_awake_001_L_15-25-07,img13633.png,/data/disk2/home/tony/demo1/model/cheese3d_demo_model/backend/cheese3d_demo_model-houlab-2025-05-28/labeled-data/20240524_R15_awake_awake_001_L_15-25-07/img13633.png,/data/disk2/home/tony/demo1/model/cheese3d_demo_model/backend/cheese3d_demo_model-houlab-2025-05-28/labeled-data/20240524_R15_awake_awake_001_L_15-25-07/CollectedData_houlab.h5,16,28
Q1554,3,20240524_R15_awake_awake_001_L_15-25-07,img16213.png,/data/disk2/home/tony/demo1/model/cheese3d_demo_model/backend/cheese3d_demo_model-houlab-2025-05-28/labeled-data/20240524_R15_awake_awake_001_L_15-25-07/img16213.png,/data/disk2/home/tony/demo1/model/cheese3d_demo_model/backend/cheese3d_demo_model-houlab-2025-05-28/labeled-data/20240524_R15_awake_awake_001_L_15-25-07/CollectedData_houlab.h5,16,28
Q1555,3,20240524_R15_awake_awake_001_L_15-25-07,img21334.png,/data/disk2/home/tony/demo1/model/cheese3d_demo_model/backend/cheese3d_demo_model-houlab-2025-05-28/labeled-data/20240524_R15_awake_awake_001_L_15-25-07/img21334.png,/data/disk2/home/tony/demo1/model/cheese3d_demo_model/backend/cheese3d_demo_model-houlab-2025-05-28/labeled-data/20240524_R15_awake_awake_001_L_15-25-07/CollectedData_houlab.h5,16,28
Q1556,3,20240524_R15_awake_awake_001_R_15-25-07,img01251.png,/data/disk2/home/tony/demo1/model/cheese3d_demo_model/backend/cheese3d_demo_model-houlab-2025-05-28/labeled-data/20240524_R15_awake_awake_001_R_15-25-07/img01251.png,/data/disk2/home/tony/demo1/model/cheese3d_demo_model/backend/cheese3d_demo_model-houlab-2025-05-28/labeled-data/20240524_R15_awake_awake_001_R_15-25-07/CollectedData_houlab.h5,16,28
Q1557,3,20240524_R15_awake_awake_001_R_15-25-07,img09551.png,/data/disk2/home/tony/demo1/model/cheese3d_demo_model/backend/cheese3d_demo_model-houlab-2025-05-28/labeled-data/20240524_R15_awake_awake_001_R_15-25-07/img09551.png,/data/disk2/home/tony/demo1/model/cheese3d_demo_model/backend/cheese3d_demo_model-houlab-2025-05-28/labeled-data/20240524_R15_awake_awake_001_R_15-25-07/CollectedData_houlab.h5,13,28
Q1558,3,20240524_R15_awake_awake_001_R_15-25-07,img10004.png,/data/disk2/home/tony/demo1/model/cheese3d_demo_model/backend/cheese3d_demo_model-houlab-2025-05-28/labeled-data/20240524_R15_awake_awake_001_R_15-25-07/img10004.png,/data/disk2/home/tony/demo1/model/cheese3d_demo_model/backend/cheese3d_demo_model-houlab-2025-05-28/labeled-data/20240524_R15_awake_awake_001_R_15-25-07/CollectedData_houlab.h5,16,28
Q1559,3,20240524_R15_awake_awake_001_R_15-25-07,img21753.png,/data/disk2/home/tony/demo1/model/cheese3d_demo_model/backend/cheese3d_demo_model-houlab-2025-05-28/labeled-data/20240524_R15_awake_awake_001_R_15-25-07/img21753.png,/data/disk2/home/tony/demo1/model/cheese3d_demo_model/backend/cheese3d_demo_model-houlab-2025-05-28/labeled-data/20240524_R15_awake_awake_001_R_15-25-07/CollectedData_houlab.h5,16,28
Q1560,3,20240524_R15_awake_awake_001_R_15-25-07,img21781.png,/data/disk2/home/tony/demo1/model/cheese3d_demo_model/backend/cheese3d_demo_model-houlab-2025-05-28/labeled-data/20240524_R15_awake_awake_001_R_15-25-07/img21781.png,/data/disk2/home/tony/demo1/model/cheese3d_demo_model/backend/cheese3d_demo_model-houlab-2025-05-28/labeled-data/20240524_R15_awake_awake_001_R_15-25-07/CollectedData_houlab.h5,16,28
Q1561,3,20240524_R15_awake_awake_001_R_15-25-07,img21938.png,/data/disk2/home/tony/demo1/model/cheese3d_demo_model/backend/cheese3d_demo_model-houlab-2025-05-28/labeled-data/20240524_R15_awake_awake_001_R_15-25-07/img21938.png,/data/disk2/home/tony/demo1/model/cheese3d_demo_model/backend/cheese3d_demo_model-houlab-2025-05-28/labeled-data/20240524_R15_awake_awake_001_R_15-25-07/CollectedData_houlab.h5,16,28
Q1562,3,20240524_R15_awake_awake_001_R_15-25-07,img22521.png,/data/disk2/home/tony/demo1/model/cheese3d_demo_model/backend/cheese3d_demo_model-houlab-2025-05-28/labeled-data/20240524_R15_awake_awake_001_R_15-25-07/img22521.png,/data/disk2/home/tony/demo1/model/cheese3d_demo_model/backend/cheese3d_demo_model-houlab-2025-05-28/labeled-data/20240524_R15_awake_awake_001_R_15-25-07/CollectedData_houlab.h5,16,28
Q1563,3,20240524_R15_awake_awake_001_TC_15-25-07,img00200.png,/data/disk2/home/tony/demo1/model/cheese3d_demo_model/backend/cheese3d_demo_model-houlab-2025-05-28/labeled-data/20240524_R15_awake_awake_001_TC_15-25-07/img00200.png,/data/disk2/home/tony/demo1/model/cheese3d_demo_model/backend/cheese3d_demo_model-houlab-2025-05-28/labeled-data/20240524_R15_awake_awake_001_TC_15-25-07/CollectedData_houlab.h5,12,28
Q1564,3,20240524_R15_awake_awake_001_TC_15-25-07,img09472.png,/data/disk2/home/tony/demo1/model/cheese3d_demo_model/backend/cheese3d_demo_model-houlab-2025-05-28/labeled-data/20240524_R15_awake_awake_001_TC_15-25-07/img09472.png,/data/disk2/home/tony/demo1/model/cheese3d_demo_model/backend/cheese3d_demo_model-houlab-2025-05-28/labeled-data/20240524_R15_awake_awake_001_TC_15-25-07/CollectedData_houlab.h5,12,28
Q1565,3,20240524_R15_awake_awake_001_TC_15-25-07,img09533.png,/data/disk2/home/tony/demo1/model/cheese3d_demo_model/backend/cheese3d_demo_model-houlab-2025-05-28/labeled-data/20240524_R15_awake_awake_001_TC_15-25-07/img09533.png,/data/disk2/home/tony/demo1/model/cheese3d_demo_model/backend/cheese3d_demo_model-houlab-2025-05-28/labeled-data/20240524_R15_awake_awake_001_TC_15-25-07/CollectedData_houlab.h5,12,28
Q1566,3,20240524_R15_awake_awake_001_TC_15-25-07,img09643.png,/data/disk2/home/tony/demo1/model/cheese3d_demo_model/backend/cheese3d_demo_model-houlab-2025-05-28/labeled-data/20240524_R15_awake_awake_001_TC_15-25-07/img09643.png,/data/disk2/home/tony/demo1/model/cheese3d_demo_model/backend/cheese3d_demo_model-houlab-2025-05-28/labeled-data/20240524_R15_awake_awake_001_TC_15-25-07/CollectedData_houlab.h5,12,28
Q1567,3,20240524_R15_awake_awake_001_TC_15-25-07,img09655.png,/data/disk2/home/tony/demo1/model/cheese3d_demo_model/backend/cheese3d_demo_model-houlab-2025-05-28/labeled-data/20240524_R15_awake_awake_001_TC_15-25-07/img09655.png,/data/disk2/home/tony/demo1/model/cheese3d_demo_model/backend/cheese3d_demo_model-houlab-2025-05-28/labeled-data/20240524_R15_awake_awake_001_TC_15-25-07/CollectedData_houlab.h5,12,28
Q1568,3,20240524_R15_awake_awake_001_TC_15-25-07,img18031.png,/data/disk2/home/tony/demo1/model/cheese3d_demo_model/backend/cheese3d_demo_model-houlab-2025-05-28/labeled-data/20240524_R15_awake_awake_001_TC_15-25-07/img18031.png,/data/disk2/home/tony/demo1/model/cheese3d_demo_model/backend/cheese3d_demo_model-houlab-2025-05-28/labeled-data/20240524_R15_awake_awake_001_TC_15-25-07/CollectedData_houlab.h5,12,28
Q1569,3,20240524_R15_awake_awake_001_TC_15-25-07,img29244.png,/data/disk2/home/tony/demo1/model/cheese3d_demo_model/backend/cheese3d_demo_model-houlab-2025-05-28/labeled-data/20240524_R15_awake_awake_001_TC_15-25-07/img29244.png,/data/disk2/home/tony/demo1/model/cheese3d_demo_model/backend/cheese3d_demo_model-houlab-2025-05-28/labeled-data/20240524_R15_awake_awake_001_TC_15-25-07/CollectedData_houlab.h5,12,28
Q1570,3,20240524_R15_awake_awake_001_TL_15-25-07,img00423.png,/data/disk2/home/tony/demo1/model/cheese3d_demo_model/backend/cheese3d_demo_model-houlab-2025-05-28/labeled-data/20240524_R15_awake_awake_001_TL_15-25-07/img00423.png,/data/disk2/home/tony/demo1/model/cheese3d_demo_model/backend/cheese3d_demo_model-houlab-2025-05-28/labeled-data/20240524_R15_awake_awake_001_TL_15-25-07/CollectedData_houlab.h5,12,28
Q1571,3,20240524_R15_awake_awake_001_TL_15-25-07,img09541.png,/data/disk2/home/tony/demo1/model/cheese3d_demo_model/backend/cheese3d_demo_model-houlab-2025-05-28/labeled-data/20240524_R15_awake_awake_001_TL_15-25-07/img09541.png,/data/disk2/home/tony/demo1/model/cheese3d_demo_model/backend/cheese3d_demo_model-houlab-2025-05-28/labeled-data/20240524_R15_awake_awake_001_TL_15-25-07/CollectedData_houlab.h5,11,28
Q1572,3,20240524_R15_awake_awake_001_TL_15-25-07,img09542.png,/data/disk2/home/tony/demo1/model/cheese3d_demo_model/backend/cheese3d_demo_model-houlab-2025-05-28/labeled-data/20240524_R15_awake_awake_001_TL_15-25-07/img09542.png,/data/disk2/home/tony/demo1/model/cheese3d_demo_model/backend/cheese3d_demo_model-houlab-2025-05-28/labeled-data/20240524_R15_awake_awake_001_TL_15-25-07/CollectedData_houlab.h5,11,28
Q1573,3,20240524_R15_awake_awake_001_TL_15-25-07,img09714.png,/data/disk2/home/tony/demo1/model/cheese3d_demo_model/backend/cheese3d_demo_model-houlab-2025-05-28/labeled-data/20240524_R15_awake_awake_001_TL_15-25-07/img09714.png,/data/disk2/home/tony/demo1/model/cheese3d_demo_model/backend/cheese3d_demo_model-houlab-2025-05-28/labeled-data/20240524_R15_awake_awake_001_TL_15-25-07/CollectedData_houlab.h5,12,28
Q1574,3,20240524_R15_awake_awake_001_TL_15-25-07,img09726.png,/data/disk2/home/tony/demo1/model/cheese3d_demo_model/backend/cheese3d_demo_model-houlab-2025-05-28/labeled-data/20240524_R15_awake_awake_001_TL_15-25-07/img09726.png,/data/disk2/home/tony/demo1/model/cheese3d_demo_model/backend/cheese3d_demo_model-houlab-2025-05-28/labeled-data/20240524_R15_awake_awake_001_TL_15-25-07/CollectedData_houlab.h5,12,28
Q1575,3,20240524_R15_awake_awake_001_TL_15-25-07,img21772.png,/data/disk2/home/tony/demo1/model/cheese3d_demo_model/backend/cheese3d_demo_model-houlab-2025-05-28/labeled-data/20240524_R15_awake_awake_001_TL_15-25-07/img21772.png,/data/disk2/home/tony/demo1/model/cheese3d_demo_model/backend/cheese3d_demo_model-houlab-2025-05-28/labeled-data/20240524_R15_awake_awake_001_TL_15-25-07/CollectedData_houlab.h5,12,28
Q1576,3,20240524_R15_awake_awake_001_TL_15-25-07,img29602.png,/data/disk2/home/tony/demo1/model/cheese3d_demo_model/backend/cheese3d_demo_model-houlab-2025-05-28/labeled-data/20240524_R15_awake_awake_001_TL_15-25-07/img29602.png,/data/disk2/home/tony/demo1/model/cheese3d_demo_model/backend/cheese3d_demo_model-houlab-2025-05-28/labeled-data/20240524_R15_awake_awake_001_TL_15-25-07/CollectedData_houlab.h5,12,28
Q1577,3,20240524_R15_awake_awake_001_TR_15-25-07,img01288.png,/data/disk2/home/tony/demo1/model/cheese3d_demo_model/backend/cheese3d_demo_model-houlab-2025-05-28/labeled-data/20240524_R15_awake_awake_001_TR_15-25-07/img01288.png,/data/disk2/home/tony/demo1/model/cheese3d_demo_model/backend/cheese3d_demo_model-houlab-2025-05-28/labeled-data/20240524_R15_awake_awake_001_TR_15-25-07/CollectedData_houlab.h5,11,28
Q1578,3,20240524_R15_awake_awake_001_TR_15-25-07,img02135.png,/data/disk2/home/tony/demo1/model/cheese3d_demo_model/backend/cheese3d_demo_model-houlab-2025-05-28/labeled-data/20240524_R15_awake_awake_001_TR_15-25-07/img02135.png,/data/disk2/home/tony/demo1/model/cheese3d_demo_model/backend/cheese3d_demo_model-houlab-2025-05-28/labeled-data/20240524_R15_awake_awake_001_TR_15-25-07/CollectedData_houlab.h5,11,28
Q1579,3,20240524_R15_awake_awake_001_TR_15-25-07,img06693.png,/data/disk2/home/tony/demo1/model/cheese3d_demo_model/backend/cheese3d_demo_model-houlab-2025-05-28/labeled-data/20240524_R15_awake_awake_001_TR_15-25-07/img06693.png,/data/disk2/home/tony/demo1/model/cheese3d_demo_model/backend/cheese3d_demo_model-houlab-2025-05-28/labeled-data/20240524_R15_awake_awake_001_TR_15-25-07/CollectedData_houlab.h5,11,28
Q1580,3,20240524_R15_awake_awake_001_TR_15-25-07,img19224.png,/data/disk2/home/tony/demo1/model/cheese3d_demo_model/backend/cheese3d_demo_model-houlab-2025-05-28/labeled-data/20240524_R15_awake_awake_001_TR_15-25-07/img19224.png,/data/disk2/home/tony/demo1/model/cheese3d_demo_model/backend/cheese3d_demo_model-houlab-2025-05-28/labeled-data/20240524_R15_awake_awake_001_TR_15-25-07/CollectedData_houlab.h5,11,28
Q1581,3,20240524_R15_awake_awake_001_TR_15-25-07,img19380.png,/data/disk2/home/tony/demo1/model/cheese3d_demo_model/backend/cheese3d_demo_model-houlab-2025-05-28/labeled-data/20240524_R15_awake_awake_001_TR_15-25-07/img19380.png,/data/disk2/home/tony/demo1/model/cheese3d_demo_model/backend/cheese3d_demo_model-houlab-2025-05-28/labeled-data/20240524_R15_awake_awake_001_TR_15-25-07/CollectedData_houlab.h5,11,28
Q1582,3,20240524_R15_awake_awake_001_TR_15-25-07,img26681.png,/data/disk2/home/tony/demo1/model/cheese3d_demo_model/backend/cheese3d_demo_model-houlab-2025-05-28/labeled-data/20240524_R15_awake_awake_001_TR_15-25-07/img26681.png,/data/disk2/home/tony/demo1/model/cheese3d_demo_model/backend/cheese3d_demo_model-houlab-2025-05-28/labeled-data/20240524_R15_awake_awake_001_TR_15-25-07/CollectedData_houlab.h5,11,28
Q1583,3,20240524_R15_awake_awake_001_TR_15-25-07,img28637.png,/data/disk2/home/tony/demo1/model/cheese3d_demo_model/backend/cheese3d_demo_model-houlab-2025-05-28/labeled-data/20240524_R15_awake_awake_001_TR_15-25-07/img28637.png,/data/disk2/home/tony/demo1/model/cheese3d_demo_model/backend/cheese3d_demo_model-houlab-2025-05-28/labeled-data/20240524_R15_awake_awake_001_TR_15-25-07/CollectedData_houlab.h5,11,28
Q1584,3,20240524_R15_awake_awake_002_BC_15-40-29,img00004.png,/data/disk2/home/tony/demo1/model/cheese3d_demo_model/backend/cheese3d_demo_model-houlab-2025-05-28/labeled-data/20240524_R15_awake_awake_002_BC_15-40-29/img00004.png,/data/disk2/home/tony/demo1/model/cheese3d_demo_model/backend/cheese3d_demo_model-houlab-2025-05-28/labeled-data/20240524_R15_awake_awake_002_BC_15-40-29/CollectedData_houlab.h5,11,28
Q1585,3,20240524_R15_awake_awake_002_BC_15-40-29,img30102.png,/data/disk2/home/tony/demo1/model/cheese3d_demo_model/backend/cheese3d_demo_model-houlab-2025-05-28/labeled-data/20240524_R15_awake_awake_002_BC_15-40-29/img30102.png,/data/disk2/home/tony/demo1/model/cheese3d_demo_model/backend/cheese3d_demo_model-houlab-2025-05-28/labeled-data/20240524_R15_awake_awake_002_BC_15-40-29/CollectedData_houlab.h5,11,28
Q1586,3,20240524_R15_awake_awake_002_L_15-40-29,img08350.png,/data/disk2/home/tony/demo1/model/cheese3d_demo_model/backend/cheese3d_demo_model-houlab-2025-05-28/labeled-data/20240524_R15_awake_awake_002_L_15-40-29/img08350.png,/data/disk2/home/tony/demo1/model/cheese3d_demo_model/backend/cheese3d_demo_model-houlab-2025-05-28/labeled-data/20240524_R15_awake_awake_002_L_15-40-29/CollectedData_houlab.h5,16,28
Q1587,3,20240524_R15_awake_awake_002_L_15-40-29,img21047.png,/data/disk2/home/tony/demo1/model/cheese3d_demo_model/backend/cheese3d_demo_model-houlab-2025-05-28/labeled-data/20240524_R15_awake_awake_002_L_15-40-29/img21047.png,/data/disk2/home/tony/demo1/model/cheese3d_demo_model/backend/cheese3d_demo_model-houlab-2025-05-28/labeled-data/20240524_R15_awake_awake_002_L_15-40-29/CollectedData_houlab.h5,16,28
Q1588,3,20240524_R15_awake_awake_002_L_15-40-29,img27689.png,/data/disk2/home/tony/demo1/model/cheese3d_demo_model/backend/cheese3d_demo_model-houlab-2025-05-28/labeled-data/20240524_R15_awake_awake_002_L_15-40-29/img27689.png,/data/disk2/home/tony/demo1/model/cheese3d_demo_model/backend/cheese3d_demo_model-houlab-2025-05-28/labeled-data/20240524_R15_awake_awake_002_L_15-40-29/CollectedData_houlab.h5,16,28
Q1589,3,20240524_R15_awake_awake_002_L_15-40-29,img28580.png,/data/disk2/home/tony/demo1/model/cheese3d_demo_model/backend/cheese3d_demo_model-houlab-2025-05-28/labeled-data/20240524_R15_awake_awake_002_L_15-40-29/img28580.png,/data/disk2/home/tony/demo1/model/cheese3d_demo_model/backend/cheese3d_demo_model-houlab-2025-05-28/labeled-data/20240524_R15_awake_awake_002_L_15-40-29/CollectedData_houlab.h5,16,28
Q1590,3,20240524_R15_awake_awake_002_L_15-40-29,img30473.png,/data/disk2/home/tony/demo1/model/cheese3d_demo_model/backend/cheese3d_demo_model-houlab-2025-05-28/labeled-data/20240524_R15_awake_awake_002_L_15-40-29/img30473.png,/data/disk2/home/tony/demo1/model/cheese3d_demo_model/backend/cheese3d_demo_model-houlab-2025-05-28/labeled-data/20240524_R15_awake_awake_002_L_15-40-29/CollectedData_houlab.h5,16,28
Q1591,3,20240524_R15_awake_awake_002_R_15-40-29,img00019.png,/data/disk2/home/tony/demo1/model/cheese3d_demo_model/backend/cheese3d_demo_model-houlab-2025-05-28/labeled-data/20240524_R15_awake_awake_002_R_15-40-29/img00019.png,/data/disk2/home/tony/demo1/model/cheese3d_demo_model/backend/cheese3d_demo_model-houlab-2025-05-28/labeled-data/20240524_R15_awake_awake_002_R_15-40-29/CollectedData_houlab.h5,16,28
Q1592,3,20240524_R15_awake_awake_002_R_15-40-29,img00054.png,/data/disk2/home/tony/demo1/model/cheese3d_demo_model/backend/cheese3d_demo_model-houlab-2025-05-28/labeled-data/20240524_R15_awake_awake_002_R_15-40-29/img00054.png,/data/disk2/home/tony/demo1/model/cheese3d_demo_model/backend/cheese3d_demo_model-houlab-2025-05-28/labeled-data/20240524_R15_awake_awake_002_R_15-40-29/CollectedData_houlab.h5,16,28
Q1593,3,20240524_R15_awake_awake_002_R_15-40-29,img00650.png,/data/disk2/home/tony/demo1/model/cheese3d_demo_model/backend/cheese3d_demo_model-houlab-2025-05-28/labeled-data/20240524_R15_awake_awake_002_R_15-40-29/img00650.png,/data/disk2/home/tony/demo1/model/cheese3d_demo_model/backend/cheese3d_demo_model-houlab-2025-05-28/labeled-data/20240524_R15_awake_awake_002_R_15-40-29/CollectedData_houlab.h5,16,28
Q1594,3,20240524_R15_awake_awake_002_R_15-40-29,img06968.png,/data/disk2/home/tony/demo1/model/cheese3d_demo_model/backend/cheese3d_demo_model-houlab-2025-05-28/labeled-data/20240524_R15_awake_awake_002_R_15-40-29/img06968.png,/data/disk2/home/tony/demo1/model/cheese3d_demo_model/backend/cheese3d_demo_model-houlab-2025-05-28/labeled-data/20240524_R15_awake_awake_002_R_15-40-29/CollectedData_houlab.h5,16,28
Q1595,3,20240524_R15_awake_awake_002_R_15-40-29,img14348.png,/data/disk2/home/tony/demo1/model/cheese3d_demo_model/backend/cheese3d_demo_model-houlab-2025-05-28/labeled-data/20240524_R15_awake_awake_002_R_15-40-29/img14348.png,/data/disk2/home/tony/demo1/model/cheese3d_demo_model/backend/cheese3d_demo_model-houlab-2025-05-28/labeled-data/20240524_R15_awake_awake_002_R_15-40-29/CollectedData_houlab.h5,16,28
Q1596,3,20240524_R15_awake_awake_002_R_15-40-29,img17019.png,/data/disk2/home/tony/demo1/model/cheese3d_demo_model/backend/cheese3d_demo_model-houlab-2025-05-28/labeled-data/20240524_R15_awake_awake_002_R_15-40-29/img17019.png,/data/disk2/home/tony/demo1/model/cheese3d_demo_model/backend/cheese3d_demo_model-houlab-2025-05-28/labeled-data/20240524_R15_awake_awake_002_R_15-40-29/CollectedData_houlab.h5,16,28
Q1597,3,20240524_R15_awake_awake_002_R_15-40-29,img30584.png,/data/disk2/home/tony/demo1/model/cheese3d_demo_model/backend/cheese3d_demo_model-houlab-2025-05-28/labeled-data/20240524_R15_awake_awake_002_R_15-40-29/img30584.png,/data/disk2/home/tony/demo1/model/cheese3d_demo_model/backend/cheese3d_demo_model-houlab-2025-05-28/labeled-data/20240524_R15_awake_awake_002_R_15-40-29/CollectedData_houlab.h5,16,28
Q1598,3,20240524_R15_awake_awake_002_TC_15-40-29,img00099.png,/data/disk2/home/tony/demo1/model/cheese3d_demo_model/backend/cheese3d_demo_model-houlab-2025-05-28/labeled-data/20240524_R15_awake_awake_002_TC_15-40-29/img00099.png,/data/disk2/home/tony/demo1/model/cheese3d_demo_model/backend/cheese3d_demo_model-houlab-2025-05-28/labeled-data/20240524_R15_awake_awake_002_TC_15-40-29/CollectedData_houlab.h5,12,28
Q1599,3,20240524_R15_awake_awake_002_TC_15-40-29,img04829.png,/data/disk2/home/tony/demo1/model/cheese3d_demo_model/backend/cheese3d_demo_model-houlab-2025-05-28/labeled-data/20240524_R15_awake_awake_002_TC_15-40-29/img04829.png,/data/disk2/home/tony/demo1/model/cheese3d_demo_model/backend/cheese3d_demo_model-houlab-2025-05-28/labeled-data/20240524_R15_awake_awake_002_TC_15-40-29/CollectedData_houlab.h5,12,28
Q1600,3,20240524_R15_awake_awake_002_TC_15-40-29,img24292.png,/data/disk2/home/tony/demo1/model/cheese3d_demo_model/backend/cheese3d_demo_model-houlab-2025-05-28/labeled-data/20240524_R15_awake_awake_002_TC_15-40-29/img24292.png,/data/disk2/home/tony/demo1/model/cheese3d_demo_model/backend/cheese3d_demo_model-houlab-2025-05-28/labeled-data/20240524_R15_awake_awake_002_TC_15-40-29/CollectedData_houlab.h5,12,28
Q1601,3,20240524_R15_awake_awake_002_TC_15-40-29,img24301.png,/data/disk2/home/tony/demo1/model/cheese3d_demo_model/backend/cheese3d_demo_model-houlab-2025-05-28/labeled-data/20240524_R15_awake_awake_002_TC_15-40-29/img24301.png,/data/disk2/home/tony/demo1/model/cheese3d_demo_model/backend/cheese3d_demo_model-houlab-2025-05-28/labeled-data/20240524_R15_awake_awake_002_TC_15-40-29/CollectedData_houlab.h5,12,28
Q1602,3,20240524_R15_awake_awake_002_TC_15-40-29,img24369.png,/data/disk2/home/tony/demo1/model/cheese3d_demo_model/backend/cheese3d_demo_model-houlab-2025-05-28/labeled-data/20240524_R15_awake_awake_002_TC_15-40-29/img24369.png,/data/disk2/home/tony/demo1/model/cheese3d_demo_model/backend/cheese3d_demo_model-houlab-2025-05-28/labeled-data/20240524_R15_awake_awake_002_TC_15-40-29/CollectedData_houlab.h5,12,28
Q1603,3,20240524_R15_awake_awake_002_TC_15-40-29,img27657.png,/data/disk2/home/tony/demo1/model/cheese3d_demo_model/backend/cheese3d_demo_model-houlab-2025-05-28/labeled-data/20240524_R15_awake_awake_002_TC_15-40-29/img27657.png,/data/disk2/home/tony/demo1/model/cheese3d_demo_model/backend/cheese3d_demo_model-houlab-2025-05-28/labeled-data/20240524_R15_awake_awake_002_TC_15-40-29/CollectedData_houlab.h5,12,28
Q1604,3,20240524_R15_awake_awake_002_TC_15-40-29,img29832.png,/data/disk2/home/tony/demo1/model/cheese3d_demo_model/backend/cheese3d_demo_model-houlab-2025-05-28/labeled-data/20240524_R15_awake_awake_002_TC_15-40-29/img29832.png,/data/disk2/home/tony/demo1/model/cheese3d_demo_model/backend/cheese3d_demo_model-houlab-2025-05-28/labeled-data/20240524_R15_awake_awake_002_TC_15-40-29/CollectedData_houlab.h5,12,28
Q1605,3,20240524_R15_awake_awake_002_TL_15-40-29,img01209.png,/data/disk2/home/tony/demo1/model/cheese3d_demo_model/backend/cheese3d_demo_model-houlab-2025-05-28/labeled-data/20240524_R15_awake_awake_002_TL_15-40-29/img01209.png,/data/disk2/home/tony/demo1/model/cheese3d_demo_model/backend/cheese3d_demo_model-houlab-2025-05-28/labeled-data/20240524_R15_awake_awake_002_TL_15-40-29/CollectedData_houlab.h5,12,28
Q1606,3,20240524_R15_awake_awake_002_TL_15-40-29,img29765.png,/data/disk2/home/tony/demo1/model/cheese3d_demo_model/backend/cheese3d_demo_model-houlab-2025-05-28/labeled-data/20240524_R15_awake_awake_002_TL_15-40-29/img29765.png,/data/disk2/home/tony/demo1/model/cheese3d_demo_model/backend/cheese3d_demo_model-houlab-2025-05-28/labeled-data/20240524_R15_awake_awake_002_TL_15-40-29/CollectedData_houlab.h5,12,28
Q1607,3,20240524_R15_awake_awake_002_TR_15-40-29,img01126.png,/data/disk2/home/tony/demo1/model/cheese3d_demo_model/backend/cheese3d_demo_model-houlab-2025-05-28/labeled-data/20240524_R15_awake_awake_002_TR_15-40-29/img01126.png,/data/disk2/home/tony/demo1/model/cheese3d_demo_model/backend/cheese3d_demo_model-houlab-2025-05-28/labeled-data/20240524_R15_awake_awake_002_TR_15-40-29/CollectedData_houlab.h5,11,28
Q1608,3,20240524_R15_awake_awake_002_TR_15-40-29,img03514.png,/data/disk2/home/tony/demo1/model/cheese3d_demo_model/backend/cheese3d_demo_model-houlab-2025-05-28/labeled-data/20240524_R15_awake_awake_002_TR_15-40-29/img03514.png,/data/disk2/home/tony/demo1/model/cheese3d_demo_model/backend/cheese3d_demo_model-houlab-2025-05-28/labeled-data/20240524_R15_awake_awake_002_TR_15-40-29/CollectedData_houlab.h5,12,28
Q1609,3,20240524_R15_awake_awake_002_TR_15-40-29,img07596.png,/data/disk2/home/tony/demo1/model/cheese3d_demo_model/backend/cheese3d_demo_model-houlab-2025-05-28/labeled-data/20240524_R15_awake_awake_002_TR_15-40-29/img07596.png,/data/disk2/home/tony/demo1/model/cheese3d_demo_model/backend/cheese3d_demo_model-houlab-2025-05-28/labeled-data/20240524_R15_awake_awake_002_TR_15-40-29/CollectedData_houlab.h5,11,28
Q1610,3,20240524_R15_awake_awake_002_TR_15-40-29,img20000.png,/data/disk2/home/tony/demo1/model/cheese3d_demo_model/backend/cheese3d_demo_model-houlab-2025-05-28/labeled-data/20240524_R15_awake_awake_002_TR_15-40-29/img20000.png,/data/disk2/home/tony/demo1/model/cheese3d_demo_model/backend/cheese3d_demo_model-houlab-2025-05-28/labeled-data/20240524_R15_awake_awake_002_TR_15-40-29/CollectedData_houlab.h5,11,28
Q1611,3,20240524_R15_awake_awake_002_TR_15-40-29,img23662.png,/data/disk2/home/tony/demo1/model/cheese3d_demo_model/backend/cheese3d_demo_model-houlab-2025-05-28/labeled-data/20240524_R15_awake_awake_002_TR_15-40-29/img23662.png,/data/disk2/home/tony/demo1/model/cheese3d_demo_model/backend/cheese3d_demo_model-houlab-2025-05-28/labeled-data/20240524_R15_awake_awake_002_TR_15-40-29/CollectedData_houlab.h5,11,28
Q1612,3,20240524_R15_awake_awake_002_TR_15-40-29,img24631.png,/data/disk2/home/tony/demo1/model/cheese3d_demo_model/backend/cheese3d_demo_model-houlab-2025-05-28/labeled-data/20240524_R15_awake_awake_002_TR_15-40-29/img24631.png,/data/disk2/home/tony/demo1/model/cheese3d_demo_model/backend/cheese3d_demo_model-houlab-2025-05-28/labeled-data/20240524_R15_awake_awake_002_TR_15-40-29/CollectedData_houlab.h5,11,28
Q1613,3,20240524_R15_awake_awake_002_TR_15-40-29,img29611.png,/data/disk2/home/tony/demo1/model/cheese3d_demo_model/backend/cheese3d_demo_model-houlab-2025-05-28/labeled-data/20240524_R15_awake_awake_002_TR_15-40-29/img29611.png,/data/disk2/home/tony/demo1/model/cheese3d_demo_model/backend/cheese3d_demo_model-houlab-2025-05-28/labeled-data/20240524_R15_awake_awake_002_TR_15-40-29/CollectedData_houlab.h5,11,28
Q1614,3,20240724_R15_awake_awake_000_BC_11-26-59,img12226.png,/data/disk2/home/tony/demo1/model/cheese3d_demo_model/backend/cheese3d_demo_model-houlab-2025-05-28/labeled-data/20240724_R15_awake_awake_000_BC_11-26-59/img12226.png,/data/disk2/home/tony/demo1/model/cheese3d_demo_model/backend/cheese3d_demo_model-houlab-2025-05-28/labeled-data/20240724_R15_awake_awake_000_BC_11-26-59/CollectedData_houlab.h5,11,28
Q1615,3,20240724_R15_awake_awake_000_BC_11-26-59,img14636.png,/data/disk2/home/tony/demo1/model/cheese3d_demo_model/backend/cheese3d_demo_model-houlab-2025-05-28/labeled-data/20240724_R15_awake_awake_000_BC_11-26-59/img14636.png,/data/disk2/home/tony/demo1/model/cheese3d_demo_model/backend/cheese3d_demo_model-houlab-2025-05-28/labeled-data/20240724_R15_awake_awake_000_BC_11-26-59/CollectedData_houlab.h5,11,28
Q1616,3,20240724_R15_awake_awake_000_L_11-26-59,img16684.png,/data/disk2/home/tony/demo1/model/cheese3d_demo_model/backend/cheese3d_demo_model-houlab-2025-05-28/labeled-data/20240724_R15_awake_awake_000_L_11-26-59/img16684.png,/data/disk2/home/tony/demo1/model/cheese3d_demo_model/backend/cheese3d_demo_model-houlab-2025-05-28/labeled-data/20240724_R15_awake_awake_000_L_11-26-59/CollectedData_houlab.h5,16,28
Q1617,3,20240724_R15_awake_awake_000_L_11-26-59,img25951.png,/data/disk2/home/tony/demo1/model/cheese3d_demo_model/backend/cheese3d_demo_model-houlab-2025-05-28/labeled-data/20240724_R15_awake_awake_000_L_11-26-59/img25951.png,/data/disk2/home/tony/demo1/model/cheese3d_demo_model/backend/cheese3d_demo_model-houlab-2025-05-28/labeled-data/20240724_R15_awake_awake_000_L_11-26-59/CollectedData_houlab.h5,16,28
Q1618,3,20240724_R15_awake_awake_000_R_11-26-59,img00261.png,/data/disk2/home/tony/demo1/model/cheese3d_demo_model/backend/cheese3d_demo_model-houlab-2025-05-28/labeled-data/20240724_R15_awake_awake_000_R_11-26-59/img00261.png,/data/disk2/home/tony/demo1/model/cheese3d_demo_model/backend/cheese3d_demo_model-houlab-2025-05-28/labeled-data/20240724_R15_awake_awake_000_R_11-26-59/CollectedData_houlab.h5,16,28
Q1619,3,20240724_R15_awake_awake_000_R_11-26-59,img20545.png,/data/disk2/home/tony/demo1/model/cheese3d_demo_model/backend/cheese3d_demo_model-houlab-2025-05-28/labeled-data/20240724_R15_awake_awake_000_R_11-26-59/img20545.png,/data/disk2/home/tony/demo1/model/cheese3d_demo_model/backend/cheese3d_demo_model-houlab-2025-05-28/labeled-data/20240724_R15_awake_awake_000_R_11-26-59/CollectedData_houlab.h5,16,28
Q1620,3,20240724_R15_awake_awake_000_TC_11-26-59,img14702.png,/data/disk2/home/tony/demo1/model/cheese3d_demo_model/backend/cheese3d_demo_model-houlab-2025-05-28/labeled-data/20240724_R15_awake_awake_000_TC_11-26-59/img14702.png,/data/disk2/home/tony/demo1/model/cheese3d_demo_model/backend/cheese3d_demo_model-houlab-2025-05-28/labeled-data/20240724_R15_awake_awake_000_TC_11-26-59/CollectedData_houlab.h5,12,28
Q1621,3,20240724_R15_awake_awake_000_TC_11-26-59,img30195.png,/data/disk2/home/tony/demo1/model/cheese3d_demo_model/backend/cheese3d_demo_model-houlab-2025-05-28/labeled-data/20240724_R15_awake_awake_000_TC_11-26-59/img30195.png,/data/disk2/home/tony/demo1/model/cheese3d_demo_model/backend/cheese3d_demo_model-houlab-2025-05-28/labeled-data/20240724_R15_awake_awake_000_TC_11-26-59/CollectedData_houlab.h5,12,28
Q1622,3,20240724_R15_awake_awake_000_TL_11-26-59,img15371.png,/data/disk2/home/tony/demo1/model/cheese3d_demo_model/backend/cheese3d_demo_model-houlab-2025-05-28/labeled-data/20240724_R15_awake_awake_000_TL_11-26-59/img15371.png,/data/disk2/home/tony/demo1/model/cheese3d_demo_model/backend/cheese3d_demo_model-houlab-2025-05-28/labeled-data/20240724_R15_awake_awake_000_TL_11-26-59/CollectedData_houlab.h5,12,28
Q1623,3,20240724_R15_awake_awake_000_TL_11-26-59,img19638.png,/data/disk2/home/tony/demo1/model/cheese3d_demo_model/backend/cheese3d_demo_model-houlab-2025-05-28/labeled-data/20240724_R15_awake_awake_000_TL_11-26-59/img19638.png,/data/disk2/home/tony/demo1/model/cheese3d_demo_model/backend/cheese3d_demo_model-houlab-2025-05-28/labeled-data/20240724_R15_awake_awake_000_TL_11-26-59/CollectedData_houlab.h5,12,28
Q1624,3,20240724_R15_awake_awake_000_TR_11-26-59,img06170.png,/data/disk2/home/tony/demo1/model/cheese3d_demo_model/backend/cheese3d_demo_model-houlab-2025-05-28/labeled-data/20240724_R15_awake_awake_000_TR_11-26-59/img06170.png,/data/disk2/home/tony/demo1/model/cheese3d_demo_model/backend/cheese3d_demo_model-houlab-2025-05-28/labeled-data/20240724_R15_awake_awake_000_TR_11-26-59/CollectedData_houlab.h5,12,28
Q1625,3,20240724_R15_awake_awake_000_TR_11-26-59,img13688.png,/data/disk2/home/tony/demo1/model/cheese3d_demo_model/backend/cheese3d_demo_model-houlab-2025-05-28/labeled-data/20240724_R15_awake_awake_000_TR_11-26-59/img13688.png,/data/disk2/home/tony/demo1/model/cheese3d_demo_model/backend/cheese3d_demo_model-houlab-2025-05-28/labeled-data/20240724_R15_awake_awake_000_TR_11-26-59/CollectedData_houlab.h5,12,28
Q1626,3,20240724_R20_awake_awake_000_BC_10-58-21,img021564.png,/data/disk2/home/tony/demo1/model/cheese3d_demo_model/backend/cheese3d_demo_model-houlab-2025-05-28/labeled-data/20240724_R20_awake_awake_000_BC_10-58-21/img021564.png,/data/disk2/home/tony/demo1/model/cheese3d_demo_model/backend/cheese3d_demo_model-houlab-2025-05-28/labeled-data/20240724_R20_awake_awake_000_BC_10-58-21/CollectedData_houlab.h5,11,28
Q1627,3,20240724_R20_awake_awake_000_BC_10-58-21,img070993.png,/data/disk2/home/tony/demo1/model/cheese3d_demo_model/backend/cheese3d_demo_model-houlab-2025-05-28/labeled-data/20240724_R20_awake_awake_000_BC_10-58-21/img070993.png,/data/disk2/home/tony/demo1/model/cheese3d_demo_model/backend/cheese3d_demo_model-houlab-2025-05-28/labeled-data/20240724_R20_awake_awake_000_BC_10-58-21/CollectedData_houlab.h5,11,28
Q1628,3,20240724_R20_awake_awake_000_L_10-58-21,img016535.png,/data/disk2/home/tony/demo1/model/cheese3d_demo_model/backend/cheese3d_demo_model-houlab-2025-05-28/labeled-data/20240724_R20_awake_awake_000_L_10-58-21/img016535.png,/data/disk2/home/tony/demo1/model/cheese3d_demo_model/backend/cheese3d_demo_model-houlab-2025-05-28/labeled-data/20240724_R20_awake_awake_000_L_10-58-21/CollectedData_houlab.h5,16,28
Q1629,3,20240724_R20_awake_awake_000_L_10-58-21,img046256.png,/data/disk2/home/tony/demo1/model/cheese3d_demo_model/backend/cheese3d_demo_model-houlab-2025-05-28/labeled-data/20240724_R20_awake_awake_000_L_10-58-21/img046256.png,/data/disk2/home/tony/demo1/model/cheese3d_demo_model/backend/cheese3d_demo_model-houlab-2025-05-28/labeled-data/20240724_R20_awake_awake_000_L_10-58-21/CollectedData_houlab.h5,16,28
Q1630,3,20240724_R20_awake_awake_000_R_10-58-21,img068535.png,/data/disk2/home/tony/demo1/model/cheese3d_demo_model/backend/cheese3d_demo_model-houlab-2025-05-28/labeled-data/20240724_R20_awake_awake_000_R_10-58-21/img068535.png,/data/disk2/home/tony/demo1/model/cheese3d_demo_model/backend/cheese3d_demo_model-houlab-2025-05-28/labeled-data/20240724_R20_awake_awake_000_R_10-58-21/CollectedData_houlab.h5,16,28
Q1631,3,20240724_R20_awake_awake_000_R_10-58-21,img090816.png,/data/disk2/home/tony/demo1/model/cheese3d_demo_model/backend/cheese3d_demo_model-houlab-2025-05-28/labeled-data/20240724_R20_awake_awake_000_R_10-58-21/img090816.png,/data/disk2/home/tony/demo1/model/cheese3d_demo_model/backend/cheese3d_demo_model-houlab-2025-05-28/labeled-data/20240724_R20_awake_awake_000_R_10-58-21/CollectedData_houlab.h5,16,28
Q1632,3,20240724_R20_awake_awake_000_TC_10-58-21,img013803.png,/data/disk2/home/tony/demo1/model/cheese3d_demo_model/backend/cheese3d_demo_model-houlab-2025-05-28/labeled-data/20240724_R20_awake_awake_000_TC_10-58-21/img013803.png,/data/disk2/home/tony/demo1/model/cheese3d_demo_model/backend/cheese3d_demo_model-houlab-2025-05-28/labeled-data/20240724_R20_awake_awake_000_TC_10-58-21/CollectedData_houlab.h5,12,28
Q1633,3,20240724_R20_awake_awake_000_TC_10-58-21,img056539.png,/data/disk2/home/tony/demo1/model/cheese3d_demo_model/backend/cheese3d_demo_model-houlab-2025-05-28/labeled-data/20240724_R20_awake_awake_000_TC_10-58-21/img056539.png,/data/disk2/home/tony/demo1/model/cheese3d_demo_model/backend/cheese3d_demo_model-houlab-2025-05-28/labeled-data/20240724_R20_awake_awake_000_TC_10-58-21/CollectedData_houlab.h5,12,28
Q1634,3,20240724_R20_awake_awake_000_TL_10-58-21,img026347.png,/data/disk2/home/tony/demo1/model/cheese3d_demo_model/backend/cheese3d_demo_model-houlab-2025-05-28/labeled-data/20240724_R20_awake_awake_000_TL_10-58-21/img026347.png,/data/disk2/home/tony/demo1/model/cheese3d_demo_model/backend/cheese3d_demo_model-houlab-2025-05-28/labeled-data/20240724_R20_awake_awake_000_TL_10-58-21/CollectedData_houlab.h5,12,28
Q1635,3,20240724_R20_awake_awake_000_TL_10-58-21,img096218.png,/data/disk2/home/tony/demo1/model/cheese3d_demo_model/backend/cheese3d_demo_model-houlab-2025-05-28/labeled-data/20240724_R20_awake_awake_000_TL_10-58-21/img096218.png,/data/disk2/home/tony/demo1/model/cheese3d_demo_model/backend/cheese3d_demo_model-houlab-2025-05-28/labeled-data/20240724_R20_awake_awake_000_TL_10-58-21/CollectedData_houlab.h5,12,28
Q1636,3,20240724_R20_awake_awake_000_TR_10-58-21,img090034.png,/data/disk2/home/tony/demo1/model/cheese3d_demo_model/backend/cheese3d_demo_model-houlab-2025-05-28/labeled-data/20240724_R20_awake_awake_000_TR_10-58-21/img090034.png,/data/disk2/home/tony/demo1/model/cheese3d_demo_model/backend/cheese3d_demo_model-houlab-2025-05-28/labeled-data/20240724_R20_awake_awake_000_TR_10-58-21/CollectedData_houlab.h5,12,28
Q1637,3,20240724_R20_awake_awake_000_TR_10-58-21,img117918.png,/data/disk2/home/tony/demo1/model/cheese3d_demo_model/backend/cheese3d_demo_model-houlab-2025-05-28/labeled-data/20240724_R20_awake_awake_000_TR_10-58-21/img117918.png,/data/disk2/home/tony/demo1/model/cheese3d_demo_model/backend/cheese3d_demo_model-houlab-2025-05-28/labeled-data/20240724_R20_awake_awake_000_TR_10-58-21/CollectedData_houlab.h5,12,28
Q1638,3,20240724_R22_awake_awake_000_BC_10-44-56,img14356.png,/data/disk2/home/tony/demo1/model/cheese3d_demo_model/backend/cheese3d_demo_model-houlab-2025-05-28/labeled-data/20240724_R22_awake_awake_000_BC_10-44-56/img14356.png,/data/disk2/home/tony/demo1/model/cheese3d_demo_model/backend/cheese3d_demo_model-houlab-2025-05-28/labeled-data/20240724_R22_awake_awake_000_BC_10-44-56/CollectedData_houlab.h5,11,28
Q1639,3,20240724_R22_awake_awake_000_BC_10-44-56,img25482.png,/data/disk2/home/tony/demo1/model/cheese3d_demo_model/backend/cheese3d_demo_model-houlab-2025-05-28/labeled-data/20240724_R22_awake_awake_000_BC_10-44-56/img25482.png,/data/disk2/home/tony/demo1/model/cheese3d_demo_model/backend/cheese3d_demo_model-houlab-2025-05-28/labeled-data/20240724_R22_awake_awake_000_BC_10-44-56/CollectedData_houlab.h5,11,28
Q1640,3,20240724_R22_awake_awake_000_L_10-44-56,img09512.png,/data/disk2/home/tony/demo1/model/cheese3d_demo_model/backend/cheese3d_demo_model-houlab-2025-05-28/labeled-data/20240724_R22_awake_awake_000_L_10-44-56/img09512.png,/data/disk2/home/tony/demo1/model/cheese3d_demo_model/backend/cheese3d_demo_model-houlab-2025-05-28/labeled-data/20240724_R22_awake_awake_000_L_10-44-56/CollectedData_houlab.h5,16,28
Q1641,3,20240724_R22_awake_awake_000_L_10-44-56,img22438.png,/data/disk2/home/tony/demo1/model/cheese3d_demo_model/backend/cheese3d_demo_model-houlab-2025-05-28/labeled-data/20240724_R22_awake_awake_000_L_10-44-56/img22438.png,/data/disk2/home/tony/demo1/model/cheese3d_demo_model/backend/cheese3d_demo_model-houlab-2025-05-28/labeled-data/20240724_R22_awake_awake_000_L_10-44-56/CollectedData_houlab.h5,16,28
Q1642,3,20240724_R22_awake_awake_000_R_10-44-56,img12968.png,/data/disk2/home/tony/demo1/model/cheese3d_demo_model/backend/cheese3d_demo_model-houlab-2025-05-28/labeled-data/20240724_R22_awake_awake_000_R_10-44-56/img12968.png,/data/disk2/home/tony/demo1/model/cheese3d_demo_model/backend/cheese3d_demo_model-houlab-2025-05-28/labeled-data/20240724_R22_awake_awake_000_R_10-44-56/CollectedData_houlab.h5,16,28
Q1643,3,20240724_R22_awake_awake_000_R_10-44-56,img41075.png,/data/disk2/home/tony/demo1/model/cheese3d_demo_model/backend/cheese3d_demo_model-houlab-2025-05-28/labeled-data/20240724_R22_awake_awake_000_R_10-44-56/img41075.png,/data/disk2/home/tony/demo1/model/cheese3d_demo_model/backend/cheese3d_demo_model-houlab-2025-05-28/labeled-data/20240724_R22_awake_awake_000_R_10-44-56/CollectedData_houlab.h5,16,28
Q1644,3,20240724_R22_awake_awake_000_TC_10-44-56,img24909.png,/data/disk2/home/tony/demo1/model/cheese3d_demo_model/backend/cheese3d_demo_model-houlab-2025-05-28/labeled-data/20240724_R22_awake_awake_000_TC_10-44-56/img24909.png,/data/disk2/home/tony/demo1/model/cheese3d_demo_model/backend/cheese3d_demo_model-houlab-2025-05-28/labeled-data/20240724_R22_awake_awake_000_TC_10-44-56/CollectedData_houlab.h5,12,28
Q1645,3,20240724_R22_awake_awake_000_TC_10-44-56,img35649.png,/data/disk2/home/tony/demo1/model/cheese3d_demo_model/backend/cheese3d_demo_model-houlab-2025-05-28/labeled-data/20240724_R22_awake_awake_000_TC_10-44-56/img35649.png,/data/disk2/home/tony/demo1/model/cheese3d_demo_model/backend/cheese3d_demo_model-houlab-2025-05-28/labeled-data/20240724_R22_awake_awake_000_TC_10-44-56/CollectedData_houlab.h5,12,28
Q1646,3,20240724_R22_awake_awake_000_TL_10-44-56,img02068.png,/data/disk2/home/tony/demo1/model/cheese3d_demo_model/backend/cheese3d_demo_model-houlab-2025-05-28/labeled-data/20240724_R22_awake_awake_000_TL_10-44-56/img02068.png,/data/disk2/home/tony/demo1/model/cheese3d_demo_model/backend/cheese3d_demo_model-houlab-2025-05-28/labeled-data/20240724_R22_awake_awake_000_TL_10-44-56/CollectedData_houlab.h5,12,28
Q1647,3,20240724_R22_awake_awake_000_TL_10-44-56,img26739.png,/data/disk2/home/tony/demo1/model/cheese3d_demo_model/backend/cheese3d_demo_model-houlab-2025-05-28/labeled-data/20240724_R22_awake_awake_000_TL_10-44-56/img26739.png,/data/disk2/home/tony/demo1/model/cheese3d_demo_model/backend/cheese3d_demo_model-houlab-2025-05-28/labeled-data/20240724_R22_awake_awake_000_TL_10-44-56/CollectedData_houlab.h5,12,28
Q1648,3,20240724_R22_awake_awake_000_TR_10-44-56,img17669.png,/data/disk2/home/tony/demo1/model/cheese3d_demo_model/backend/cheese3d_demo_model-houlab-2025-05-28/labeled-data/20240724_R22_awake_awake_000_TR_10-44-56/img17669.png,/data/disk2/home/tony/demo1/model/cheese3d_demo_model/backend/cheese3d_demo_model-houlab-2025-05-28/labeled-data/20240724_R22_awake_awake_000_TR_10-44-56/CollectedData_houlab.h5,12,28
Q1649,3,20240724_R22_awake_awake_000_TR_10-44-56,img35315.png,/data/disk2/home/tony/demo1/model/cheese3d_demo_model/backend/cheese3d_demo_model-houlab-2025-05-28/labeled-data/20240724_R22_awake_awake_000_TR_10-44-56/img35315.png,/data/disk2/home/tony/demo1/model/cheese3d_demo_model/backend/cheese3d_demo_model-houlab-2025-05-28/labeled-data/20240724_R22_awake_awake_000_TR_10-44-56/CollectedData_houlab.h5,11,28
Q1650,3,20250518_B1_ephys-record_awake_002_BC_01-14-48,000.png,/data/disk2/home/tony/demo1/model/cheese3d_demo_model/backend/cheese3d_demo_model-houlab-2025-05-28/labeled-data/20250518_B1_ephys-record_awake_002_BC_01-14-48/000.png,/data/disk2/home/tony/demo1/model/cheese3d_demo_model/backend/cheese3d_demo_model-houlab-2025-05-28/labeled-data/20250518_B1_ephys-record_awake_002_BC_01-14-48/CollectedData_houlab.h5,27,28
Q1651,3,20250518_B1_ephys-record_awake_002_BC_01-14-48,11219.png,/data/disk2/home/tony/demo1/model/cheese3d_demo_model/backend/cheese3d_demo_model-houlab-2025-05-28/labeled-data/20250518_B1_ephys-record_awake_002_BC_01-14-48/11219.png,/data/disk2/home/tony/demo1/model/cheese3d_demo_model/backend/cheese3d_demo_model-houlab-2025-05-28/labeled-data/20250518_B1_ephys-record_awake_002_BC_01-14-48/CollectedData_houlab.h5,27,28
Q1652,3,20250518_B1_ephys-record_awake_002_BC_01-14-48,1331.png,/data/disk2/home/tony/demo1/model/cheese3d_demo_model/backend/cheese3d_demo_model-houlab-2025-05-28/labeled-data/20250518_B1_ephys-record_awake_002_BC_01-14-48/1331.png,/data/disk2/home/tony/demo1/model/cheese3d_demo_model/backend/cheese3d_demo_model-houlab-2025-05-28/labeled-data/20250518_B1_ephys-record_awake_002_BC_01-14-48/CollectedData_houlab.h5,27,28
Q1653,3,20250518_B1_ephys-record_awake_002_BC_01-14-48,20204.png,/data/disk2/home/tony/demo1/model/cheese3d_demo_model/backend/cheese3d_demo_model-houlab-2025-05-28/labeled-data/20250518_B1_ephys-record_awake_002_BC_01-14-48/20204.png,/data/disk2/home/tony/demo1/model/cheese3d_demo_model/backend/cheese3d_demo_model-houlab-2025-05-28/labeled-data/20250518_B1_ephys-record_awake_002_BC_01-14-48/CollectedData_houlab.h5,27,28
Q1654,3,20250518_B1_ephys-record_awake_002_BC_01-14-48,20287.png,/data/disk2/home/tony/demo1/model/cheese3d_demo_model/backend/cheese3d_demo_model-houlab-2025-05-28/labeled-data/20250518_B1_ephys-record_awake_002_BC_01-14-48/20287.png,/data/disk2/home/tony/demo1/model/cheese3d_demo_model/backend/cheese3d_demo_model-houlab-2025-05-28/labeled-data/20250518_B1_ephys-record_awake_002_BC_01-14-48/CollectedData_houlab.h5,16,28
Q1655,3,20250518_B1_ephys-record_awake_002_BC_01-14-48,20302.png,/data/disk2/home/tony/demo1/model/cheese3d_demo_model/backend/cheese3d_demo_model-houlab-2025-05-28/labeled-data/20250518_B1_ephys-record_awake_002_BC_01-14-48/20302.png,/data/disk2/home/tony/demo1/model/cheese3d_demo_model/backend/cheese3d_demo_model-houlab-2025-05-28/labeled-data/20250518_B1_ephys-record_awake_002_BC_01-14-48/CollectedData_houlab.h5,16,28
Q1656,3,20250518_B1_ephys-record_awake_002_BC_01-14-48,20343.png,/data/disk2/home/tony/demo1/model/cheese3d_demo_model/backend/cheese3d_demo_model-houlab-2025-05-28/labeled-data/20250518_B1_ephys-record_awake_002_BC_01-14-48/20343.png,/data/disk2/home/tony/demo1/model/cheese3d_demo_model/backend/cheese3d_demo_model-houlab-2025-05-28/labeled-data/20250518_B1_ephys-record_awake_002_BC_01-14-48/CollectedData_houlab.h5,24,28
Q1657,3,20250518_B1_ephys-record_awake_002_BC_01-14-48,20382.png,/data/disk2/home/tony/demo1/model/cheese3d_demo_model/backend/cheese3d_demo_model-houlab-2025-05-28/labeled-data/20250518_B1_ephys-record_awake_002_BC_01-14-48/20382.png,/data/disk2/home/tony/demo1/model/cheese3d_demo_model/backend/cheese3d_demo_model-houlab-2025-05-28/labeled-data/20250518_B1_ephys-record_awake_002_BC_01-14-48/CollectedData_houlab.h5,22,28
Q1658,3,20250518_B1_ephys-record_awake_002_BC_01-14-48,20440.png,/data/disk2/home/tony/demo1/model/cheese3d_demo_model/backend/cheese3d_demo_model-houlab-2025-05-28/labeled-data/20250518_B1_ephys-record_awake_002_BC_01-14-48/20440.png,/data/disk2/home/tony/demo1/model/cheese3d_demo_model/backend/cheese3d_demo_model-houlab-2025-05-28/labeled-data/20250518_B1_ephys-record_awake_002_BC_01-14-48/CollectedData_houlab.h5,18,28
Q1659,3,20250518_B1_ephys-record_awake_002_BC_01-14-48,20501.png,/data/disk2/home/tony/demo1/model/cheese3d_demo_model/backend/cheese3d_demo_model-houlab-2025-05-28/labeled-data/20250518_B1_ephys-record_awake_002_BC_01-14-48/20501.png,/data/disk2/home/tony/demo1/model/cheese3d_demo_model/backend/cheese3d_demo_model-houlab-2025-05-28/labeled-data/20250518_B1_ephys-record_awake_002_BC_01-14-48/CollectedData_houlab.h5,24,28
Q1660,3,20250518_B1_ephys-record_awake_002_BC_01-14-48,20630.png,/data/disk2/home/tony/demo1/model/cheese3d_demo_model/backend/cheese3d_demo_model-houlab-2025-05-28/labeled-data/20250518_B1_ephys-record_awake_002_BC_01-14-48/20630.png,/data/disk2/home/tony/demo1/model/cheese3d_demo_model/backend/cheese3d_demo_model-houlab-2025-05-28/labeled-data/20250518_B1_ephys-record_awake_002_BC_01-14-48/CollectedData_houlab.h5,27,28
Q1661,3,20250518_B1_ephys-record_awake_002_BC_01-14-48,20651.png,/data/disk2/home/tony/demo1/model/cheese3d_demo_model/backend/cheese3d_demo_model-houlab-2025-05-28/labeled-data/20250518_B1_ephys-record_awake_002_BC_01-14-48/20651.png,/data/disk2/home/tony/demo1/model/cheese3d_demo_model/backend/cheese3d_demo_model-houlab-2025-05-28/labeled-data/20250518_B1_ephys-record_awake_002_BC_01-14-48/CollectedData_houlab.h5,27,28
Q1662,3,20250518_B1_ephys-record_awake_002_BC_01-14-48,21049.png,/data/disk2/home/tony/demo1/model/cheese3d_demo_model/backend/cheese3d_demo_model-houlab-2025-05-28/labeled-data/20250518_B1_ephys-record_awake_002_BC_01-14-48/21049.png,/data/disk2/home/tony/demo1/model/cheese3d_demo_model/backend/cheese3d_demo_model-houlab-2025-05-28/labeled-data/20250518_B1_ephys-record_awake_002_BC_01-14-48/CollectedData_houlab.h5,27,28
Q1663,3,20250518_B1_ephys-record_awake_002_BC_01-14-48,27186.png,/data/disk2/home/tony/demo1/model/cheese3d_demo_model/backend/cheese3d_demo_model-houlab-2025-05-28/labeled-data/20250518_B1_ephys-record_awake_002_BC_01-14-48/27186.png,/data/disk2/home/tony/demo1/model/cheese3d_demo_model/backend/cheese3d_demo_model-houlab-2025-05-28/labeled-data/20250518_B1_ephys-record_awake_002_BC_01-14-48/CollectedData_houlab.h5,24,28
Q1664,3,20250518_B1_ephys-record_awake_002_BC_01-14-48,27231.png,/data/disk2/home/tony/demo1/model/cheese3d_demo_model/backend/cheese3d_demo_model-houlab-2025-05-28/labeled-data/20250518_B1_ephys-record_awake_002_BC_01-14-48/27231.png,/data/disk2/home/tony/demo1/model/cheese3d_demo_model/backend/cheese3d_demo_model-houlab-2025-05-28/labeled-data/20250518_B1_ephys-record_awake_002_BC_01-14-48/CollectedData_houlab.h5,24,28
Q1665,3,20250518_B1_ephys-record_awake_002_BC_01-14-48,27256.png,/data/disk2/home/tony/demo1/model/cheese3d_demo_model/backend/cheese3d_demo_model-houlab-2025-05-28/labeled-data/20250518_B1_ephys-record_awake_002_BC_01-14-48/27256.png,/data/disk2/home/tony/demo1/model/cheese3d_demo_model/backend/cheese3d_demo_model-houlab-2025-05-28/labeled-data/20250518_B1_ephys-record_awake_002_BC_01-14-48/CollectedData_houlab.h5,24,28
Q1666,3,20250518_B1_ephys-record_awake_002_BC_01-14-48,27417.png,/data/disk2/home/tony/demo1/model/cheese3d_demo_model/backend/cheese3d_demo_model-houlab-2025-05-28/labeled-data/20250518_B1_ephys-record_awake_002_BC_01-14-48/27417.png,/data/disk2/home/tony/demo1/model/cheese3d_demo_model/backend/cheese3d_demo_model-houlab-2025-05-28/labeled-data/20250518_B1_ephys-record_awake_002_BC_01-14-48/CollectedData_houlab.h5,24,28
Q1667,3,20250518_B1_ephys-record_awake_002_BC_01-14-48,28902.png,/data/disk2/home/tony/demo1/model/cheese3d_demo_model/backend/cheese3d_demo_model-houlab-2025-05-28/labeled-data/20250518_B1_ephys-record_awake_002_BC_01-14-48/28902.png,/data/disk2/home/tony/demo1/model/cheese3d_demo_model/backend/cheese3d_demo_model-houlab-2025-05-28/labeled-data/20250518_B1_ephys-record_awake_002_BC_01-14-48/CollectedData_houlab.h5,27,28
Q1668,3,20250518_B1_ephys-record_awake_002_BC_01-14-48,62938.png,/data/disk2/home/tony/demo1/model/cheese3d_demo_model/backend/cheese3d_demo_model-houlab-2025-05-28/labeled-data/20250518_B1_ephys-record_awake_002_BC_01-14-48/62938.png,/data/disk2/home/tony/demo1/model/cheese3d_demo_model/backend/cheese3d_demo_model-houlab-2025-05-28/labeled-data/20250518_B1_ephys-record_awake_002_BC_01-14-48/CollectedData_houlab.h5,24,28
Q1669,3,20250518_B1_ephys-record_awake_002_BC_01-14-48,64269.png,/data/disk2/home/tony/demo1/model/cheese3d_demo_model/backend/cheese3d_demo_model-houlab-2025-05-28/labeled-data/20250518_B1_ephys-record_awake_002_BC_01-14-48/64269.png,/data/disk2/home/tony/demo1/model/cheese3d_demo_model/backend/cheese3d_demo_model-houlab-2025-05-28/labeled-data/20250518_B1_ephys-record_awake_002_BC_01-14-48/CollectedData_houlab.h5,25,28
Q1670,3,20250518_B1_ephys-record_awake_002_BC_01-14-48,87657.png,/data/disk2/home/tony/demo1/model/cheese3d_demo_model/backend/cheese3d_demo_model-houlab-2025-05-28/labeled-data/20250518_B1_ephys-record_awake_002_BC_01-14-48/87657.png,/data/disk2/home/tony/demo1/model/cheese3d_demo_model/backend/cheese3d_demo_model-houlab-2025-05-28/labeled-data/20250518_B1_ephys-record_awake_002_BC_01-14-48/CollectedData_houlab.h5,24,28
Q1671,3,20250518_B1_ephys-record_awake_002_L_01-14-48,000.png,/data/disk2/home/tony/demo1/model/cheese3d_demo_model/backend/cheese3d_demo_model-houlab-2025-05-28/labeled-data/20250518_B1_ephys-record_awake_002_L_01-14-48/000.png,/data/disk2/home/tony/demo1/model/cheese3d_demo_model/backend/cheese3d_demo_model-houlab-2025-05-28/labeled-data/20250518_B1_ephys-record_awake_002_L_01-14-48/CollectedData_houlab.h5,17,28
Q1672,3,20250518_B1_ephys-record_awake_002_L_01-14-48,11219.png,/data/disk2/home/tony/demo1/model/cheese3d_demo_model/backend/cheese3d_demo_model-houlab-2025-05-28/labeled-data/20250518_B1_ephys-record_awake_002_L_01-14-48/11219.png,/data/disk2/home/tony/demo1/model/cheese3d_demo_model/backend/cheese3d_demo_model-houlab-2025-05-28/labeled-data/20250518_B1_ephys-record_awake_002_L_01-14-48/CollectedData_houlab.h5,17,28
Q1673,3,20250518_B1_ephys-record_awake_002_L_01-14-48,1331.png,/data/disk2/home/tony/demo1/model/cheese3d_demo_model/backend/cheese3d_demo_model-houlab-2025-05-28/labeled-data/20250518_B1_ephys-record_awake_002_L_01-14-48/1331.png,/data/disk2/home/tony/demo1/model/cheese3d_demo_model/backend/cheese3d_demo_model-houlab-2025-05-28/labeled-data/20250518_B1_ephys-record_awake_002_L_01-14-48/CollectedData_houlab.h5,17,28
Q1674,3,20250518_B1_ephys-record_awake_002_L_01-14-48,20204.png,/data/disk2/home/tony/demo1/model/cheese3d_demo_model/backend/cheese3d_demo_model-houlab-2025-05-28/labeled-data/20250518_B1_ephys-record_awake_002_L_01-14-48/20204.png,/data/disk2/home/tony/demo1/model/cheese3d_demo_model/backend/cheese3d_demo_model-houlab-2025-05-28/labeled-data/20250518_B1_ephys-record_awake_002_L_01-14-48/CollectedData_houlab.h5,17,28
Q1675,3,20250518_B1_ephys-record_awake_002_L_01-14-48,20287.png,/data/disk2/home/tony/demo1/model/cheese3d_demo_model/backend/cheese3d_demo_model-houlab-2025-05-28/labeled-data/20250518_B1_ephys-record_awake_002_L_01-14-48/20287.png,/data/disk2/home/tony/demo1/model/cheese3d_demo_model/backend/cheese3d_demo_model-houlab-2025-05-28/labeled-data/20250518_B1_ephys-record_awake_002_L_01-14-48/CollectedData_houlab.h5,17,28
Q1676,3,20250518_B1_ephys-record_awake_002_L_01-14-48,20302.png,/data/disk2/home/tony/demo1/model/cheese3d_demo_model/backend/cheese3d_demo_model-houlab-2025-05-28/labeled-data/20250518_B1_ephys-record_awake_002_L_01-14-48/20302.png,/data/disk2/home/tony/demo1/model/cheese3d_demo_model/backend/cheese3d_demo_model-houlab-2025-05-28/labeled-data/20250518_B1_ephys-record_awake_002_L_01-14-48/CollectedData_houlab.h5,17,28
Q1677,3,20250518_B1_ephys-record_awake_002_L_01-14-48,20343.png,/data/disk2/home/tony/demo1/model/cheese3d_demo_model/backend/cheese3d_demo_model-houlab-2025-05-28/labeled-data/20250518_B1_ephys-record_awake_002_L_01-14-48/20343.png,/data/disk2/home/tony/demo1/model/cheese3d_demo_model/backend/cheese3d_demo_model-houlab-2025-05-28/labeled-data/20250518_B1_ephys-record_awake_002_L_01-14-48/CollectedData_houlab.h5,17,28
Q1678,3,20250518_B1_ephys-record_awake_002_L_01-14-48,20382.png,/data/disk2/home/tony/demo1/model/cheese3d_demo_model/backend/cheese3d_demo_model-houlab-2025-05-28/labeled-data/20250518_B1_ephys-record_awake_002_L_01-14-48/20382.png,/data/disk2/home/tony/demo1/model/cheese3d_demo_model/backend/cheese3d_demo_model-houlab-2025-05-28/labeled-data/20250518_B1_ephys-record_awake_002_L_01-14-48/CollectedData_houlab.h5,15,28
Q1679,3,20250518_B1_ephys-record_awake_002_L_01-14-48,20440.png,/data/disk2/home/tony/demo1/model/cheese3d_demo_model/backend/cheese3d_demo_model-houlab-2025-05-28/labeled-data/20250518_B1_ephys-record_awake_002_L_01-14-48/20440.png,/data/disk2/home/tony/demo1/model/cheese3d_demo_model/backend/cheese3d_demo_model-houlab-2025-05-28/labeled-data/20250518_B1_ephys-record_awake_002_L_01-14-48/CollectedData_houlab.h5,14,28
Q1680,3,20250518_B1_ephys-record_awake_002_L_01-14-48,20501.png,/data/disk2/home/tony/demo1/model/cheese3d_demo_model/backend/cheese3d_demo_model-houlab-2025-05-28/labeled-data/20250518_B1_ephys-record_awake_002_L_01-14-48/20501.png,/data/disk2/home/tony/demo1/model/cheese3d_demo_model/backend/cheese3d_demo_model-houlab-2025-05-28/labeled-data/20250518_B1_ephys-record_awake_002_L_01-14-48/CollectedData_houlab.h5,17,28
Q1681,3,20250518_B1_ephys-record_awake_002_L_01-14-48,20630.png,/data/disk2/home/tony/demo1/model/cheese3d_demo_model/backend/cheese3d_demo_model-houlab-2025-05-28/labeled-data/20250518_B1_ephys-record_awake_002_L_01-14-48/20630.png,/data/disk2/home/tony/demo1/model/cheese3d_demo_model/backend/cheese3d_demo_model-houlab-2025-05-28/labeled-data/20250518_B1_ephys-record_awake_002_L_01-14-48/CollectedData_houlab.h5,17,28
Q1682,3,20250518_B1_ephys-record_awake_002_L_01-14-48,20651.png,/data/disk2/home/tony/demo1/model/cheese3d_demo_model/backend/cheese3d_demo_model-houlab-2025-05-28/labeled-data/20250518_B1_ephys-record_awake_002_L_01-14-48/20651.png,/data/disk2/home/tony/demo1/model/cheese3d_demo_model/backend/cheese3d_demo_model-houlab-2025-05-28/labeled-data/20250518_B1_ephys-record_awake_002_L_01-14-48/CollectedData_houlab.h5,17,28
Q1683,3,20250518_B1_ephys-record_awake_002_L_01-14-48,21049.png,/data/disk2/home/tony/demo1/model/cheese3d_demo_model/backend/cheese3d_demo_model-houlab-2025-05-28/labeled-data/20250518_B1_ephys-record_awake_002_L_01-14-48/21049.png,/data/disk2/home/tony/demo1/model/cheese3d_demo_model/backend/cheese3d_demo_model-houlab-2025-05-28/labeled-data/20250518_B1_ephys-record_awake_002_L_01-14-48/CollectedData_houlab.h5,17,28
Q1684,3,20250518_B1_ephys-record_awake_002_L_01-14-48,27186.png,/data/disk2/home/tony/demo1/model/cheese3d_demo_model/backend/cheese3d_demo_model-houlab-2025-05-28/labeled-data/20250518_B1_ephys-record_awake_002_L_01-14-48/27186.png,/data/disk2/home/tony/demo1/model/cheese3d_demo_model/backend/cheese3d_demo_model-houlab-2025-05-28/labeled-data/20250518_B1_ephys-record_awake_002_L_01-14-48/CollectedData_houlab.h5,17,28
Q1685,3,20250518_B1_ephys-record_awake_002_L_01-14-48,27231.png,/data/disk2/home/tony/demo1/model/cheese3d_demo_model/backend/cheese3d_demo_model-houlab-2025-05-28/labeled-data/20250518_B1_ephys-record_awake_002_L_01-14-48/27231.png,/data/disk2/home/tony/demo1/model/cheese3d_demo_model/backend/cheese3d_demo_model-houlab-2025-05-28/labeled-data/20250518_B1_ephys-record_awake_002_L_01-14-48/CollectedData_houlab.h5,17,28
Q1686,3,20250518_B1_ephys-record_awake_002_L_01-14-48,27256.png,/data/disk2/home/tony/demo1/model/cheese3d_demo_model/backend/cheese3d_demo_model-houlab-2025-05-28/labeled-data/20250518_B1_ephys-record_awake_002_L_01-14-48/27256.png,/data/disk2/home/tony/demo1/model/cheese3d_demo_model/backend/cheese3d_demo_model-houlab-2025-05-28/labeled-data/20250518_B1_ephys-record_awake_002_L_01-14-48/CollectedData_houlab.h5,17,28
Q1687,3,20250518_B1_ephys-record_awake_002_L_01-14-48,27417.png,/data/disk2/home/tony/demo1/model/cheese3d_demo_model/backend/cheese3d_demo_model-houlab-2025-05-28/labeled-data/20250518_B1_ephys-record_awake_002_L_01-14-48/27417.png,/data/disk2/home/tony/demo1/model/cheese3d_demo_model/backend/cheese3d_demo_model-houlab-2025-05-28/labeled-data/20250518_B1_ephys-record_awake_002_L_01-14-48/CollectedData_houlab.h5,17,28
Q1688,3,20250518_B1_ephys-record_awake_002_L_01-14-48,28902.png,/data/disk2/home/tony/demo1/model/cheese3d_demo_model/backend/cheese3d_demo_model-houlab-2025-05-28/labeled-data/20250518_B1_ephys-record_awake_002_L_01-14-48/28902.png,/data/disk2/home/tony/demo1/model/cheese3d_demo_model/backend/cheese3d_demo_model-houlab-2025-05-28/labeled-data/20250518_B1_ephys-record_awake_002_L_01-14-48/CollectedData_houlab.h5,17,28
Q1689,3,20250518_B1_ephys-record_awake_002_L_01-14-48,62938.png,/data/disk2/home/tony/demo1/model/cheese3d_demo_model/backend/cheese3d_demo_model-houlab-2025-05-28/labeled-data/20250518_B1_ephys-record_awake_002_L_01-14-48/62938.png,/data/disk2/home/tony/demo1/model/cheese3d_demo_model/backend/cheese3d_demo_model-houlab-2025-05-28/labeled-data/20250518_B1_ephys-record_awake_002_L_01-14-48/CollectedData_houlab.h5,17,28
Q1690,3,20250518_B1_ephys-record_awake_002_L_01-14-48,64269.png,/data/disk2/home/tony/demo1/model/cheese3d_demo_model/backend/cheese3d_demo_model-houlab-2025-05-28/labeled-data/20250518_B1_ephys-record_awake_002_L_01-14-48/64269.png,/data/disk2/home/tony/demo1/model/cheese3d_demo_model/backend/cheese3d_demo_model-houlab-2025-05-28/labeled-data/20250518_B1_ephys-record_awake_002_L_01-14-48/CollectedData_houlab.h5,17,28
Q1691,3,20250518_B1_ephys-record_awake_002_L_01-14-48,87657.png,/data/disk2/home/tony/demo1/model/cheese3d_demo_model/backend/cheese3d_demo_model-houlab-2025-05-28/labeled-data/20250518_B1_ephys-record_awake_002_L_01-14-48/87657.png,/data/disk2/home/tony/demo1/model/cheese3d_demo_model/backend/cheese3d_demo_model-houlab-2025-05-28/labeled-data/20250518_B1_ephys-record_awake_002_L_01-14-48/CollectedData_houlab.h5,17,28
Q1692,3,20250518_B1_ephys-record_awake_002_R_01-14-48,000.png,/data/disk2/home/tony/demo1/model/cheese3d_demo_model/backend/cheese3d_demo_model-houlab-2025-05-28/labeled-data/20250518_B1_ephys-record_awake_002_R_01-14-48/000.png,/data/disk2/home/tony/demo1/model/cheese3d_demo_model/backend/cheese3d_demo_model-houlab-2025-05-28/labeled-data/20250518_B1_ephys-record_awake_002_R_01-14-48/CollectedData_houlab.h5,17,28
Q1693,3,20250518_B1_ephys-record_awake_002_R_01-14-48,11219.png,/data/disk2/home/tony/demo1/model/cheese3d_demo_model/backend/cheese3d_demo_model-houlab-2025-05-28/labeled-data/20250518_B1_ephys-record_awake_002_R_01-14-48/11219.png,/data/disk2/home/tony/demo1/model/cheese3d_demo_model/backend/cheese3d_demo_model-houlab-2025-05-28/labeled-data/20250518_B1_ephys-record_awake_002_R_01-14-48/CollectedData_houlab.h5,17,28
Q1694,3,20250518_B1_ephys-record_awake_002_R_01-14-48,1331.png,/data/disk2/home/tony/demo1/model/cheese3d_demo_model/backend/cheese3d_demo_model-houlab-2025-05-28/labeled-data/20250518_B1_ephys-record_awake_002_R_01-14-48/1331.png,/data/disk2/home/tony/demo1/model/cheese3d_demo_model/backend/cheese3d_demo_model-houlab-2025-05-28/labeled-data/20250518_B1_ephys-record_awake_002_R_01-14-48/CollectedData_houlab.h5,17,28
Q1695,3,20250518_B1_ephys-record_awake_002_R_01-14-48,20204.png,/data/disk2/home/tony/demo1/model/cheese3d_demo_model/backend/cheese3d_demo_model-houlab-2025-05-28/labeled-data/20250518_B1_ephys-record_awake_002_R_01-14-48/20204.png,/data/disk2/home/tony/demo1/model/cheese3d_demo_model/backend/cheese3d_demo_model-houlab-2025-05-28/labeled-data/20250518_B1_ephys-record_awake_002_R_01-14-48/CollectedData_houlab.h5,17,28
Q1696,3,20250518_B1_ephys-record_awake_002_R_01-14-48,20287.png,/data/disk2/home/tony/demo1/model/cheese3d_demo_model/backend/cheese3d_demo_model-houlab-2025-05-28/labeled-data/20250518_B1_ephys-record_awake_002_R_01-14-48/20287.png,/data/disk2/home/tony/demo1/model/cheese3d_demo_model/backend/cheese3d_demo_model-houlab-2025-05-28/labeled-data/20250518_B1_ephys-record_awake_002_R_01-14-48/CollectedData_houlab.h5,16,28
Q1697,3,20250518_B1_ephys-record_awake_002_R_01-14-48,20302.png,/data/disk2/home/tony/demo1/model/cheese3d_demo_model/backend/cheese3d_demo_model-houlab-2025-05-28/labeled-data/20250518_B1_ephys-record_awake_002_R_01-14-48/20302.png,/data/disk2/home/tony/demo1/model/cheese3d_demo_model/backend/cheese3d_demo_model-houlab-2025-05-28/labeled-data/20250518_B1_ephys-record_awake_002_R_01-14-48/CollectedData_houlab.h5,14,28
Q1698,3,20250518_B1_ephys-record_awake_002_R_01-14-48,20343.png,/data/disk2/home/tony/demo1/model/cheese3d_demo_model/backend/cheese3d_demo_model-houlab-2025-05-28/labeled-data/20250518_B1_ephys-record_awake_002_R_01-14-48/20343.png,/data/disk2/home/tony/demo1/model/cheese3d_demo_model/backend/cheese3d_demo_model-houlab-2025-05-28/labeled-data/20250518_B1_ephys-record_awake_002_R_01-14-48/CollectedData_houlab.h5,17,28
Q1699,3,20250518_B1_ephys-record_awake_002_R_01-14-48,20382.png,/data/disk2/home/tony/demo1/model/cheese3d_demo_model/backend/cheese3d_demo_model-houlab-2025-05-28/labeled-data/20250518_B1_ephys-record_awake_002_R_01-14-48/20382.png,/data/disk2/home/tony/demo1/model/cheese3d_demo_model/backend/cheese3d_demo_model-houlab-2025-05-28/labeled-data/20250518_B1_ephys-record_awake_002_R_01-14-48/CollectedData_houlab.h5,14,28
Q1700,3,20250518_B1_ephys-record_awake_002_R_01-14-48,20440.png,/data/disk2/home/tony/demo1/model/cheese3d_demo_model/backend/cheese3d_demo_model-houlab-2025-05-28/labeled-data/20250518_B1_ephys-record_awake_002_R_01-14-48/20440.png,/data/disk2/home/tony/demo1/model/cheese3d_demo_model/backend/cheese3d_demo_model-houlab-2025-05-28/labeled-data/20250518_B1_ephys-record_awake_002_R_01-14-48/CollectedData_houlab.h5,14,28
Q1701,3,20250518_B1_ephys-record_awake_002_R_01-14-48,20501.png,/data/disk2/home/tony/demo1/model/cheese3d_demo_model/backend/cheese3d_demo_model-houlab-2025-05-28/labeled-data/20250518_B1_ephys-record_awake_002_R_01-14-48/20501.png,/data/disk2/home/tony/demo1/model/cheese3d_demo_model/backend/cheese3d_demo_model-houlab-2025-05-28/labeled-data/20250518_B1_ephys-record_awake_002_R_01-14-48/CollectedData_houlab.h5,17,28
Q1702,3,20250518_B1_ephys-record_awake_002_R_01-14-48,20630.png,/data/disk2/home/tony/demo1/model/cheese3d_demo_model/backend/cheese3d_demo_model-houlab-2025-05-28/labeled-data/20250518_B1_ephys-record_awake_002_R_01-14-48/20630.png,/data/disk2/home/tony/demo1/model/cheese3d_demo_model/backend/cheese3d_demo_model-houlab-2025-05-28/labeled-data/20250518_B1_ephys-record_awake_002_R_01-14-48/CollectedData_houlab.h5,17,28
Q1703,3,20250518_B1_ephys-record_awake_002_R_01-14-48,20651.png,/data/disk2/home/tony/demo1/model/cheese3d_demo_model/backend/cheese3d_demo_model-houlab-2025-05-28/labeled-data/20250518_B1_ephys-record_awake_002_R_01-14-48/20651.png,/data/disk2/home/tony/demo1/model/cheese3d_demo_model/backend/cheese3d_demo_model-houlab-2025-05-28/labeled-data/20250518_B1_ephys-record_awake_002_R_01-14-48/CollectedData_houlab.h5,17,28
Q1704,3,20250518_B1_ephys-record_awake_002_R_01-14-48,21049.png,/data/disk2/home/tony/demo1/model/cheese3d_demo_model/backend/cheese3d_demo_model-houlab-2025-05-28/labeled-data/20250518_B1_ephys-record_awake_002_R_01-14-48/21049.png,/data/disk2/home/tony/demo1/model/cheese3d_demo_model/backend/cheese3d_demo_model-houlab-2025-05-28/labeled-data/20250518_B1_ephys-record_awake_002_R_01-14-48/CollectedData_houlab.h5,17,28
Q1705,3,20250518_B1_ephys-record_awake_002_R_01-14-48,27186.png,/data/disk2/home/tony/demo1/model/cheese3d_demo_model/backend/cheese3d_demo_model-houlab-2025-05-28/labeled-data/20250518_B1_ephys-record_awake_002_R_01-14-48/27186.png,/data/disk2/home/tony/demo1/model/cheese3d_demo_model/backend/cheese3d_demo_model-houlab-2025-05-28/labeled-data/20250518_B1_ephys-record_awake_002_R_01-14-48/CollectedData_houlab.h5,17,28
Q1706,3,20250518_B1_ephys-record_awake_002_R_01-14-48,27231.png,/data/disk2/home/tony/demo1/model/cheese3d_demo_model/backend/cheese3d_demo_model-houlab-2025-05-28/labeled-data/20250518_B1_ephys-record_awake_002_R_01-14-48/27231.png,/data/disk2/home/tony/demo1/model/cheese3d_demo_model/backend/cheese3d_demo_model-houlab-2025-05-28/labeled-data/20250518_B1_ephys-record_awake_002_R_01-14-48/CollectedData_houlab.h5,17,28
Q1707,3,20250518_B1_ephys-record_awake_002_R_01-14-48,27256.png,/data/disk2/home/tony/demo1/model/cheese3d_demo_model/backend/cheese3d_demo_model-houlab-2025-05-28/labeled-data/20250518_B1_ephys-record_awake_002_R_01-14-48/27256.png,/data/disk2/home/tony/demo1/model/cheese3d_demo_model/backend/cheese3d_demo_model-houlab-2025-05-28/labeled-data/20250518_B1_ephys-record_awake_002_R_01-14-48/CollectedData_houlab.h5,17,28
Q1708,3,20250518_B1_ephys-record_awake_002_R_01-14-48,27417.png,/data/disk2/home/tony/demo1/model/cheese3d_demo_model/backend/cheese3d_demo_model-houlab-2025-05-28/labeled-data/20250518_B1_ephys-record_awake_002_R_01-14-48/27417.png,/data/disk2/home/tony/demo1/model/cheese3d_demo_model/backend/cheese3d_demo_model-houlab-2025-05-28/labeled-data/20250518_B1_ephys-record_awake_002_R_01-14-48/CollectedData_houlab.h5,17,28
Q1709,3,20250518_B1_ephys-record_awake_002_R_01-14-48,28902.png,/data/disk2/home/tony/demo1/model/cheese3d_demo_model/backend/cheese3d_demo_model-houlab-2025-05-28/labeled-data/20250518_B1_ephys-record_awake_002_R_01-14-48/28902.png,/data/disk2/home/tony/demo1/model/cheese3d_demo_model/backend/cheese3d_demo_model-houlab-2025-05-28/labeled-data/20250518_B1_ephys-record_awake_002_R_01-14-48/CollectedData_houlab.h5,17,28
Q1710,3,20250518_B1_ephys-record_awake_002_R_01-14-48,62938.png,/data/disk2/home/tony/demo1/model/cheese3d_demo_model/backend/cheese3d_demo_model-houlab-2025-05-28/labeled-data/20250518_B1_ephys-record_awake_002_R_01-14-48/62938.png,/data/disk2/home/tony/demo1/model/cheese3d_demo_model/backend/cheese3d_demo_model-houlab-2025-05-28/labeled-data/20250518_B1_ephys-record_awake_002_R_01-14-48/CollectedData_houlab.h5,17,28
Q1711,3,20250518_B1_ephys-record_awake_002_R_01-14-48,64269.png,/data/disk2/home/tony/demo1/model/cheese3d_demo_model/backend/cheese3d_demo_model-houlab-2025-05-28/labeled-data/20250518_B1_ephys-record_awake_002_R_01-14-48/64269.png,/data/disk2/home/tony/demo1/model/cheese3d_demo_model/backend/cheese3d_demo_model-houlab-2025-05-28/labeled-data/20250518_B1_ephys-record_awake_002_R_01-14-48/CollectedData_houlab.h5,17,28
Q1712,3,20250518_B1_ephys-record_awake_002_R_01-14-48,87657.png,/data/disk2/home/tony/demo1/model/cheese3d_demo_model/backend/cheese3d_demo_model-houlab-2025-05-28/labeled-data/20250518_B1_ephys-record_awake_002_R_01-14-48/87657.png,/data/disk2/home/tony/demo1/model/cheese3d_demo_model/backend/cheese3d_demo_model-houlab-2025-05-28/labeled-data/20250518_B1_ephys-record_awake_002_R_01-14-48/CollectedData_houlab.h5,17,28
Q1713,3,20250518_B1_ephys-record_awake_002_TC_01-14-48,000.png,/data/disk2/home/tony/demo1/model/cheese3d_demo_model/backend/cheese3d_demo_model-houlab-2025-05-28/labeled-data/20250518_B1_ephys-record_awake_002_TC_01-14-48/000.png,/data/disk2/home/tony/demo1/model/cheese3d_demo_model/backend/cheese3d_demo_model-houlab-2025-05-28/labeled-data/20250518_B1_ephys-record_awake_002_TC_01-14-48/CollectedData_houlab.h5,16,28
Q1714,3,20250518_B1_ephys-record_awake_002_TC_01-14-48,11219.png,/data/disk2/home/tony/demo1/model/cheese3d_demo_model/backend/cheese3d_demo_model-houlab-2025-05-28/labeled-data/20250518_B1_ephys-record_awake_002_TC_01-14-48/11219.png,/data/disk2/home/tony/demo1/model/cheese3d_demo_model/backend/cheese3d_demo_model-houlab-2025-05-28/labeled-data/20250518_B1_ephys-record_awake_002_TC_01-14-48/CollectedData_houlab.h5,16,28
Q1715,3,20250518_B1_ephys-record_awake_002_TC_01-14-48,1331.png,/data/disk2/home/tony/demo1/model/cheese3d_demo_model/backend/cheese3d_demo_model-houlab-2025-05-28/labeled-data/20250518_B1_ephys-record_awake_002_TC_01-14-48/1331.png,/data/disk2/home/tony/demo1/model/cheese3d_demo_model/backend/cheese3d_demo_model-houlab-2025-05-28/labeled-data/20250518_B1_ephys-record_awake_002_TC_01-14-48/CollectedData_houlab.h5,16,28
Q1716,3,20250518_B1_ephys-record_awake_002_TC_01-14-48,20204.png,/data/disk2/home/tony/demo1/model/cheese3d_demo_model/backend/cheese3d_demo_model-houlab-2025-05-28/labeled-data/20250518_B1_ephys-record_awake_002_TC_01-14-48/20204.png,/data/disk2/home/tony/demo1/model/cheese3d_demo_model/backend/cheese3d_demo_model-houlab-2025-05-28/labeled-data/20250518_B1_ephys-record_awake_002_TC_01-14-48/CollectedData_houlab.h5,16,28
Q1717,3,20250518_B1_ephys-record_awake_002_TC_01-14-48,20287.png,/data/disk2/home/tony/demo1/model/cheese3d_demo_model/backend/cheese3d_demo_model-houlab-2025-05-28/labeled-data/20250518_B1_ephys-record_awake_002_TC_01-14-48/20287.png,/data/disk2/home/tony/demo1/model/cheese3d_demo_model/backend/cheese3d_demo_model-houlab-2025-05-28/labeled-data/20250518_B1_ephys-record_awake_002_TC_01-14-48/CollectedData_houlab.h5,15,28
Q1718,3,20250518_B1_ephys-record_awake_002_TC_01-14-48,20302.png,/data/disk2/home/tony/demo1/model/cheese3d_demo_model/backend/cheese3d_demo_model-houlab-2025-05-28/labeled-data/20250518_B1_ephys-record_awake_002_TC_01-14-48/20302.png,/data/disk2/home/tony/demo1/model/cheese3d_demo_model/backend/cheese3d_demo_model-houlab-2025-05-28/labeled-data/20250518_B1_ephys-record_awake_002_TC_01-14-48/CollectedData_houlab.h5,15,28
Q1719,3,20250518_B1_ephys-record_awake_002_TC_01-14-48,20343.png,/data/disk2/home/tony/demo1/model/cheese3d_demo_model/backend/cheese3d_demo_model-houlab-2025-05-28/labeled-data/20250518_B1_ephys-record_awake_002_TC_01-14-48/20343.png,/data/disk2/home/tony/demo1/model/cheese3d_demo_model/backend/cheese3d_demo_model-houlab-2025-05-28/labeled-data/20250518_B1_ephys-record_awake_002_TC_01-14-48/CollectedData_houlab.h5,16,28
Q1720,3,20250518_B1_ephys-record_awake_002_TC_01-14-48,20382.png,/data/disk2/home/tony/demo1/model/cheese3d_demo_model/backend/cheese3d_demo_model-houlab-2025-05-28/labeled-data/20250518_B1_ephys-record_awake_002_TC_01-14-48/20382.png,/data/disk2/home/tony/demo1/model/cheese3d_demo_model/backend/cheese3d_demo_model-houlab-2025-05-28/labeled-data/20250518_B1_ephys-record_awake_002_TC_01-14-48/CollectedData_houlab.h5,15,28
Q1721,3,20250518_B1_ephys-record_awake_002_TC_01-14-48,20440.png,/data/disk2/home/tony/demo1/model/cheese3d_demo_model/backend/cheese3d_demo_model-houlab-2025-05-28/labeled-data/20250518_B1_ephys-record_awake_002_TC_01-14-48/20440.png,/data/disk2/home/tony/demo1/model/cheese3d_demo_model/backend/cheese3d_demo_model-houlab-2025-05-28/labeled-data/20250518_B1_ephys-record_awake_002_TC_01-14-48/CollectedData_houlab.h5,14,28
Q1722,3,20250518_B1_ephys-record_awake_002_TC_01-14-48,20501.png,/data/disk2/home/tony/demo1/model/cheese3d_demo_model/backend/cheese3d_demo_model-houlab-2025-05-28/labeled-data/20250518_B1_ephys-record_awake_002_TC_01-14-48/20501.png,/data/disk2/home/tony/demo1/model/cheese3d_demo_model/backend/cheese3d_demo_model-houlab-2025-05-28/labeled-data/20250518_B1_ephys-record_awake_002_TC_01-14-48/CollectedData_houlab.h5,15,28
Q1723,3,20250518_B1_ephys-record_awake_002_TC_01-14-48,20630.png,/data/disk2/home/tony/demo1/model/cheese3d_demo_model/backend/cheese3d_demo_model-houlab-2025-05-28/labeled-data/20250518_B1_ephys-record_awake_002_TC_01-14-48/20630.png,/data/disk2/home/tony/demo1/model/cheese3d_demo_model/backend/cheese3d_demo_model-houlab-2025-05-28/labeled-data/20250518_B1_ephys-record_awake_002_TC_01-14-48/CollectedData_houlab.h5,16,28
Q1724,3,20250518_B1_ephys-record_awake_002_TC_01-14-48,20651.png,/data/disk2/home/tony/demo1/model/cheese3d_demo_model/backend/cheese3d_demo_model-houlab-2025-05-28/labeled-data/20250518_B1_ephys-record_awake_002_TC_01-14-48/20651.png,/data/disk2/home/tony/demo1/model/cheese3d_demo_model/backend/cheese3d_demo_model-houlab-2025-05-28/labeled-data/20250518_B1_ephys-record_awake_002_TC_01-14-48/CollectedData_houlab.h5,16,28
Q1725,3,20250518_B1_ephys-record_awake_002_TC_01-14-48,21049.png,/data/disk2/home/tony/demo1/model/cheese3d_demo_model/backend/cheese3d_demo_model-houlab-2025-05-28/labeled-data/20250518_B1_ephys-record_awake_002_TC_01-14-48/21049.png,/data/disk2/home/tony/demo1/model/cheese3d_demo_model/backend/cheese3d_demo_model-houlab-2025-05-28/labeled-data/20250518_B1_ephys-record_awake_002_TC_01-14-48/CollectedData_houlab.h5,16,28
Q1726,3,20250518_B1_ephys-record_awake_002_TC_01-14-48,27186.png,/data/disk2/home/tony/demo1/model/cheese3d_demo_model/backend/cheese3d_demo_model-houlab-2025-05-28/labeled-data/20250518_B1_ephys-record_awake_002_TC_01-14-48/27186.png,/data/disk2/home/tony/demo1/model/cheese3d_demo_model/backend/cheese3d_demo_model-houlab-2025-05-28/labeled-data/20250518_B1_ephys-record_awake_002_TC_01-14-48/CollectedData_houlab.h5,15,28
Q1727,3,20250518_B1_ephys-record_awake_002_TC_01-14-48,27231.png,/data/disk2/home/tony/demo1/model/cheese3d_demo_model/backend/cheese3d_demo_model-houlab-2025-05-28/labeled-data/20250518_B1_ephys-record_awake_002_TC_01-14-48/27231.png,/data/disk2/home/tony/demo1/model/cheese3d_demo_model/backend/cheese3d_demo_model-houlab-2025-05-28/labeled-data/20250518_B1_ephys-record_awake_002_TC_01-14-48/CollectedData_houlab.h5,15,28
Q1728,3,20250518_B1_ephys-record_awake_002_TC_01-14-48,27256.png,/data/disk2/home/tony/demo1/model/cheese3d_demo_model/backend/cheese3d_demo_model-houlab-2025-05-28/labeled-data/20250518_B1_ephys-record_awake_002_TC_01-14-48/27256.png,/data/disk2/home/tony/demo1/model/cheese3d_demo_model/backend/cheese3d_demo_model-houlab-2025-05-28/labeled-data/20250518_B1_ephys-record_awake_002_TC_01-14-48/CollectedData_houlab.h5,15,28
Q1729,3,20250518_B1_ephys-record_awake_002_TC_01-14-48,27417.png,/data/disk2/home/tony/demo1/model/cheese3d_demo_model/backend/cheese3d_demo_model-houlab-2025-05-28/labeled-data/20250518_B1_ephys-record_awake_002_TC_01-14-48/27417.png,/data/disk2/home/tony/demo1/model/cheese3d_demo_model/backend/cheese3d_demo_model-houlab-2025-05-28/labeled-data/20250518_B1_ephys-record_awake_002_TC_01-14-48/CollectedData_houlab.h5,15,28
Q1730,3,20250518_B1_ephys-record_awake_002_TC_01-14-48,28902.png,/data/disk2/home/tony/demo1/model/cheese3d_demo_model/backend/cheese3d_demo_model-houlab-2025-05-28/labeled-data/20250518_B1_ephys-record_awake_002_TC_01-14-48/28902.png,/data/disk2/home/tony/demo1/model/cheese3d_demo_model/backend/cheese3d_demo_model-houlab-2025-05-28/labeled-data/20250518_B1_ephys-record_awake_002_TC_01-14-48/CollectedData_houlab.h5,16,28
Q1731,3,20250518_B1_ephys-record_awake_002_TC_01-14-48,62938.png,/data/disk2/home/tony/demo1/model/cheese3d_demo_model/backend/cheese3d_demo_model-houlab-2025-05-28/labeled-data/20250518_B1_ephys-record_awake_002_TC_01-14-48/62938.png,/data/disk2/home/tony/demo1/model/cheese3d_demo_model/backend/cheese3d_demo_model-houlab-2025-05-28/labeled-data/20250518_B1_ephys-record_awake_002_TC_01-14-48/CollectedData_houlab.h5,16,28
Q1732,3,20250518_B1_ephys-record_awake_002_TC_01-14-48,64269.png,/data/disk2/home/tony/demo1/model/cheese3d_demo_model/backend/cheese3d_demo_model-houlab-2025-05-28/labeled-data/20250518_B1_ephys-record_awake_002_TC_01-14-48/64269.png,/data/disk2/home/tony/demo1/model/cheese3d_demo_model/backend/cheese3d_demo_model-houlab-2025-05-28/labeled-data/20250518_B1_ephys-record_awake_002_TC_01-14-48/CollectedData_houlab.h5,16,28
Q1733,3,20250518_B1_ephys-record_awake_002_TC_01-14-48,87657.png,/data/disk2/home/tony/demo1/model/cheese3d_demo_model/backend/cheese3d_demo_model-houlab-2025-05-28/labeled-data/20250518_B1_ephys-record_awake_002_TC_01-14-48/87657.png,/data/disk2/home/tony/demo1/model/cheese3d_demo_model/backend/cheese3d_demo_model-houlab-2025-05-28/labeled-data/20250518_B1_ephys-record_awake_002_TC_01-14-48/CollectedData_houlab.h5,16,28
Q1734,3,20250518_B1_ephys-record_awake_002_TL_01-14-48,000.png,/data/disk2/home/tony/demo1/model/cheese3d_demo_model/backend/cheese3d_demo_model-houlab-2025-05-28/labeled-data/20250518_B1_ephys-record_awake_002_TL_01-14-48/000.png,/data/disk2/home/tony/demo1/model/cheese3d_demo_model/backend/cheese3d_demo_model-houlab-2025-05-28/labeled-data/20250518_B1_ephys-record_awake_002_TL_01-14-48/CollectedData_houlab.h5,14,28
Q1735,3,20250518_B1_ephys-record_awake_002_TL_01-14-48,11219.png,/data/disk2/home/tony/demo1/model/cheese3d_demo_model/backend/cheese3d_demo_model-houlab-2025-05-28/labeled-data/20250518_B1_ephys-record_awake_002_TL_01-14-48/11219.png,/data/disk2/home/tony/demo1/model/cheese3d_demo_model/backend/cheese3d_demo_model-houlab-2025-05-28/labeled-data/20250518_B1_ephys-record_awake_002_TL_01-14-48/CollectedData_houlab.h5,14,28
Q1736,3,20250518_B1_ephys-record_awake_002_TL_01-14-48,1331.png,/data/disk2/home/tony/demo1/model/cheese3d_demo_model/backend/cheese3d_demo_model-houlab-2025-05-28/labeled-data/20250518_B1_ephys-record_awake_002_TL_01-14-48/1331.png,/data/disk2/home/tony/demo1/model/cheese3d_demo_model/backend/cheese3d_demo_model-houlab-2025-05-28/labeled-data/20250518_B1_ephys-record_awake_002_TL_01-14-48/CollectedData_houlab.h5,14,28
Q1737,3,20250518_B1_ephys-record_awake_002_TL_01-14-48,20204.png,/data/disk2/home/tony/demo1/model/cheese3d_demo_model/backend/cheese3d_demo_model-houlab-2025-05-28/labeled-data/20250518_B1_ephys-record_awake_002_TL_01-14-48/20204.png,/data/disk2/home/tony/demo1/model/cheese3d_demo_model/backend/cheese3d_demo_model-houlab-2025-05-28/labeled-data/20250518_B1_ephys-record_awake_002_TL_01-14-48/CollectedData_houlab.h5,13,28
Q1738,3,20250518_B1_ephys-record_awake_002_TL_01-14-48,20287.png,/data/disk2/home/tony/demo1/model/cheese3d_demo_model/backend/cheese3d_demo_model-houlab-2025-05-28/labeled-data/20250518_B1_ephys-record_awake_002_TL_01-14-48/20287.png,/data/disk2/home/tony/demo1/model/cheese3d_demo_model/backend/cheese3d_demo_model-houlab-2025-05-28/labeled-data/20250518_B1_ephys-record_awake_002_TL_01-14-48/CollectedData_houlab.h5,13,28
Q1739,3,20250518_B1_ephys-record_awake_002_TL_01-14-48,20302.png,/data/disk2/home/tony/demo1/model/cheese3d_demo_model/backend/cheese3d_demo_model-houlab-2025-05-28/labeled-data/20250518_B1_ephys-record_awake_002_TL_01-14-48/20302.png,/data/disk2/home/tony/demo1/model/cheese3d_demo_model/backend/cheese3d_demo_model-houlab-2025-05-28/labeled-data/20250518_B1_ephys-record_awake_002_TL_01-14-48/CollectedData_houlab.h5,14,28
Q1740,3,20250518_B1_ephys-record_awake_002_TL_01-14-48,20343.png,/data/disk2/home/tony/demo1/model/cheese3d_demo_model/backend/cheese3d_demo_model-houlab-2025-05-28/labeled-data/20250518_B1_ephys-record_awake_002_TL_01-14-48/20343.png,/data/disk2/home/tony/demo1/model/cheese3d_demo_model/backend/cheese3d_demo_model-houlab-2025-05-28/labeled-data/20250518_B1_ephys-record_awake_002_TL_01-14-48/CollectedData_houlab.h5,14,28
Q1741,3,20250518_B1_ephys-record_awake_002_TL_01-14-48,20382.png,/data/disk2/home/tony/demo1/model/cheese3d_demo_model/backend/cheese3d_demo_model-houlab-2025-05-28/labeled-data/20250518_B1_ephys-record_awake_002_TL_01-14-48/20382.png,/data/disk2/home/tony/demo1/model/cheese3d_demo_model/backend/cheese3d_demo_model-houlab-2025-05-28/labeled-data/20250518_B1_ephys-record_awake_002_TL_01-14-48/CollectedData_houlab.h5,14,28
Q1742,3,20250518_B1_ephys-record_awake_002_TL_01-14-48,20440.png,/data/disk2/home/tony/demo1/model/cheese3d_demo_model/backend/cheese3d_demo_model-houlab-2025-05-28/labeled-data/20250518_B1_ephys-record_awake_002_TL_01-14-48/20440.png,/data/disk2/home/tony/demo1/model/cheese3d_demo_model/backend/cheese3d_demo_model-houlab-2025-05-28/labeled-data/20250518_B1_ephys-record_awake_002_TL_01-14-48/CollectedData_houlab.h5,13,28
Q1743,3,20250518_B1_ephys-record_awake_002_TL_01-14-48,20501.png,/data/disk2/home/tony/demo1/model/cheese3d_demo_model/backend/cheese3d_demo_model-houlab-2025-05-28/labeled-data/20250518_B1_ephys-record_awake_002_TL_01-14-48/20501.png,/data/disk2/home/tony/demo1/model/cheese3d_demo_model/backend/cheese3d_demo_model-houlab-2025-05-28/labeled-data/20250518_B1_ephys-record_awake_002_TL_01-14-48/CollectedData_houlab.h5,14,28
Q1744,3,20250518_B1_ephys-record_awake_002_TL_01-14-48,20630.png,/data/disk2/home/tony/demo1/model/cheese3d_demo_model/backend/cheese3d_demo_model-houlab-2025-05-28/labeled-data/20250518_B1_ephys-record_awake_002_TL_01-14-48/20630.png,/data/disk2/home/tony/demo1/model/cheese3d_demo_model/backend/cheese3d_demo_model-houlab-2025-05-28/labeled-data/20250518_B1_ephys-record_awake_002_TL_01-14-48/CollectedData_houlab.h5,14,28
Q1745,3,20250518_B1_ephys-record_awake_002_TL_01-14-48,20651.png,/data/disk2/home/tony/demo1/model/cheese3d_demo_model/backend/cheese3d_demo_model-houlab-2025-05-28/labeled-data/20250518_B1_ephys-record_awake_002_TL_01-14-48/20651.png,/data/disk2/home/tony/demo1/model/cheese3d_demo_model/backend/cheese3d_demo_model-houlab-2025-05-28/labeled-data/20250518_B1_ephys-record_awake_002_TL_01-14-48/CollectedData_houlab.h5,14,28
Q1746,3,20250518_B1_ephys-record_awake_002_TL_01-14-48,21049.png,/data/disk2/home/tony/demo1/model/cheese3d_demo_model/backend/cheese3d_demo_model-houlab-2025-05-28/labeled-data/20250518_B1_ephys-record_awake_002_TL_01-14-48/21049.png,/data/disk2/home/tony/demo1/model/cheese3d_demo_model/backend/cheese3d_demo_model-houlab-2025-05-28/labeled-data/20250518_B1_ephys-record_awake_002_TL_01-14-48/CollectedData_houlab.h5,14,28
Q1747,3,20250518_B1_ephys-record_awake_002_TL_01-14-48,27186.png,/data/disk2/home/tony/demo1/model/cheese3d_demo_model/backend/cheese3d_demo_model-houlab-2025-05-28/labeled-data/20250518_B1_ephys-record_awake_002_TL_01-14-48/27186.png,/data/disk2/home/tony/demo1/model/cheese3d_demo_model/backend/cheese3d_demo_model-houlab-2025-05-28/labeled-data/20250518_B1_ephys-record_awake_002_TL_01-14-48/CollectedData_houlab.h5,14,28
Q1748,3,20250518_B1_ephys-record_awake_002_TL_01-14-48,27231.png,/data/disk2/home/tony/demo1/model/cheese3d_demo_model/backend/cheese3d_demo_model-houlab-2025-05-28/labeled-data/20250518_B1_ephys-record_awake_002_TL_01-14-48/27231.png,/data/disk2/home/tony/demo1/model/cheese3d_demo_model/backend/cheese3d_demo_model-houlab-2025-05-28/labeled-data/20250518_B1_ephys-record_awake_002_TL_01-14-48/CollectedData_houlab.h5,14,28
Q1749,3,20250518_B1_ephys-record_awake_002_TL_01-14-48,27256.png,/data/disk2/home/tony/demo1/model/cheese3d_demo_model/backend/cheese3d_demo_model-houlab-2025-05-28/labeled-data/20250518_B1_ephys-record_awake_002_TL_01-14-48/27256.png,/data/disk2/home/tony/demo1/model/cheese3d_demo_model/backend/cheese3d_demo_model-houlab-2025-05-28/labeled-data/20250518_B1_ephys-record_awake_002_TL_01-14-48/CollectedData_houlab.h5,14,28
Q1750,3,20250518_B1_ephys-record_awake_002_TL_01-14-48,27417.png,/data/disk2/home/tony/demo1/model/cheese3d_demo_model/backend/cheese3d_demo_model-houlab-2025-05-28/labeled-data/20250518_B1_ephys-record_awake_002_TL_01-14-48/27417.png,/data/disk2/home/tony/demo1/model/cheese3d_demo_model/backend/cheese3d_demo_model-houlab-2025-05-28/labeled-data/20250518_B1_ephys-record_awake_002_TL_01-14-48/CollectedData_houlab.h5,14,28
Q1751,3,20250518_B1_ephys-record_awake_002_TL_01-14-48,28902.png,/data/disk2/home/tony/demo1/model/cheese3d_demo_model/backend/cheese3d_demo_model-houlab-2025-05-28/labeled-data/20250518_B1_ephys-record_awake_002_TL_01-14-48/28902.png,/data/disk2/home/tony/demo1/model/cheese3d_demo_model/backend/cheese3d_demo_model-houlab-2025-05-28/labeled-data/20250518_B1_ephys-record_awake_002_TL_01-14-48/CollectedData_houlab.h5,14,28
Q1752,3,20250518_B1_ephys-record_awake_002_TL_01-14-48,62938.png,/data/disk2/home/tony/demo1/model/cheese3d_demo_model/backend/cheese3d_demo_model-houlab-2025-05-28/labeled-data/20250518_B1_ephys-record_awake_002_TL_01-14-48/62938.png,/data/disk2/home/tony/demo1/model/cheese3d_demo_model/backend/cheese3d_demo_model-houlab-2025-05-28/labeled-data/20250518_B1_ephys-record_awake_002_TL_01-14-48/CollectedData_houlab.h5,14,28
Q1753,3,20250518_B1_ephys-record_awake_002_TL_01-14-48,64269.png,/data/disk2/home/tony/demo1/model/cheese3d_demo_model/backend/cheese3d_demo_model-houlab-2025-05-28/labeled-data/20250518_B1_ephys-record_awake_002_TL_01-14-48/64269.png,/data/disk2/home/tony/demo1/model/cheese3d_demo_model/backend/cheese3d_demo_model-houlab-2025-05-28/labeled-data/20250518_B1_ephys-record_awake_002_TL_01-14-48/CollectedData_houlab.h5,14,28
Q1754,3,20250518_B1_ephys-record_awake_002_TL_01-14-48,87657.png,/data/disk2/home/tony/demo1/model/cheese3d_demo_model/backend/cheese3d_demo_model-houlab-2025-05-28/labeled-data/20250518_B1_ephys-record_awake_002_TL_01-14-48/87657.png,/data/disk2/home/tony/demo1/model/cheese3d_demo_model/backend/cheese3d_demo_model-houlab-2025-05-28/labeled-data/20250518_B1_ephys-record_awake_002_TL_01-14-48/CollectedData_houlab.h5,14,28
Q1755,3,20250518_B1_ephys-record_awake_002_TR_01-14-48,000.png,/data/disk2/home/tony/demo1/model/cheese3d_demo_model/backend/cheese3d_demo_model-houlab-2025-05-28/labeled-data/20250518_B1_ephys-record_awake_002_TR_01-14-48/000.png,/data/disk2/home/tony/demo1/model/cheese3d_demo_model/backend/cheese3d_demo_model-houlab-2025-05-28/labeled-data/20250518_B1_ephys-record_awake_002_TR_01-14-48/CollectedData_houlab.h5,13,28
Q1756,3,20250518_B1_ephys-record_awake_002_TR_01-14-48,11219.png,/data/disk2/home/tony/demo1/model/cheese3d_demo_model/backend/cheese3d_demo_model-houlab-2025-05-28/labeled-data/20250518_B1_ephys-record_awake_002_TR_01-14-48/11219.png,/data/disk2/home/tony/demo1/model/cheese3d_demo_model/backend/cheese3d_demo_model-houlab-2025-05-28/labeled-data/20250518_B1_ephys-record_awake_002_TR_01-14-48/CollectedData_houlab.h5,13,28
Q1757,3,20250518_B1_ephys-record_awake_002_TR_01-14-48,1331.png,/data/disk2/home/tony/demo1/model/cheese3d_demo_model/backend/cheese3d_demo_model-houlab-2025-05-28/labeled-data/20250518_B1_ephys-record_awake_002_TR_01-14-48/1331.png,/data/disk2/home/tony/demo1/model/cheese3d_demo_model/backend/cheese3d_demo_model-houlab-2025-05-28/labeled-data/20250518_B1_ephys-record_awake_002_TR_01-14-48/CollectedData_houlab.h5,13,28
Q1758,3,20250518_B1_ephys-record_awake_002_TR_01-14-48,20204.png,/data/disk2/home/tony/demo1/model/cheese3d_demo_model/backend/cheese3d_demo_model-houlab-2025-05-28/labeled-data/20250518_B1_ephys-record_awake_002_TR_01-14-48/20204.png,/data/disk2/home/tony/demo1/model/cheese3d_demo_model/backend/cheese3d_demo_model-houlab-2025-05-28/labeled-data/20250518_B1_ephys-record_awake_002_TR_01-14-48/CollectedData_houlab.h5,13,28
Q1759,3,20250518_B1_ephys-record_awake_002_TR_01-14-48,20287.png,/data/disk2/home/tony/demo1/model/cheese3d_demo_model/backend/cheese3d_demo_model-houlab-2025-05-28/labeled-data/20250518_B1_ephys-record_awake_002_TR_01-14-48/20287.png,/data/disk2/home/tony/demo1/model/cheese3d_demo_model/backend/cheese3d_demo_model-houlab-2025-05-28/labeled-data/20250518_B1_ephys-record_awake_002_TR_01-14-48/CollectedData_houlab.h5,9,28
Q1760,3,20250518_B1_ephys-record_awake_002_TR_01-14-48,20302.png,/data/disk2/home/tony/demo1/model/cheese3d_demo_model/backend/cheese3d_demo_model-houlab-2025-05-28/labeled-data/20250518_B1_ephys-record_awake_002_TR_01-14-48/20302.png,/data/disk2/home/tony/demo1/model/cheese3d_demo_model/backend/cheese3d_demo_model-houlab-2025-05-28/labeled-data/20250518_B1_ephys-record_awake_002_TR_01-14-48/CollectedData_houlab.h5,13,28
Q1761,3,20250518_B1_ephys-record_awake_002_TR_01-14-48,20343.png,/data/disk2/home/tony/demo1/model/cheese3d_demo_model/backend/cheese3d_demo_model-houlab-2025-05-28/labeled-data/20250518_B1_ephys-record_awake_002_TR_01-14-48/20343.png,/data/disk2/home/tony/demo1/model/cheese3d_demo_model/backend/cheese3d_demo_model-houlab-2025-05-28/labeled-data/20250518_B1_ephys-record_awake_002_TR_01-14-48/CollectedData_houlab.h5,13,28
Q1762,3,20250518_B1_ephys-record_awake_002_TR_01-14-48,20382.png,/data/disk2/home/tony/demo1/model/cheese3d_demo_model/backend/cheese3d_demo_model-houlab-2025-05-28/labeled-data/20250518_B1_ephys-record_awake_002_TR_01-14-48/20382.png,/data/disk2/home/tony/demo1/model/cheese3d_demo_model/backend/cheese3d_demo_model-houlab-2025-05-28/labeled-data/20250518_B1_ephys-record_awake_002_TR_01-14-48/CollectedData_houlab.h5,13,28
Q1763,3,20250518_B1_ephys-record_awake_002_TR_01-14-48,20440.png,/data/disk2/home/tony/demo1/model/cheese3d_demo_model/backend/cheese3d_demo_model-houlab-2025-05-28/labeled-data/20250518_B1_ephys-record_awake_002_TR_01-14-48/20440.png,/data/disk2/home/tony/demo1/model/cheese3d_demo_model/backend/cheese3d_demo_model-houlab-2025-05-28/labeled-data/20250518_B1_ephys-record_awake_002_TR_01-14-48/CollectedData_houlab.h5,13,28
Q1764,3,20250518_B1_ephys-record_awake_002_TR_01-14-48,20501.png,/data/disk2/home/tony/demo1/model/cheese3d_demo_model/backend/cheese3d_demo_model-houlab-2025-05-28/labeled-data/20250518_B1_ephys-record_awake_002_TR_01-14-48/20501.png,/data/disk2/home/tony/demo1/model/cheese3d_demo_model/backend/cheese3d_demo_model-houlab-2025-05-28/labeled-data/20250518_B1_ephys-record_awake_002_TR_01-14-48/CollectedData_houlab.h5,13,28
Q1765,3,20250518_B1_ephys-record_awake_002_TR_01-14-48,20630.png,/data/disk2/home/tony/demo1/model/cheese3d_demo_model/backend/cheese3d_demo_model-houlab-2025-05-28/labeled-data/20250518_B1_ephys-record_awake_002_TR_01-14-48/20630.png,/data/disk2/home/tony/demo1/model/cheese3d_demo_model/backend/cheese3d_demo_model-houlab-2025-05-28/labeled-data/20250518_B1_ephys-record_awake_002_TR_01-14-48/CollectedData_houlab.h5,13,28
Q1766,3,20250518_B1_ephys-record_awake_002_TR_01-14-48,20651.png,/data/disk2/home/tony/demo1/model/cheese3d_demo_model/backend/cheese3d_demo_model-houlab-2025-05-28/labeled-data/20250518_B1_ephys-record_awake_002_TR_01-14-48/20651.png,/data/disk2/home/tony/demo1/model/cheese3d_demo_model/backend/cheese3d_demo_model-houlab-2025-05-28/labeled-data/20250518_B1_ephys-record_awake_002_TR_01-14-48/CollectedData_houlab.h5,13,28
Q1767,3,20250518_B1_ephys-record_awake_002_TR_01-14-48,21049.png,/data/disk2/home/tony/demo1/model/cheese3d_demo_model/backend/cheese3d_demo_model-houlab-2025-05-28/labeled-data/20250518_B1_ephys-record_awake_002_TR_01-14-48/21049.png,/data/disk2/home/tony/demo1/model/cheese3d_demo_model/backend/cheese3d_demo_model-houlab-2025-05-28/labeled-data/20250518_B1_ephys-record_awake_002_TR_01-14-48/CollectedData_houlab.h5,13,28
Q1768,3,20250518_B1_ephys-record_awake_002_TR_01-14-48,27186.png,/data/disk2/home/tony/demo1/model/cheese3d_demo_model/backend/cheese3d_demo_model-houlab-2025-05-28/labeled-data/20250518_B1_ephys-record_awake_002_TR_01-14-48/27186.png,/data/disk2/home/tony/demo1/model/cheese3d_demo_model/backend/cheese3d_demo_model-houlab-2025-05-28/labeled-data/20250518_B1_ephys-record_awake_002_TR_01-14-48/CollectedData_houlab.h5,13,28
Q1769,3,20250518_B1_ephys-record_awake_002_TR_01-14-48,27231.png,/data/disk2/home/tony/demo1/model/cheese3d_demo_model/backend/cheese3d_demo_model-houlab-2025-05-28/labeled-data/20250518_B1_ephys-record_awake_002_TR_01-14-48/27231.png,/data/disk2/home/tony/demo1/model/cheese3d_demo_model/backend/cheese3d_demo_model-houlab-2025-05-28/labeled-data/20250518_B1_ephys-record_awake_002_TR_01-14-48/CollectedData_houlab.h5,13,28
Q1770,3,20250518_B1_ephys-record_awake_002_TR_01-14-48,27256.png,/data/disk2/home/tony/demo1/model/cheese3d_demo_model/backend/cheese3d_demo_model-houlab-2025-05-28/labeled-data/20250518_B1_ephys-record_awake_002_TR_01-14-48/27256.png,/data/disk2/home/tony/demo1/model/cheese3d_demo_model/backend/cheese3d_demo_model-houlab-2025-05-28/labeled-data/20250518_B1_ephys-record_awake_002_TR_01-14-48/CollectedData_houlab.h5,13,28
Q1771,3,20250518_B1_ephys-record_awake_002_TR_01-14-48,27417.png,/data/disk2/home/tony/demo1/model/cheese3d_demo_model/backend/cheese3d_demo_model-houlab-2025-05-28/labeled-data/20250518_B1_ephys-record_awake_002_TR_01-14-48/27417.png,/data/disk2/home/tony/demo1/model/cheese3d_demo_model/backend/cheese3d_demo_model-houlab-2025-05-28/labeled-data/20250518_B1_ephys-record_awake_002_TR_01-14-48/CollectedData_houlab.h5,13,28
Q1772,3,20250518_B1_ephys-record_awake_002_TR_01-14-48,28902.png,/data/disk2/home/tony/demo1/model/cheese3d_demo_model/backend/cheese3d_demo_model-houlab-2025-05-28/labeled-data/20250518_B1_ephys-record_awake_002_TR_01-14-48/28902.png,/data/disk2/home/tony/demo1/model/cheese3d_demo_model/backend/cheese3d_demo_model-houlab-2025-05-28/labeled-data/20250518_B1_ephys-record_awake_002_TR_01-14-48/CollectedData_houlab.h5,13,28
Q1773,3,20250518_B1_ephys-record_awake_002_TR_01-14-48,62938.png,/data/disk2/home/tony/demo1/model/cheese3d_demo_model/backend/cheese3d_demo_model-houlab-2025-05-28/labeled-data/20250518_B1_ephys-record_awake_002_TR_01-14-48/62938.png,/data/disk2/home/tony/demo1/model/cheese3d_demo_model/backend/cheese3d_demo_model-houlab-2025-05-28/labeled-data/20250518_B1_ephys-record_awake_002_TR_01-14-48/CollectedData_houlab.h5,13,28
Q1774,3,20250518_B1_ephys-record_awake_002_TR_01-14-48,64269.png,/data/disk2/home/tony/demo1/model/cheese3d_demo_model/backend/cheese3d_demo_model-houlab-2025-05-28/labeled-data/20250518_B1_ephys-record_awake_002_TR_01-14-48/64269.png,/data/disk2/home/tony/demo1/model/cheese3d_demo_model/backend/cheese3d_demo_model-houlab-2025-05-28/labeled-data/20250518_B1_ephys-record_awake_002_TR_01-14-48/CollectedData_houlab.h5,13,28
Q1775,3,20250518_B1_ephys-record_awake_002_TR_01-14-48,87657.png,/data/disk2/home/tony/demo1/model/cheese3d_demo_model/backend/cheese3d_demo_model-houlab-2025-05-28/labeled-data/20250518_B1_ephys-record_awake_002_TR_01-14-48/87657.png,/data/disk2/home/tony/demo1/model/cheese3d_demo_model/backend/cheese3d_demo_model-houlab-2025-05-28/labeled-data/20250518_B1_ephys-record_awake_002_TR_01-14-48/CollectedData_houlab.h5,13,28
Q1776,3,20250521_B1_ephys-record_awake_000_BC_19-43-23,img016248.png,/data/disk2/home/tony/demo1/model/cheese3d_demo_model/backend/cheese3d_demo_model-houlab-2025-05-28/labeled-data/20250521_B1_ephys-record_awake_000_BC_19-43-23/img016248.png,/data/disk2/home/tony/demo1/model/cheese3d_demo_model/backend/cheese3d_demo_model-houlab-2025-05-28/labeled-data/20250521_B1_ephys-record_awake_000_BC_19-43-23/CollectedData_houlab.h5,11,28
Q1777,3,20250521_B1_ephys-record_awake_000_BC_19-43-23,img020504.png,/data/disk2/home/tony/demo1/model/cheese3d_demo_model/backend/cheese3d_demo_model-houlab-2025-05-28/labeled-data/20250521_B1_ephys-record_awake_000_BC_19-43-23/img020504.png,/data/disk2/home/tony/demo1/model/cheese3d_demo_model/backend/cheese3d_demo_model-houlab-2025-05-28/labeled-data/20250521_B1_ephys-record_awake_000_BC_19-43-23/CollectedData_houlab.h5,11,28
Q1778,3,20250521_B1_ephys-record_awake_000_BC_19-43-23,img024308.png,/data/disk2/home/tony/demo1/model/cheese3d_demo_model/backend/cheese3d_demo_model-houlab-2025-05-28/labeled-data/20250521_B1_ephys-record_awake_000_BC_19-43-23/img024308.png,/data/disk2/home/tony/demo1/model/cheese3d_demo_model/backend/cheese3d_demo_model-houlab-2025-05-28/labeled-data/20250521_B1_ephys-record_awake_000_BC_19-43-23/CollectedData_houlab.h5,11,28
Q1779,3,20250521_B1_ephys-record_awake_000_BC_19-43-23,img025034.png,/data/disk2/home/tony/demo1/model/cheese3d_demo_model/backend/cheese3d_demo_model-houlab-2025-05-28/labeled-data/20250521_B1_ephys-record_awake_000_BC_19-43-23/img025034.png,/data/disk2/home/tony/demo1/model/cheese3d_demo_model/backend/cheese3d_demo_model-houlab-2025-05-28/labeled-data/20250521_B1_ephys-record_awake_000_BC_19-43-23/CollectedData_houlab.h5,11,28
Q1780,3,20250521_B1_ephys-record_awake_000_BC_19-43-23,img048749.png,/data/disk2/home/tony/demo1/model/cheese3d_demo_model/backend/cheese3d_demo_model-houlab-2025-05-28/labeled-data/20250521_B1_ephys-record_awake_000_BC_19-43-23/img048749.png,/data/disk2/home/tony/demo1/model/cheese3d_demo_model/backend/cheese3d_demo_model-houlab-2025-05-28/labeled-data/20250521_B1_ephys-record_awake_000_BC_19-43-23/CollectedData_houlab.h5,9,28
Q1781,3,20250521_B1_ephys-record_awake_000_BC_19-43-23,img048868.png,/data/disk2/home/tony/demo1/model/cheese3d_demo_model/backend/cheese3d_demo_model-houlab-2025-05-28/labeled-data/20250521_B1_ephys-record_awake_000_BC_19-43-23/img048868.png,/data/disk2/home/tony/demo1/model/cheese3d_demo_model/backend/cheese3d_demo_model-houlab-2025-05-28/labeled-data/20250521_B1_ephys-record_awake_000_BC_19-43-23/CollectedData_houlab.h5,8,28
Q1782,3,20250521_B1_ephys-record_awake_000_BC_19-43-23,img049099.png,/data/disk2/home/tony/demo1/model/cheese3d_demo_model/backend/cheese3d_demo_model-houlab-2025-05-28/labeled-data/20250521_B1_ephys-record_awake_000_BC_19-43-23/img049099.png,/data/disk2/home/tony/demo1/model/cheese3d_demo_model/backend/cheese3d_demo_model-houlab-2025-05-28/labeled-data/20250521_B1_ephys-record_awake_000_BC_19-43-23/CollectedData_houlab.h5,10,28
Q1783,3,20250521_B1_ephys-record_awake_000_BC_19-43-23,img049169.png,/data/disk2/home/tony/demo1/model/cheese3d_demo_model/backend/cheese3d_demo_model-houlab-2025-05-28/labeled-data/20250521_B1_ephys-record_awake_000_BC_19-43-23/img049169.png,/data/disk2/home/tony/demo1/model/cheese3d_demo_model/backend/cheese3d_demo_model-houlab-2025-05-28/labeled-data/20250521_B1_ephys-record_awake_000_BC_19-43-23/CollectedData_houlab.h5,8,28
Q1784,3,20250521_B1_ephys-record_awake_000_BC_19-43-23,img054883.png,/data/disk2/home/tony/demo1/model/cheese3d_demo_model/backend/cheese3d_demo_model-houlab-2025-05-28/labeled-data/20250521_B1_ephys-record_awake_000_BC_19-43-23/img054883.png,/data/disk2/home/tony/demo1/model/cheese3d_demo_model/backend/cheese3d_demo_model-houlab-2025-05-28/labeled-data/20250521_B1_ephys-record_awake_000_BC_19-43-23/CollectedData_houlab.h5,11,28
Q1785,3,20250521_B1_ephys-record_awake_000_BC_19-43-23,img116826.png,/data/disk2/home/tony/demo1/model/cheese3d_demo_model/backend/cheese3d_demo_model-houlab-2025-05-28/labeled-data/20250521_B1_ephys-record_awake_000_BC_19-43-23/img116826.png,/data/disk2/home/tony/demo1/model/cheese3d_demo_model/backend/cheese3d_demo_model-houlab-2025-05-28/labeled-data/20250521_B1_ephys-record_awake_000_BC_19-43-23/CollectedData_houlab.h5,11,28
Q1786,3,20250521_B1_ephys-record_awake_000_L_19-43-23,img038215.png,/data/disk2/home/tony/demo1/model/cheese3d_demo_model/backend/cheese3d_demo_model-houlab-2025-05-28/labeled-data/20250521_B1_ephys-record_awake_000_L_19-43-23/img038215.png,/data/disk2/home/tony/demo1/model/cheese3d_demo_model/backend/cheese3d_demo_model-houlab-2025-05-28/labeled-data/20250521_B1_ephys-record_awake_000_L_19-43-23/CollectedData_houlab.h5,16,28
Q1787,3,20250521_B1_ephys-record_awake_000_L_19-43-23,img048772.png,/data/disk2/home/tony/demo1/model/cheese3d_demo_model/backend/cheese3d_demo_model-houlab-2025-05-28/labeled-data/20250521_B1_ephys-record_awake_000_L_19-43-23/img048772.png,/data/disk2/home/tony/demo1/model/cheese3d_demo_model/backend/cheese3d_demo_model-houlab-2025-05-28/labeled-data/20250521_B1_ephys-record_awake_000_L_19-43-23/CollectedData_houlab.h5,14,28
Q1788,3,20250521_B1_ephys-record_awake_000_L_19-43-23,img048891.png,/data/disk2/home/tony/demo1/model/cheese3d_demo_model/backend/cheese3d_demo_model-houlab-2025-05-28/labeled-data/20250521_B1_ephys-record_awake_000_L_19-43-23/img048891.png,/data/disk2/home/tony/demo1/model/cheese3d_demo_model/backend/cheese3d_demo_model-houlab-2025-05-28/labeled-data/20250521_B1_ephys-record_awake_000_L_19-43-23/CollectedData_houlab.h5,16,28
Q1789,3,20250521_B1_ephys-record_awake_000_L_19-43-23,img048939.png,/data/disk2/home/tony/demo1/model/cheese3d_demo_model/backend/cheese3d_demo_model-houlab-2025-05-28/labeled-data/20250521_B1_ephys-record_awake_000_L_19-43-23/img048939.png,/data/disk2/home/tony/demo1/model/cheese3d_demo_model/backend/cheese3d_demo_model-houlab-2025-05-28/labeled-data/20250521_B1_ephys-record_awake_000_L_19-43-23/CollectedData_houlab.h5,12,28
Q1790,3,20250521_B1_ephys-record_awake_000_L_19-43-23,img049184.png,/data/disk2/home/tony/demo1/model/cheese3d_demo_model/backend/cheese3d_demo_model-houlab-2025-05-28/labeled-data/20250521_B1_ephys-record_awake_000_L_19-43-23/img049184.png,/data/disk2/home/tony/demo1/model/cheese3d_demo_model/backend/cheese3d_demo_model-houlab-2025-05-28/labeled-data/20250521_B1_ephys-record_awake_000_L_19-43-23/CollectedData_houlab.h5,15,28
Q1791,3,20250521_B1_ephys-record_awake_000_L_19-43-23,img050578.png,/data/disk2/home/tony/demo1/model/cheese3d_demo_model/backend/cheese3d_demo_model-houlab-2025-05-28/labeled-data/20250521_B1_ephys-record_awake_000_L_19-43-23/img050578.png,/data/disk2/home/tony/demo1/model/cheese3d_demo_model/backend/cheese3d_demo_model-houlab-2025-05-28/labeled-data/20250521_B1_ephys-record_awake_000_L_19-43-23/CollectedData_houlab.h5,16,28
Q1792,3,20250521_B1_ephys-record_awake_000_L_19-43-23,img054307.png,/data/disk2/home/tony/demo1/model/cheese3d_demo_model/backend/cheese3d_demo_model-houlab-2025-05-28/labeled-data/20250521_B1_ephys-record_awake_000_L_19-43-23/img054307.png,/data/disk2/home/tony/demo1/model/cheese3d_demo_model/backend/cheese3d_demo_model-houlab-2025-05-28/labeled-data/20250521_B1_ephys-record_awake_000_L_19-43-23/CollectedData_houlab.h5,16,28
Q1793,3,20250521_B1_ephys-record_awake_000_L_19-43-23,img064937.png,/data/disk2/home/tony/demo1/model/cheese3d_demo_model/backend/cheese3d_demo_model-houlab-2025-05-28/labeled-data/20250521_B1_ephys-record_awake_000_L_19-43-23/img064937.png,/data/disk2/home/tony/demo1/model/cheese3d_demo_model/backend/cheese3d_demo_model-houlab-2025-05-28/labeled-data/20250521_B1_ephys-record_awake_000_L_19-43-23/CollectedData_houlab.h5,16,28
Q1794,3,20250521_B1_ephys-record_awake_000_L_19-43-23,img076786.png,/data/disk2/home/tony/demo1/model/cheese3d_demo_model/backend/cheese3d_demo_model-houlab-2025-05-28/labeled-data/20250521_B1_ephys-record_awake_000_L_19-43-23/img076786.png,/data/disk2/home/tony/demo1/model/cheese3d_demo_model/backend/cheese3d_demo_model-houlab-2025-05-28/labeled-data/20250521_B1_ephys-record_awake_000_L_19-43-23/CollectedData_houlab.h5,14,28
Q1795,3,20250521_B1_ephys-record_awake_000_L_19-43-23,img092484.png,/data/disk2/home/tony/demo1/model/cheese3d_demo_model/backend/cheese3d_demo_model-houlab-2025-05-28/labeled-data/20250521_B1_ephys-record_awake_000_L_19-43-23/img092484.png,/data/disk2/home/tony/demo1/model/cheese3d_demo_model/backend/cheese3d_demo_model-houlab-2025-05-28/labeled-data/20250521_B1_ephys-record_awake_000_L_19-43-23/CollectedData_houlab.h5,16,28
Q1796,3,20250521_B1_ephys-record_awake_000_R_19-43-23,img016115.png,/data/disk2/home/tony/demo1/model/cheese3d_demo_model/backend/cheese3d_demo_model-houlab-2025-05-28/labeled-data/20250521_B1_ephys-record_awake_000_R_19-43-23/img016115.png,/data/disk2/home/tony/demo1/model/cheese3d_demo_model/backend/cheese3d_demo_model-houlab-2025-05-28/labeled-data/20250521_B1_ephys-record_awake_000_R_19-43-23/CollectedData_houlab.h5,16,28
Q1797,3,20250521_B1_ephys-record_awake_000_R_19-43-23,img048695.png,/data/disk2/home/tony/demo1/model/cheese3d_demo_model/backend/cheese3d_demo_model-houlab-2025-05-28/labeled-data/20250521_B1_ephys-record_awake_000_R_19-43-23/img048695.png,/data/disk2/home/tony/demo1/model/cheese3d_demo_model/backend/cheese3d_demo_model-houlab-2025-05-28/labeled-data/20250521_B1_ephys-record_awake_000_R_19-43-23/CollectedData_houlab.h5,16,28
Q1798,3,20250521_B1_ephys-record_awake_000_R_19-43-23,img048761.png,/data/disk2/home/tony/demo1/model/cheese3d_demo_model/backend/cheese3d_demo_model-houlab-2025-05-28/labeled-data/20250521_B1_ephys-record_awake_000_R_19-43-23/img048761.png,/data/disk2/home/tony/demo1/model/cheese3d_demo_model/backend/cheese3d_demo_model-houlab-2025-05-28/labeled-data/20250521_B1_ephys-record_awake_000_R_19-43-23/CollectedData_houlab.h5,13,28
Q1799,3,20250521_B1_ephys-record_awake_000_R_19-43-23,img048813.png,/data/disk2/home/tony/demo1/model/cheese3d_demo_model/backend/cheese3d_demo_model-houlab-2025-05-28/labeled-data/20250521_B1_ephys-record_awake_000_R_19-43-23/img048813.png,/data/disk2/home/tony/demo1/model/cheese3d_demo_model/backend/cheese3d_demo_model-houlab-2025-05-28/labeled-data/20250521_B1_ephys-record_awake_000_R_19-43-23/CollectedData_houlab.h5,13,28
Q1800,3,20250521_B1_ephys-record_awake_000_R_19-43-23,img048963.png,/data/disk2/home/tony/demo1/model/cheese3d_demo_model/backend/cheese3d_demo_model-houlab-2025-05-28/labeled-data/20250521_B1_ephys-record_awake_000_R_19-43-23/img048963.png,/data/disk2/home/tony/demo1/model/cheese3d_demo_model/backend/cheese3d_demo_model-houlab-2025-05-28/labeled-data/20250521_B1_ephys-record_awake_000_R_19-43-23/CollectedData_houlab.h5,16,28
Q1801,3,20250521_B1_ephys-record_awake_000_R_19-43-23,img049041.png,/data/disk2/home/tony/demo1/model/cheese3d_demo_model/backend/cheese3d_demo_model-houlab-2025-05-28/labeled-data/20250521_B1_ephys-record_awake_000_R_19-43-23/img049041.png,/data/disk2/home/tony/demo1/model/cheese3d_demo_model/backend/cheese3d_demo_model-houlab-2025-05-28/labeled-data/20250521_B1_ephys-record_awake_000_R_19-43-23/CollectedData_houlab.h5,12,28
Q1802,3,20250521_B1_ephys-record_awake_000_R_19-43-23,img071723.png,/data/disk2/home/tony/demo1/model/cheese3d_demo_model/backend/cheese3d_demo_model-houlab-2025-05-28/labeled-data/20250521_B1_ephys-record_awake_000_R_19-43-23/img071723.png,/data/disk2/home/tony/demo1/model/cheese3d_demo_model/backend/cheese3d_demo_model-houlab-2025-05-28/labeled-data/20250521_B1_ephys-record_awake_000_R_19-43-23/CollectedData_houlab.h5,16,28
Q1803,3,20250521_B1_ephys-record_awake_000_R_19-43-23,img073149.png,/data/disk2/home/tony/demo1/model/cheese3d_demo_model/backend/cheese3d_demo_model-houlab-2025-05-28/labeled-data/20250521_B1_ephys-record_awake_000_R_19-43-23/img073149.png,/data/disk2/home/tony/demo1/model/cheese3d_demo_model/backend/cheese3d_demo_model-houlab-2025-05-28/labeled-data/20250521_B1_ephys-record_awake_000_R_19-43-23/CollectedData_houlab.h5,16,28
Q1804,3,20250521_B1_ephys-record_awake_000_R_19-43-23,img088792.png,/data/disk2/home/tony/demo1/model/cheese3d_demo_model/backend/cheese3d_demo_model-houlab-2025-05-28/labeled-data/20250521_B1_ephys-record_awake_000_R_19-43-23/img088792.png,/data/disk2/home/tony/demo1/model/cheese3d_demo_model/backend/cheese3d_demo_model-houlab-2025-05-28/labeled-data/20250521_B1_ephys-record_awake_000_R_19-43-23/CollectedData_houlab.h5,16,28
Q1805,3,20250521_B1_ephys-record_awake_000_R_19-43-23,img102352.png,/data/disk2/home/tony/demo1/model/cheese3d_demo_model/backend/cheese3d_demo_model-houlab-2025-05-28/labeled-data/20250521_B1_ephys-record_awake_000_R_19-43-23/img102352.png,/data/disk2/home/tony/demo1/model/cheese3d_demo_model/backend/cheese3d_demo_model-houlab-2025-05-28/labeled-data/20250521_B1_ephys-record_awake_000_R_19-43-23/CollectedData_houlab.h5,16,28
Q1806,3,20250521_B1_ephys-record_awake_000_TC_19-43-23,img010302.png,/data/disk2/home/tony/demo1/model/cheese3d_demo_model/backend/cheese3d_demo_model-houlab-2025-05-28/labeled-data/20250521_B1_ephys-record_awake_000_TC_19-43-23/img010302.png,/data/disk2/home/tony/demo1/model/cheese3d_demo_model/backend/cheese3d_demo_model-houlab-2025-05-28/labeled-data/20250521_B1_ephys-record_awake_000_TC_19-43-23/CollectedData_houlab.h5,10,28
Q1807,3,20250521_B1_ephys-record_awake_000_TC_19-43-23,img013822.png,/data/disk2/home/tony/demo1/model/cheese3d_demo_model/backend/cheese3d_demo_model-houlab-2025-05-28/labeled-data/20250521_B1_ephys-record_awake_000_TC_19-43-23/img013822.png,/data/disk2/home/tony/demo1/model/cheese3d_demo_model/backend/cheese3d_demo_model-houlab-2025-05-28/labeled-data/20250521_B1_ephys-record_awake_000_TC_19-43-23/CollectedData_houlab.h5,10,28
Q1808,3,20250521_B1_ephys-record_awake_000_TC_19-43-23,img048790.png,/data/disk2/home/tony/demo1/model/cheese3d_demo_model/backend/cheese3d_demo_model-houlab-2025-05-28/labeled-data/20250521_B1_ephys-record_awake_000_TC_19-43-23/img048790.png,/data/disk2/home/tony/demo1/model/cheese3d_demo_model/backend/cheese3d_demo_model-houlab-2025-05-28/labeled-data/20250521_B1_ephys-record_awake_000_TC_19-43-23/CollectedData_houlab.h5,9,28
Q1809,3,20250521_B1_ephys-record_awake_000_TC_19-43-23,img049101.png,/data/disk2/home/tony/demo1/model/cheese3d_demo_model/backend/cheese3d_demo_model-houlab-2025-05-28/labeled-data/20250521_B1_ephys-record_awake_000_TC_19-43-23/img049101.png,/data/disk2/home/tony/demo1/model/cheese3d_demo_model/backend/cheese3d_demo_model-houlab-2025-05-28/labeled-data/20250521_B1_ephys-record_awake_000_TC_19-43-23/CollectedData_houlab.h5,10,28
Q1810,3,20250521_B1_ephys-record_awake_000_TC_19-43-23,img049222.png,/data/disk2/home/tony/demo1/model/cheese3d_demo_model/backend/cheese3d_demo_model-houlab-2025-05-28/labeled-data/20250521_B1_ephys-record_awake_000_TC_19-43-23/img049222.png,/data/disk2/home/tony/demo1/model/cheese3d_demo_model/backend/cheese3d_demo_model-houlab-2025-05-28/labeled-data/20250521_B1_ephys-record_awake_000_TC_19-43-23/CollectedData_houlab.h5,10,28
Q1811,3,20250521_B1_ephys-record_awake_000_TC_19-43-23,img049237.png,/data/disk2/home/tony/demo1/model/cheese3d_demo_model/backend/cheese3d_demo_model-houlab-2025-05-28/labeled-data/20250521_B1_ephys-record_awake_000_TC_19-43-23/img049237.png,/data/disk2/home/tony/demo1/model/cheese3d_demo_model/backend/cheese3d_demo_model-houlab-2025-05-28/labeled-data/20250521_B1_ephys-record_awake_000_TC_19-43-23/CollectedData_houlab.h5,6,28
Q1812,3,20250521_B1_ephys-record_awake_000_TC_19-43-23,img049245.png,/data/disk2/home/tony/demo1/model/cheese3d_demo_model/backend/cheese3d_demo_model-houlab-2025-05-28/labeled-data/20250521_B1_ephys-record_awake_000_TC_19-43-23/img049245.png,/data/disk2/home/tony/demo1/model/cheese3d_demo_model/backend/cheese3d_demo_model-houlab-2025-05-28/labeled-data/20250521_B1_ephys-record_awake_000_TC_19-43-23/CollectedData_houlab.h5,10,28
Q1813,3,20250521_B1_ephys-record_awake_000_TC_19-43-23,img055496.png,/data/disk2/home/tony/demo1/model/cheese3d_demo_model/backend/cheese3d_demo_model-houlab-2025-05-28/labeled-data/20250521_B1_ephys-record_awake_000_TC_19-43-23/img055496.png,/data/disk2/home/tony/demo1/model/cheese3d_demo_model/backend/cheese3d_demo_model-houlab-2025-05-28/labeled-data/20250521_B1_ephys-record_awake_000_TC_19-43-23/CollectedData_houlab.h5,10,28
Q1814,3,20250521_B1_ephys-record_awake_000_TC_19-43-23,img067132.png,/data/disk2/home/tony/demo1/model/cheese3d_demo_model/backend/cheese3d_demo_model-houlab-2025-05-28/labeled-data/20250521_B1_ephys-record_awake_000_TC_19-43-23/img067132.png,/data/disk2/home/tony/demo1/model/cheese3d_demo_model/backend/cheese3d_demo_model-houlab-2025-05-28/labeled-data/20250521_B1_ephys-record_awake_000_TC_19-43-23/CollectedData_houlab.h5,10,28
Q1815,3,20250521_B1_ephys-record_awake_000_TC_19-43-23,img079327.png,/data/disk2/home/tony/demo1/model/cheese3d_demo_model/backend/cheese3d_demo_model-houlab-2025-05-28/labeled-data/20250521_B1_ephys-record_awake_000_TC_19-43-23/img079327.png,/data/disk2/home/tony/demo1/model/cheese3d_demo_model/backend/cheese3d_demo_model-houlab-2025-05-28/labeled-data/20250521_B1_ephys-record_awake_000_TC_19-43-23/CollectedData_houlab.h5,10,28
Q1816,3,20250521_B1_ephys-record_awake_000_TL_19-43-23,img005593.png,/data/disk2/home/tony/demo1/model/cheese3d_demo_model/backend/cheese3d_demo_model-houlab-2025-05-28/labeled-data/20250521_B1_ephys-record_awake_000_TL_19-43-23/img005593.png,/data/disk2/home/tony/demo1/model/cheese3d_demo_model/backend/cheese3d_demo_model-houlab-2025-05-28/labeled-data/20250521_B1_ephys-record_awake_000_TL_19-43-23/CollectedData_houlab.h5,12,28
Q1817,3,20250521_B1_ephys-record_awake_000_TL_19-43-23,img027622.png,/data/disk2/home/tony/demo1/model/cheese3d_demo_model/backend/cheese3d_demo_model-houlab-2025-05-28/labeled-data/20250521_B1_ephys-record_awake_000_TL_19-43-23/img027622.png,/data/disk2/home/tony/demo1/model/cheese3d_demo_model/backend/cheese3d_demo_model-houlab-2025-05-28/labeled-data/20250521_B1_ephys-record_awake_000_TL_19-43-23/CollectedData_houlab.h5,12,28
Q1818,3,20250521_B1_ephys-record_awake_000_TL_19-43-23,img034032.png,/data/disk2/home/tony/demo1/model/cheese3d_demo_model/backend/cheese3d_demo_model-houlab-2025-05-28/labeled-data/20250521_B1_ephys-record_awake_000_TL_19-43-23/img034032.png,/data/disk2/home/tony/demo1/model/cheese3d_demo_model/backend/cheese3d_demo_model-houlab-2025-05-28/labeled-data/20250521_B1_ephys-record_awake_000_TL_19-43-23/CollectedData_houlab.h5,12,28
Q1819,3,20250521_B1_ephys-record_awake_000_TL_19-43-23,img048819.png,/data/disk2/home/tony/demo1/model/cheese3d_demo_model/backend/cheese3d_demo_model-houlab-2025-05-28/labeled-data/20250521_B1_ephys-record_awake_000_TL_19-43-23/img048819.png,/data/disk2/home/tony/demo1/model/cheese3d_demo_model/backend/cheese3d_demo_model-houlab-2025-05-28/labeled-data/20250521_B1_ephys-record_awake_000_TL_19-43-23/CollectedData_houlab.h5,11,28
Q1820,3,20250521_B1_ephys-record_awake_000_TL_19-43-23,img049134.png,/data/disk2/home/tony/demo1/model/cheese3d_demo_model/backend/cheese3d_demo_model-houlab-2025-05-28/labeled-data/20250521_B1_ephys-record_awake_000_TL_19-43-23/img049134.png,/data/disk2/home/tony/demo1/model/cheese3d_demo_model/backend/cheese3d_demo_model-houlab-2025-05-28/labeled-data/20250521_B1_ephys-record_awake_000_TL_19-43-23/CollectedData_houlab.h5,12,28
Q1821,3,20250521_B1_ephys-record_awake_000_TL_19-43-23,img049137.png,/data/disk2/home/tony/demo1/model/cheese3d_demo_model/backend/cheese3d_demo_model-houlab-2025-05-28/labeled-data/20250521_B1_ephys-record_awake_000_TL_19-43-23/img049137.png,/data/disk2/home/tony/demo1/model/cheese3d_demo_model/backend/cheese3d_demo_model-houlab-2025-05-28/labeled-data/20250521_B1_ephys-record_awake_000_TL_19-43-23/CollectedData_houlab.h5,12,28
Q1822,3,20250521_B1_ephys-record_awake_000_TL_19-43-23,img049256.png,/data/disk2/home/tony/demo1/model/cheese3d_demo_model/backend/cheese3d_demo_model-houlab-2025-05-28/labeled-data/20250521_B1_ephys-record_awake_000_TL_19-43-23/img049256.png,/data/disk2/home/tony/demo1/model/cheese3d_demo_model/backend/cheese3d_demo_model-houlab-2025-05-28/labeled-data/20250521_B1_ephys-record_awake_000_TL_19-43-23/CollectedData_houlab.h5,12,28
Q1823,3,20250521_B1_ephys-record_awake_000_TL_19-43-23,img049266.png,/data/disk2/home/tony/demo1/model/cheese3d_demo_model/backend/cheese3d_demo_model-houlab-2025-05-28/labeled-data/20250521_B1_ephys-record_awake_000_TL_19-43-23/img049266.png,/data/disk2/home/tony/demo1/model/cheese3d_demo_model/backend/cheese3d_demo_model-houlab-2025-05-28/labeled-data/20250521_B1_ephys-record_awake_000_TL_19-43-23/CollectedData_houlab.h5,8,28
Q1824,3,20250521_B1_ephys-record_awake_000_TL_19-43-23,img070947.png,/data/disk2/home/tony/demo1/model/cheese3d_demo_model/backend/cheese3d_demo_model-houlab-2025-05-28/labeled-data/20250521_B1_ephys-record_awake_000_TL_19-43-23/img070947.png,/data/disk2/home/tony/demo1/model/cheese3d_demo_model/backend/cheese3d_demo_model-houlab-2025-05-28/labeled-data/20250521_B1_ephys-record_awake_000_TL_19-43-23/CollectedData_houlab.h5,12,28
Q1825,3,20250521_B1_ephys-record_awake_000_TL_19-43-23,img073004.png,/data/disk2/home/tony/demo1/model/cheese3d_demo_model/backend/cheese3d_demo_model-houlab-2025-05-28/labeled-data/20250521_B1_ephys-record_awake_000_TL_19-43-23/img073004.png,/data/disk2/home/tony/demo1/model/cheese3d_demo_model/backend/cheese3d_demo_model-houlab-2025-05-28/labeled-data/20250521_B1_ephys-record_awake_000_TL_19-43-23/CollectedData_houlab.h5,12,28
Q1826,3,20250521_B1_ephys-record_awake_000_TR_19-43-23,img003912.png,/data/disk2/home/tony/demo1/model/cheese3d_demo_model/backend/cheese3d_demo_model-houlab-2025-05-28/labeled-data/20250521_B1_ephys-record_awake_000_TR_19-43-23/img003912.png,/data/disk2/home/tony/demo1/model/cheese3d_demo_model/backend/cheese3d_demo_model-houlab-2025-05-28/labeled-data/20250521_B1_ephys-record_awake_000_TR_19-43-23/CollectedData_houlab.h5,12,28
Q1827,3,20250521_B1_ephys-record_awake_000_TR_19-43-23,img025789.png,/data/disk2/home/tony/demo1/model/cheese3d_demo_model/backend/cheese3d_demo_model-houlab-2025-05-28/labeled-data/20250521_B1_ephys-record_awake_000_TR_19-43-23/img025789.png,/data/disk2/home/tony/demo1/model/cheese3d_demo_model/backend/cheese3d_demo_model-houlab-2025-05-28/labeled-data/20250521_B1_ephys-record_awake_000_TR_19-43-23/CollectedData_houlab.h5,12,28
Q1828,3,20250521_B1_ephys-record_awake_000_TR_19-43-23,img048731.png,/data/disk2/home/tony/demo1/model/cheese3d_demo_model/backend/cheese3d_demo_model-houlab-2025-05-28/labeled-data/20250521_B1_ephys-record_awake_000_TR_19-43-23/img048731.png,/data/disk2/home/tony/demo1/model/cheese3d_demo_model/backend/cheese3d_demo_model-houlab-2025-05-28/labeled-data/20250521_B1_ephys-record_awake_000_TR_19-43-23/CollectedData_houlab.h5,12,28
Q1829,3,20250521_B1_ephys-record_awake_000_TR_19-43-23,img058855.png,/data/disk2/home/tony/demo1/model/cheese3d_demo_model/backend/cheese3d_demo_model-houlab-2025-05-28/labeled-data/20250521_B1_ephys-record_awake_000_TR_19-43-23/img058855.png,/data/disk2/home/tony/demo1/model/cheese3d_demo_model/backend/cheese3d_demo_model-houlab-2025-05-28/labeled-data/20250521_B1_ephys-record_awake_000_TR_19-43-23/CollectedData_houlab.h5,12,28
Q1830,3,20250521_B1_ephys-record_awake_000_TR_19-43-23,img059551.png,/data/disk2/home/tony/demo1/model/cheese3d_demo_model/backend/cheese3d_demo_model-houlab-2025-05-28/labeled-data/20250521_B1_ephys-record_awake_000_TR_19-43-23/img059551.png,/data/disk2/home/tony/demo1/model/cheese3d_demo_model/backend/cheese3d_demo_model-houlab-2025-05-28/labeled-data/20250521_B1_ephys-record_awake_000_TR_19-43-23/CollectedData_houlab.h5,12,28
Q1831,3,20250521_B1_ephys-record_awake_000_TR_19-43-23,img074464.png,/data/disk2/home/tony/demo1/model/cheese3d_demo_model/backend/cheese3d_demo_model-houlab-2025-05-28/labeled-data/20250521_B1_ephys-record_awake_000_TR_19-43-23/img074464.png,/data/disk2/home/tony/demo1/model/cheese3d_demo_model/backend/cheese3d_demo_model-houlab-2025-05-28/labeled-data/20250521_B1_ephys-record_awake_000_TR_19-43-23/CollectedData_houlab.h5,12,28
Q1832,3,20250521_B1_ephys-record_awake_000_TR_19-43-23,img082396.png,/data/disk2/home/tony/demo1/model/cheese3d_demo_model/backend/cheese3d_demo_model-houlab-2025-05-28/labeled-data/20250521_B1_ephys-record_awake_000_TR_19-43-23/img082396.png,/data/disk2/home/tony/demo1/model/cheese3d_demo_model/backend/cheese3d_demo_model-houlab-2025-05-28/labeled-data/20250521_B1_ephys-record_awake_000_TR_19-43-23/CollectedData_houlab.h5,12,28
Q1833,3,20250521_B1_ephys-record_awake_000_TR_19-43-23,img082667.png,/data/disk2/home/tony/demo1/model/cheese3d_demo_model/backend/cheese3d_demo_model-houlab-2025-05-28/labeled-data/20250521_B1_ephys-record_awake_000_TR_19-43-23/img082667.png,/data/disk2/home/tony/demo1/model/cheese3d_demo_model/backend/cheese3d_demo_model-houlab-2025-05-28/labeled-data/20250521_B1_ephys-record_awake_000_TR_19-43-23/CollectedData_houlab.h5,12,28
Q1834,3,20250521_B1_ephys-record_awake_000_TR_19-43-23,img092207.png,/data/disk2/home/tony/demo1/model/cheese3d_demo_model/backend/cheese3d_demo_model-houlab-2025-05-28/labeled-data/20250521_B1_ephys-record_awake_000_TR_19-43-23/img092207.png,/data/disk2/home/tony/demo1/model/cheese3d_demo_model/backend/cheese3d_demo_model-houlab-2025-05-28/labeled-data/20250521_B1_ephys-record_awake_000_TR_19-43-23/CollectedData_houlab.h5,12,28
Q1835,3,20250521_B1_ephys-record_awake_000_TR_19-43-23,img096240.png,/data/disk2/home/tony/demo1/model/cheese3d_demo_model/backend/cheese3d_demo_model-houlab-2025-05-28/labeled-data/20250521_B1_ephys-record_awake_000_TR_19-43-23/img096240.png,/data/disk2/home/tony/demo1/model/cheese3d_demo_model/backend/cheese3d_demo_model-houlab-2025-05-28/labeled-data/20250521_B1_ephys-record_awake_000_TR_19-43-23/CollectedData_houlab.h5,12,28
Q1836,3,20250521_B1_ephys-record_stim_002_BC_20-11-54,img00287.png,/data/disk2/home/tony/demo1/model/cheese3d_demo_model/backend/cheese3d_demo_model-houlab-2025-05-28/labeled-data/20250521_B1_ephys-record_stim_002_BC_20-11-54/img00287.png,/data/disk2/home/tony/demo1/model/cheese3d_demo_model/backend/cheese3d_demo_model-houlab-2025-05-28/labeled-data/20250521_B1_ephys-record_stim_002_BC_20-11-54/CollectedData_houlab.h5,11,28
Q1837,3,20250521_B1_ephys-record_stim_002_BC_20-11-54,img05406.png,/data/disk2/home/tony/demo1/model/cheese3d_demo_model/backend/cheese3d_demo_model-houlab-2025-05-28/labeled-data/20250521_B1_ephys-record_stim_002_BC_20-11-54/img05406.png,/data/disk2/home/tony/demo1/model/cheese3d_demo_model/backend/cheese3d_demo_model-houlab-2025-05-28/labeled-data/20250521_B1_ephys-record_stim_002_BC_20-11-54/CollectedData_houlab.h5,11,28
Q1838,3,20250521_B1_ephys-record_stim_002_BC_20-11-54,img09644.png,/data/disk2/home/tony/demo1/model/cheese3d_demo_model/backend/cheese3d_demo_model-houlab-2025-05-28/labeled-data/20250521_B1_ephys-record_stim_002_BC_20-11-54/img09644.png,/data/disk2/home/tony/demo1/model/cheese3d_demo_model/backend/cheese3d_demo_model-houlab-2025-05-28/labeled-data/20250521_B1_ephys-record_stim_002_BC_20-11-54/CollectedData_houlab.h5,11,28
Q1839,3,20250521_B1_ephys-record_stim_002_BC_20-11-54,img10490.png,/data/disk2/home/tony/demo1/model/cheese3d_demo_model/backend/cheese3d_demo_model-houlab-2025-05-28/labeled-data/20250521_B1_ephys-record_stim_002_BC_20-11-54/img10490.png,/data/disk2/home/tony/demo1/model/cheese3d_demo_model/backend/cheese3d_demo_model-houlab-2025-05-28/labeled-data/20250521_B1_ephys-record_stim_002_BC_20-11-54/CollectedData_houlab.h5,11,28
Q1840,3,20250521_B1_ephys-record_stim_002_BC_20-11-54,img11531.png,/data/disk2/home/tony/demo1/model/cheese3d_demo_model/backend/cheese3d_demo_model-houlab-2025-05-28/labeled-data/20250521_B1_ephys-record_stim_002_BC_20-11-54/img11531.png,/data/disk2/home/tony/demo1/model/cheese3d_demo_model/backend/cheese3d_demo_model-houlab-2025-05-28/labeled-data/20250521_B1_ephys-record_stim_002_BC_20-11-54/CollectedData_houlab.h5,11,28
Q1841,3,20250521_B1_ephys-record_stim_002_BC_20-11-54,img17312.png,/data/disk2/home/tony/demo1/model/cheese3d_demo_model/backend/cheese3d_demo_model-houlab-2025-05-28/labeled-data/20250521_B1_ephys-record_stim_002_BC_20-11-54/img17312.png,/data/disk2/home/tony/demo1/model/cheese3d_demo_model/backend/cheese3d_demo_model-houlab-2025-05-28/labeled-data/20250521_B1_ephys-record_stim_002_BC_20-11-54/CollectedData_houlab.h5,11,28
Q1842,3,20250521_B1_ephys-record_stim_002_BC_20-11-54,img17313.png,/data/disk2/home/tony/demo1/model/cheese3d_demo_model/backend/cheese3d_demo_model-houlab-2025-05-28/labeled-data/20250521_B1_ephys-record_stim_002_BC_20-11-54/img17313.png,/data/disk2/home/tony/demo1/model/cheese3d_demo_model/backend/cheese3d_demo_model-houlab-2025-05-28/labeled-data/20250521_B1_ephys-record_stim_002_BC_20-11-54/CollectedData_houlab.h5,11,28
Q1843,3,20250521_B1_ephys-record_stim_002_BC_20-11-54,img17361.png,/data/disk2/home/tony/demo1/model/cheese3d_demo_model/backend/cheese3d_demo_model-houlab-2025-05-28/labeled-data/20250521_B1_ephys-record_stim_002_BC_20-11-54/img17361.png,/data/disk2/home/tony/demo1/model/cheese3d_demo_model/backend/cheese3d_demo_model-houlab-2025-05-28/labeled-data/20250521_B1_ephys-record_stim_002_BC_20-11-54/CollectedData_houlab.h5,11,28
Q1844,3,20250521_B1_ephys-record_stim_002_BC_20-11-54,img17391.png,/data/disk2/home/tony/demo1/model/cheese3d_demo_model/backend/cheese3d_demo_model-houlab-2025-05-28/labeled-data/20250521_B1_ephys-record_stim_002_BC_20-11-54/img17391.png,/data/disk2/home/tony/demo1/model/cheese3d_demo_model/backend/cheese3d_demo_model-houlab-2025-05-28/labeled-data/20250521_B1_ephys-record_stim_002_BC_20-11-54/CollectedData_houlab.h5,11,28
Q1845,3,20250521_B1_ephys-record_stim_002_BC_20-11-54,img17392.png,/data/disk2/home/tony/demo1/model/cheese3d_demo_model/backend/cheese3d_demo_model-houlab-2025-05-28/labeled-data/20250521_B1_ephys-record_stim_002_BC_20-11-54/img17392.png,/data/disk2/home/tony/demo1/model/cheese3d_demo_model/backend/cheese3d_demo_model-houlab-2025-05-28/labeled-data/20250521_B1_ephys-record_stim_002_BC_20-11-54/CollectedData_houlab.h5,11,28
Q1846,3,20250521_B1_ephys-record_stim_002_L_20-11-54,img01943.png,/data/disk2/home/tony/demo1/model/cheese3d_demo_model/backend/cheese3d_demo_model-houlab-2025-05-28/labeled-data/20250521_B1_ephys-record_stim_002_L_20-11-54/img01943.png,/data/disk2/home/tony/demo1/model/cheese3d_demo_model/backend/cheese3d_demo_model-houlab-2025-05-28/labeled-data/20250521_B1_ephys-record_stim_002_L_20-11-54/CollectedData_houlab.h5,16,28
Q1847,3,20250521_B1_ephys-record_stim_002_L_20-11-54,img03697.png,/data/disk2/home/tony/demo1/model/cheese3d_demo_model/backend/cheese3d_demo_model-houlab-2025-05-28/labeled-data/20250521_B1_ephys-record_stim_002_L_20-11-54/img03697.png,/data/disk2/home/tony/demo1/model/cheese3d_demo_model/backend/cheese3d_demo_model-houlab-2025-05-28/labeled-data/20250521_B1_ephys-record_stim_002_L_20-11-54/CollectedData_houlab.h5,16,28
Q1848,3,20250521_B1_ephys-record_stim_002_L_20-11-54,img07650.png,/data/disk2/home/tony/demo1/model/cheese3d_demo_model/backend/cheese3d_demo_model-houlab-2025-05-28/labeled-data/20250521_B1_ephys-record_stim_002_L_20-11-54/img07650.png,/data/disk2/home/tony/demo1/model/cheese3d_demo_model/backend/cheese3d_demo_model-houlab-2025-05-28/labeled-data/20250521_B1_ephys-record_stim_002_L_20-11-54/CollectedData_houlab.h5,16,28
Q1849,3,20250521_B1_ephys-record_stim_002_L_20-11-54,img08312.png,/data/disk2/home/tony/demo1/model/cheese3d_demo_model/backend/cheese3d_demo_model-houlab-2025-05-28/labeled-data/20250521_B1_ephys-record_stim_002_L_20-11-54/img08312.png,/data/disk2/home/tony/demo1/model/cheese3d_demo_model/backend/cheese3d_demo_model-houlab-2025-05-28/labeled-data/20250521_B1_ephys-record_stim_002_L_20-11-54/CollectedData_houlab.h5,16,28
Q1850,3,20250521_B1_ephys-record_stim_002_L_20-11-54,img10080.png,/data/disk2/home/tony/demo1/model/cheese3d_demo_model/backend/cheese3d_demo_model-houlab-2025-05-28/labeled-data/20250521_B1_ephys-record_stim_002_L_20-11-54/img10080.png,/data/disk2/home/tony/demo1/model/cheese3d_demo_model/backend/cheese3d_demo_model-houlab-2025-05-28/labeled-data/20250521_B1_ephys-record_stim_002_L_20-11-54/CollectedData_houlab.h5,16,28
Q1851,3,20250521_B1_ephys-record_stim_002_L_20-11-54,img12459.png,/data/disk2/home/tony/demo1/model/cheese3d_demo_model/backend/cheese3d_demo_model-houlab-2025-05-28/labeled-data/20250521_B1_ephys-record_stim_002_L_20-11-54/img12459.png,/data/disk2/home/tony/demo1/model/cheese3d_demo_model/backend/cheese3d_demo_model-houlab-2025-05-28/labeled-data/20250521_B1_ephys-record_stim_002_L_20-11-54/CollectedData_houlab.h5,16,28
Q1852,3,20250521_B1_ephys-record_stim_002_L_20-11-54,img13512.png,/data/disk2/home/tony/demo1/model/cheese3d_demo_model/backend/cheese3d_demo_model-houlab-2025-05-28/labeled-data/20250521_B1_ephys-record_stim_002_L_20-11-54/img13512.png,/data/disk2/home/tony/demo1/model/cheese3d_demo_model/backend/cheese3d_demo_model-houlab-2025-05-28/labeled-data/20250521_B1_ephys-record_stim_002_L_20-11-54/CollectedData_houlab.h5,16,28
Q1853,3,20250521_B1_ephys-record_stim_002_L_20-11-54,img14461.png,/data/disk2/home/tony/demo1/model/cheese3d_demo_model/backend/cheese3d_demo_model-houlab-2025-05-28/labeled-data/20250521_B1_ephys-record_stim_002_L_20-11-54/img14461.png,/data/disk2/home/tony/demo1/model/cheese3d_demo_model/backend/cheese3d_demo_model-houlab-2025-05-28/labeled-data/20250521_B1_ephys-record_stim_002_L_20-11-54/CollectedData_houlab.h5,16,28
Q1854,3,20250521_B1_ephys-record_stim_002_L_20-11-54,img16953.png,/data/disk2/home/tony/demo1/model/cheese3d_demo_model/backend/cheese3d_demo_model-houlab-2025-05-28/labeled-data/20250521_B1_ephys-record_stim_002_L_20-11-54/img16953.png,/data/disk2/home/tony/demo1/model/cheese3d_demo_model/backend/cheese3d_demo_model-houlab-2025-05-28/labeled-data/20250521_B1_ephys-record_stim_002_L_20-11-54/CollectedData_houlab.h5,16,28
Q1855,3,20250521_B1_ephys-record_stim_002_L_20-11-54,img17625.png,/data/disk2/home/tony/demo1/model/cheese3d_demo_model/backend/cheese3d_demo_model-houlab-2025-05-28/labeled-data/20250521_B1_ephys-record_stim_002_L_20-11-54/img17625.png,/data/disk2/home/tony/demo1/model/cheese3d_demo_model/backend/cheese3d_demo_model-houlab-2025-05-28/labeled-data/20250521_B1_ephys-record_stim_002_L_20-11-54/CollectedData_houlab.h5,16,28
Q1856,3,20250521_B1_ephys-record_stim_002_R_20-11-54,img00757.png,/data/disk2/home/tony/demo1/model/cheese3d_demo_model/backend/cheese3d_demo_model-houlab-2025-05-28/labeled-data/20250521_B1_ephys-record_stim_002_R_20-11-54/img00757.png,/data/disk2/home/tony/demo1/model/cheese3d_demo_model/backend/cheese3d_demo_model-houlab-2025-05-28/labeled-data/20250521_B1_ephys-record_stim_002_R_20-11-54/CollectedData_houlab.h5,16,28
Q1857,3,20250521_B1_ephys-record_stim_002_R_20-11-54,img01688.png,/data/disk2/home/tony/demo1/model/cheese3d_demo_model/backend/cheese3d_demo_model-houlab-2025-05-28/labeled-data/20250521_B1_ephys-record_stim_002_R_20-11-54/img01688.png,/data/disk2/home/tony/demo1/model/cheese3d_demo_model/backend/cheese3d_demo_model-houlab-2025-05-28/labeled-data/20250521_B1_ephys-record_stim_002_R_20-11-54/CollectedData_houlab.h5,16,28
Q1858,3,20250521_B1_ephys-record_stim_002_R_20-11-54,img10818.png,/data/disk2/home/tony/demo1/model/cheese3d_demo_model/backend/cheese3d_demo_model-houlab-2025-05-28/labeled-data/20250521_B1_ephys-record_stim_002_R_20-11-54/img10818.png,/data/disk2/home/tony/demo1/model/cheese3d_demo_model/backend/cheese3d_demo_model-houlab-2025-05-28/labeled-data/20250521_B1_ephys-record_stim_002_R_20-11-54/CollectedData_houlab.h5,16,28
Q1859,3,20250521_B1_ephys-record_stim_002_R_20-11-54,img13081.png,/data/disk2/home/tony/demo1/model/cheese3d_demo_model/backend/cheese3d_demo_model-houlab-2025-05-28/labeled-data/20250521_B1_ephys-record_stim_002_R_20-11-54/img13081.png,/data/disk2/home/tony/demo1/model/cheese3d_demo_model/backend/cheese3d_demo_model-houlab-2025-05-28/labeled-data/20250521_B1_ephys-record_stim_002_R_20-11-54/CollectedData_houlab.h5,16,28
Q1860,3,20250521_B1_ephys-record_stim_002_R_20-11-54,img13609.png,/data/disk2/home/tony/demo1/model/cheese3d_demo_model/backend/cheese3d_demo_model-houlab-2025-05-28/labeled-data/20250521_B1_ephys-record_stim_002_R_20-11-54/img13609.png,/data/disk2/home/tony/demo1/model/cheese3d_demo_model/backend/cheese3d_demo_model-houlab-2025-05-28/labeled-data/20250521_B1_ephys-record_stim_002_R_20-11-54/CollectedData_houlab.h5,16,28
Q1861,3,20250521_B1_ephys-record_stim_002_TC_20-11-54,img00417.png,/data/disk2/home/tony/demo1/model/cheese3d_demo_model/backend/cheese3d_demo_model-houlab-2025-05-28/labeled-data/20250521_B1_ephys-record_stim_002_TC_20-11-54/img00417.png,/data/disk2/home/tony/demo1/model/cheese3d_demo_model/backend/cheese3d_demo_model-houlab-2025-05-28/labeled-data/20250521_B1_ephys-record_stim_002_TC_20-11-54/CollectedData_houlab.h5,10,28
Q1862,3,20250521_B1_ephys-record_stim_002_TC_20-11-54,img02101.png,/data/disk2/home/tony/demo1/model/cheese3d_demo_model/backend/cheese3d_demo_model-houlab-2025-05-28/labeled-data/20250521_B1_ephys-record_stim_002_TC_20-11-54/img02101.png,/data/disk2/home/tony/demo1/model/cheese3d_demo_model/backend/cheese3d_demo_model-houlab-2025-05-28/labeled-data/20250521_B1_ephys-record_stim_002_TC_20-11-54/CollectedData_houlab.h5,10,28
Q1863,3,20250521_B1_ephys-record_stim_002_TC_20-11-54,img04541.png,/data/disk2/home/tony/demo1/model/cheese3d_demo_model/backend/cheese3d_demo_model-houlab-2025-05-28/labeled-data/20250521_B1_ephys-record_stim_002_TC_20-11-54/img04541.png,/data/disk2/home/tony/demo1/model/cheese3d_demo_model/backend/cheese3d_demo_model-houlab-2025-05-28/labeled-data/20250521_B1_ephys-record_stim_002_TC_20-11-54/CollectedData_houlab.h5,10,28
Q1864,3,20250521_B1_ephys-record_stim_002_TC_20-11-54,img16796.png,/data/disk2/home/tony/demo1/model/cheese3d_demo_model/backend/cheese3d_demo_model-houlab-2025-05-28/labeled-data/20250521_B1_ephys-record_stim_002_TC_20-11-54/img16796.png,/data/disk2/home/tony/demo1/model/cheese3d_demo_model/backend/cheese3d_demo_model-houlab-2025-05-28/labeled-data/20250521_B1_ephys-record_stim_002_TC_20-11-54/CollectedData_houlab.h5,10,28
Q1865,3,20250521_B1_ephys-record_stim_002_TC_20-11-54,img18147.png,/data/disk2/home/tony/demo1/model/cheese3d_demo_model/backend/cheese3d_demo_model-houlab-2025-05-28/labeled-data/20250521_B1_ephys-record_stim_002_TC_20-11-54/img18147.png,/data/disk2/home/tony/demo1/model/cheese3d_demo_model/backend/cheese3d_demo_model-houlab-2025-05-28/labeled-data/20250521_B1_ephys-record_stim_002_TC_20-11-54/CollectedData_houlab.h5,10,28
Q1866,3,20250521_B1_ephys-record_stim_002_TL_20-11-54,img02315.png,/data/disk2/home/tony/demo1/model/cheese3d_demo_model/backend/cheese3d_demo_model-houlab-2025-05-28/labeled-data/20250521_B1_ephys-record_stim_002_TL_20-11-54/img02315.png,/data/disk2/home/tony/demo1/model/cheese3d_demo_model/backend/cheese3d_demo_model-houlab-2025-05-28/labeled-data/20250521_B1_ephys-record_stim_002_TL_20-11-54/CollectedData_houlab.h5,12,28
Q1867,3,20250521_B1_ephys-record_stim_002_TL_20-11-54,img02967.png,/data/disk2/home/tony/demo1/model/cheese3d_demo_model/backend/cheese3d_demo_model-houlab-2025-05-28/labeled-data/20250521_B1_ephys-record_stim_002_TL_20-11-54/img02967.png,/data/disk2/home/tony/demo1/model/cheese3d_demo_model/backend/cheese3d_demo_model-houlab-2025-05-28/labeled-data/20250521_B1_ephys-record_stim_002_TL_20-11-54/CollectedData_houlab.h5,12,28
Q1868,3,20250521_B1_ephys-record_stim_002_TL_20-11-54,img06786.png,/data/disk2/home/tony/demo1/model/cheese3d_demo_model/backend/cheese3d_demo_model-houlab-2025-05-28/labeled-data/20250521_B1_ephys-record_stim_002_TL_20-11-54/img06786.png,/data/disk2/home/tony/demo1/model/cheese3d_demo_model/backend/cheese3d_demo_model-houlab-2025-05-28/labeled-data/20250521_B1_ephys-record_stim_002_TL_20-11-54/CollectedData_houlab.h5,12,28
Q1869,3,20250521_B1_ephys-record_stim_002_TL_20-11-54,img07299.png,/data/disk2/home/tony/demo1/model/cheese3d_demo_model/backend/cheese3d_demo_model-houlab-2025-05-28/labeled-data/20250521_B1_ephys-record_stim_002_TL_20-11-54/img07299.png,/data/disk2/home/tony/demo1/model/cheese3d_demo_model/backend/cheese3d_demo_model-houlab-2025-05-28/labeled-data/20250521_B1_ephys-record_stim_002_TL_20-11-54/CollectedData_houlab.h5,12,28
Q1870,3,20250521_B1_ephys-record_stim_002_TL_20-11-54,img08327.png,/data/disk2/home/tony/demo1/model/cheese3d_demo_model/backend/cheese3d_demo_model-houlab-2025-05-28/labeled-data/20250521_B1_ephys-record_stim_002_TL_20-11-54/img08327.png,/data/disk2/home/tony/demo1/model/cheese3d_demo_model/backend/cheese3d_demo_model-houlab-2025-05-28/labeled-data/20250521_B1_ephys-record_stim_002_TL_20-11-54/CollectedData_houlab.h5,12,28
Q1871,3,20250521_B1_ephys-record_stim_002_TR_20-11-54,img00012.png,/data/disk2/home/tony/demo1/model/cheese3d_demo_model/backend/cheese3d_demo_model-houlab-2025-05-28/labeled-data/20250521_B1_ephys-record_stim_002_TR_20-11-54/img00012.png,/data/disk2/home/tony/demo1/model/cheese3d_demo_model/backend/cheese3d_demo_model-houlab-2025-05-28/labeled-data/20250521_B1_ephys-record_stim_002_TR_20-11-54/CollectedData_houlab.h5,12,28
Q1872,3,20250521_B1_ephys-record_stim_002_TR_20-11-54,img00159.png,/data/disk2/home/tony/demo1/model/cheese3d_demo_model/backend/cheese3d_demo_model-houlab-2025-05-28/labeled-data/20250521_B1_ephys-record_stim_002_TR_20-11-54/img00159.png,/data/disk2/home/tony/demo1/model/cheese3d_demo_model/backend/cheese3d_demo_model-houlab-2025-05-28/labeled-data/20250521_B1_ephys-record_stim_002_TR_20-11-54/CollectedData_houlab.h5,12,28
Q1873,3,20250521_B1_ephys-record_stim_002_TR_20-11-54,img02838.png,/data/disk2/home/tony/demo1/model/cheese3d_demo_model/backend/cheese3d_demo_model-houlab-2025-05-28/labeled-data/20250521_B1_ephys-record_stim_002_TR_20-11-54/img02838.png,/data/disk2/home/tony/demo1/model/cheese3d_demo_model/backend/cheese3d_demo_model-houlab-2025-05-28/labeled-data/20250521_B1_ephys-record_stim_002_TR_20-11-54/CollectedData_houlab.h5,12,28
Q1874,3,20250521_B1_ephys-record_stim_002_TR_20-11-54,img05867.png,/data/disk2/home/tony/demo1/model/cheese3d_demo_model/backend/cheese3d_demo_model-houlab-2025-05-28/labeled-data/20250521_B1_ephys-record_stim_002_TR_20-11-54/img05867.png,/data/disk2/home/tony/demo1/model/cheese3d_demo_model/backend/cheese3d_demo_model-houlab-2025-05-28/labeled-data/20250521_B1_ephys-record_stim_002_TR_20-11-54/CollectedData_houlab.h5,12,28
Q1875,3,20250521_B1_ephys-record_stim_002_TR_20-11-54,img08464.png,/data/disk2/home/tony/demo1/model/cheese3d_demo_model/backend/cheese3d_demo_model-houlab-2025-05-28/labeled-data/20250521_B1_ephys-record_stim_002_TR_20-11-54/img08464.png,/data/disk2/home/tony/demo1/model/cheese3d_demo_model/backend/cheese3d_demo_model-houlab-2025-05-28/labeled-data/20250521_B1_ephys-record_stim_002_TR_20-11-54/CollectedData_houlab.h5,12,28
Q1876,3,20250521_B1_ephys-record_stim_002_TR_20-11-54,img11204.png,/data/disk2/home/tony/demo1/model/cheese3d_demo_model/backend/cheese3d_demo_model-houlab-2025-05-28/labeled-data/20250521_B1_ephys-record_stim_002_TR_20-11-54/img11204.png,/data/disk2/home/tony/demo1/model/cheese3d_demo_model/backend/cheese3d_demo_model-houlab-2025-05-28/labeled-data/20250521_B1_ephys-record_stim_002_TR_20-11-54/CollectedData_houlab.h5,12,28
Q1877,3,20250521_B1_ephys-record_stim_002_TR_20-11-54,img17118.png,/data/disk2/home/tony/demo1/model/cheese3d_demo_model/backend/cheese3d_demo_model-houlab-2025-05-28/labeled-data/20250521_B1_ephys-record_stim_002_TR_20-11-54/img17118.png,/data/disk2/home/tony/demo1/model/cheese3d_demo_model/backend/cheese3d_demo_model-houlab-2025-05-28/labeled-data/20250521_B1_ephys-record_stim_002_TR_20-11-54/CollectedData_houlab.h5,12,28
Q1878,3,20250521_B1_ephys-record_stim_002_TR_20-11-54,img17256.png,/data/disk2/home/tony/demo1/model/cheese3d_demo_model/backend/cheese3d_demo_model-houlab-2025-05-28/labeled-data/20250521_B1_ephys-record_stim_002_TR_20-11-54/img17256.png,/data/disk2/home/tony/demo1/model/cheese3d_demo_model/backend/cheese3d_demo_model-houlab-2025-05-28/labeled-data/20250521_B1_ephys-record_stim_002_TR_20-11-54/CollectedData_houlab.h5,12,28
Q1879,3,20250521_B1_ephys-record_stim_002_TR_20-11-54,img17329.png,/data/disk2/home/tony/demo1/model/cheese3d_demo_model/backend/cheese3d_demo_model-houlab-2025-05-28/labeled-data/20250521_B1_ephys-record_stim_002_TR_20-11-54/img17329.png,/data/disk2/home/tony/demo1/model/cheese3d_demo_model/backend/cheese3d_demo_model-houlab-2025-05-28/labeled-data/20250521_B1_ephys-record_stim_002_TR_20-11-54/CollectedData_houlab.h5,12,28
Q1880,3,20250521_B1_ephys-record_stim_002_TR_20-11-54,img17420.png,/data/disk2/home/tony/demo1/model/cheese3d_demo_model/backend/cheese3d_demo_model-houlab-2025-05-28/labeled-data/20250521_B1_ephys-record_stim_002_TR_20-11-54/img17420.png,/data/disk2/home/tony/demo1/model/cheese3d_demo_model/backend/cheese3d_demo_model-houlab-2025-05-28/labeled-data/20250521_B1_ephys-record_stim_002_TR_20-11-54/CollectedData_houlab.h5,12,28
Q1881,3,20250522_B1_ephys-record_awake_000_R_17-53-48,img021905.png,/data/disk2/home/tony/demo1/model/cheese3d_demo_model/backend/cheese3d_demo_model-houlab-2025-05-28/labeled-data/20250522_B1_ephys-record_awake_000_R_17-53-48/img021905.png,/data/disk2/home/tony/demo1/model/cheese3d_demo_model/backend/cheese3d_demo_model-houlab-2025-05-28/labeled-data/20250522_B1_ephys-record_awake_000_R_17-53-48/CollectedData_houlab.h5,16,28
Q1882,3,20250522_B1_ephys-record_awake_000_R_17-53-48,img030818.png,/data/disk2/home/tony/demo1/model/cheese3d_demo_model/backend/cheese3d_demo_model-houlab-2025-05-28/labeled-data/20250522_B1_ephys-record_awake_000_R_17-53-48/img030818.png,/data/disk2/home/tony/demo1/model/cheese3d_demo_model/backend/cheese3d_demo_model-houlab-2025-05-28/labeled-data/20250522_B1_ephys-record_awake_000_R_17-53-48/CollectedData_houlab.h5,16,28
Q1883,3,20250522_B1_ephys-record_awake_000_R_17-53-48,img032734.png,/data/disk2/home/tony/demo1/model/cheese3d_demo_model/backend/cheese3d_demo_model-houlab-2025-05-28/labeled-data/20250522_B1_ephys-record_awake_000_R_17-53-48/img032734.png,/data/disk2/home/tony/demo1/model/cheese3d_demo_model/backend/cheese3d_demo_model-houlab-2025-05-28/labeled-data/20250522_B1_ephys-record_awake_000_R_17-53-48/CollectedData_houlab.h5,16,28
Q1884,3,20250522_B1_ephys-record_awake_000_R_17-53-48,img084426.png,/data/disk2/home/tony/demo1/model/cheese3d_demo_model/backend/cheese3d_demo_model-houlab-2025-05-28/labeled-data/20250522_B1_ephys-record_awake_000_R_17-53-48/img084426.png,/data/disk2/home/tony/demo1/model/cheese3d_demo_model/backend/cheese3d_demo_model-houlab-2025-05-28/labeled-data/20250522_B1_ephys-record_awake_000_R_17-53-48/CollectedData_houlab.h5,16,28
Q1885,3,20250522_B1_ephys-record_awake_000_R_17-53-48,img084769.png,/data/disk2/home/tony/demo1/model/cheese3d_demo_model/backend/cheese3d_demo_model-houlab-2025-05-28/labeled-data/20250522_B1_ephys-record_awake_000_R_17-53-48/img084769.png,/data/disk2/home/tony/demo1/model/cheese3d_demo_model/backend/cheese3d_demo_model-houlab-2025-05-28/labeled-data/20250522_B1_ephys-record_awake_000_R_17-53-48/CollectedData_houlab.h5,16,28
Q1886,3,20250522_B1_ephys-record_awake_000_TC_17-53-48,img012068.png,/data/disk2/home/tony/demo1/model/cheese3d_demo_model/backend/cheese3d_demo_model-houlab-2025-05-28/labeled-data/20250522_B1_ephys-record_awake_000_TC_17-53-48/img012068.png,/data/disk2/home/tony/demo1/model/cheese3d_demo_model/backend/cheese3d_demo_model-houlab-2025-05-28/labeled-data/20250522_B1_ephys-record_awake_000_TC_17-53-48/CollectedData_houlab.h5,10,28
Q1887,3,20250522_B1_ephys-record_awake_000_TC_17-53-48,img016354.png,/data/disk2/home/tony/demo1/model/cheese3d_demo_model/backend/cheese3d_demo_model-houlab-2025-05-28/labeled-data/20250522_B1_ephys-record_awake_000_TC_17-53-48/img016354.png,/data/disk2/home/tony/demo1/model/cheese3d_demo_model/backend/cheese3d_demo_model-houlab-2025-05-28/labeled-data/20250522_B1_ephys-record_awake_000_TC_17-53-48/CollectedData_houlab.h5,10,28
Q1888,3,20250522_B1_ephys-record_awake_000_TC_17-53-48,img057199.png,/data/disk2/home/tony/demo1/model/cheese3d_demo_model/backend/cheese3d_demo_model-houlab-2025-05-28/labeled-data/20250522_B1_ephys-record_awake_000_TC_17-53-48/img057199.png,/data/disk2/home/tony/demo1/model/cheese3d_demo_model/backend/cheese3d_demo_model-houlab-2025-05-28/labeled-data/20250522_B1_ephys-record_awake_000_TC_17-53-48/CollectedData_houlab.h5,10,28
Q1889,3,20250522_B1_ephys-record_awake_000_TC_17-53-48,img069293.png,/data/disk2/home/tony/demo1/model/cheese3d_demo_model/backend/cheese3d_demo_model-houlab-2025-05-28/labeled-data/20250522_B1_ephys-record_awake_000_TC_17-53-48/img069293.png,/data/disk2/home/tony/demo1/model/cheese3d_demo_model/backend/cheese3d_demo_model-houlab-2025-05-28/labeled-data/20250522_B1_ephys-record_awake_000_TC_17-53-48/CollectedData_houlab.h5,10,28
Q1890,3,20250522_B1_ephys-record_awake_000_TC_17-53-48,img077124.png,/data/disk2/home/tony/demo1/model/cheese3d_demo_model/backend/cheese3d_demo_model-houlab-2025-05-28/labeled-data/20250522_B1_ephys-record_awake_000_TC_17-53-48/img077124.png,/data/disk2/home/tony/demo1/model/cheese3d_demo_model/backend/cheese3d_demo_model-houlab-2025-05-28/labeled-data/20250522_B1_ephys-record_awake_000_TC_17-53-48/CollectedData_houlab.h5,10,28
Q1891,3,20250617_B2_ephys-record_awake_000_BC_16-35-06,img007651.png,/data/disk2/home/tony/demo1/model/cheese3d_demo_model/backend/cheese3d_demo_model-houlab-2025-05-28/labeled-data/20250617_B2_ephys-record_awake_000_BC_16-35-06/img007651.png,/data/disk2/home/tony/demo1/model/cheese3d_demo_model/backend/cheese3d_demo_model-houlab-2025-05-28/labeled-data/20250617_B2_ephys-record_awake_000_BC_16-35-06/CollectedData_houlab.h5,11,28
Q1892,3,20250617_B2_ephys-record_awake_000_BC_16-35-06,img047899.png,/data/disk2/home/tony/demo1/model/cheese3d_demo_model/backend/cheese3d_demo_model-houlab-2025-05-28/labeled-data/20250617_B2_ephys-record_awake_000_BC_16-35-06/img047899.png,/data/disk2/home/tony/demo1/model/cheese3d_demo_model/backend/cheese3d_demo_model-houlab-2025-05-28/labeled-data/20250617_B2_ephys-record_awake_000_BC_16-35-06/CollectedData_houlab.h5,11,28
Q1893,3,20250617_B2_ephys-record_awake_000_BC_16-35-06,img051681.png,/data/disk2/home/tony/demo1/model/cheese3d_demo_model/backend/cheese3d_demo_model-houlab-2025-05-28/labeled-data/20250617_B2_ephys-record_awake_000_BC_16-35-06/img051681.png,/data/disk2/home/tony/demo1/model/cheese3d_demo_model/backend/cheese3d_demo_model-houlab-2025-05-28/labeled-data/20250617_B2_ephys-record_awake_000_BC_16-35-06/CollectedData_houlab.h5,11,28
Q1894,3,20250617_B2_ephys-record_awake_000_BC_16-35-06,img091648.png,/data/disk2/home/tony/demo1/model/cheese3d_demo_model/backend/cheese3d_demo_model-houlab-2025-05-28/labeled-data/20250617_B2_ephys-record_awake_000_BC_16-35-06/img091648.png,/data/disk2/home/tony/demo1/model/cheese3d_demo_model/backend/cheese3d_demo_model-houlab-2025-05-28/labeled-data/20250617_B2_ephys-record_awake_000_BC_16-35-06/CollectedData_houlab.h5,11,28
Q1895,3,20250617_B2_ephys-record_awake_000_BC_16-35-06,img121600.png,/data/disk2/home/tony/demo1/model/cheese3d_demo_model/backend/cheese3d_demo_model-houlab-2025-05-28/labeled-data/20250617_B2_ephys-record_awake_000_BC_16-35-06/img121600.png,/data/disk2/home/tony/demo1/model/cheese3d_demo_model/backend/cheese3d_demo_model-houlab-2025-05-28/labeled-data/20250617_B2_ephys-record_awake_000_BC_16-35-06/CollectedData_houlab.h5,11,28
Q1896,3,20250617_B2_ephys-record_awake_000_L_16-35-06,img002974.png,/data/disk2/home/tony/demo1/model/cheese3d_demo_model/backend/cheese3d_demo_model-houlab-2025-05-28/labeled-data/20250617_B2_ephys-record_awake_000_L_16-35-06/img002974.png,/data/disk2/home/tony/demo1/model/cheese3d_demo_model/backend/cheese3d_demo_model-houlab-2025-05-28/labeled-data/20250617_B2_ephys-record_awake_000_L_16-35-06/CollectedData_houlab.h5,16,28
Q1897,3,20250617_B2_ephys-record_awake_000_L_16-35-06,img012366.png,/data/disk2/home/tony/demo1/model/cheese3d_demo_model/backend/cheese3d_demo_model-houlab-2025-05-28/labeled-data/20250617_B2_ephys-record_awake_000_L_16-35-06/img012366.png,/data/disk2/home/tony/demo1/model/cheese3d_demo_model/backend/cheese3d_demo_model-houlab-2025-05-28/labeled-data/20250617_B2_ephys-record_awake_000_L_16-35-06/CollectedData_houlab.h5,16,28
Q1898,3,20250617_B2_ephys-record_awake_000_L_16-35-06,img045689.png,/data/disk2/home/tony/demo1/model/cheese3d_demo_model/backend/cheese3d_demo_model-houlab-2025-05-28/labeled-data/20250617_B2_ephys-record_awake_000_L_16-35-06/img045689.png,/data/disk2/home/tony/demo1/model/cheese3d_demo_model/backend/cheese3d_demo_model-houlab-2025-05-28/labeled-data/20250617_B2_ephys-record_awake_000_L_16-35-06/CollectedData_houlab.h5,16,28
Q1899,3,20250617_B2_ephys-record_awake_000_L_16-35-06,img051675.png,/data/disk2/home/tony/demo1/model/cheese3d_demo_model/backend/cheese3d_demo_model-houlab-2025-05-28/labeled-data/20250617_B2_ephys-record_awake_000_L_16-35-06/img051675.png,/data/disk2/home/tony/demo1/model/cheese3d_demo_model/backend/cheese3d_demo_model-houlab-2025-05-28/labeled-data/20250617_B2_ephys-record_awake_000_L_16-35-06/CollectedData_houlab.h5,16,28
Q1900,3,20250617_B2_ephys-record_awake_000_L_16-35-06,img070451.png,/data/disk2/home/tony/demo1/model/cheese3d_demo_model/backend/cheese3d_demo_model-houlab-2025-05-28/labeled-data/20250617_B2_ephys-record_awake_000_L_16-35-06/img070451.png,/data/disk2/home/tony/demo1/model/cheese3d_demo_model/backend/cheese3d_demo_model-houlab-2025-05-28/labeled-data/20250617_B2_ephys-record_awake_000_L_16-35-06/CollectedData_houlab.h5,16,28
Q1901,3,20250617_B2_ephys-record_awake_000_R_16-35-06,img017190.png,/data/disk2/home/tony/demo1/model/cheese3d_demo_model/backend/cheese3d_demo_model-houlab-2025-05-28/labeled-data/20250617_B2_ephys-record_awake_000_R_16-35-06/img017190.png,/data/disk2/home/tony/demo1/model/cheese3d_demo_model/backend/cheese3d_demo_model-houlab-2025-05-28/labeled-data/20250617_B2_ephys-record_awake_000_R_16-35-06/CollectedData_houlab.h5,15,28
Q1902,3,20250617_B2_ephys-record_awake_000_R_16-35-06,img029733.png,/data/disk2/home/tony/demo1/model/cheese3d_demo_model/backend/cheese3d_demo_model-houlab-2025-05-28/labeled-data/20250617_B2_ephys-record_awake_000_R_16-35-06/img029733.png,/data/disk2/home/tony/demo1/model/cheese3d_demo_model/backend/cheese3d_demo_model-houlab-2025-05-28/labeled-data/20250617_B2_ephys-record_awake_000_R_16-35-06/CollectedData_houlab.h5,16,28
Q1903,3,20250617_B2_ephys-record_awake_000_R_16-35-06,img046237.png,/data/disk2/home/tony/demo1/model/cheese3d_demo_model/backend/cheese3d_demo_model-houlab-2025-05-28/labeled-data/20250617_B2_ephys-record_awake_000_R_16-35-06/img046237.png,/data/disk2/home/tony/demo1/model/cheese3d_demo_model/backend/cheese3d_demo_model-houlab-2025-05-28/labeled-data/20250617_B2_ephys-record_awake_000_R_16-35-06/CollectedData_houlab.h5,16,28
Q1904,3,20250617_B2_ephys-record_awake_000_R_16-35-06,img051608.png,/data/disk2/home/tony/demo1/model/cheese3d_demo_model/backend/cheese3d_demo_model-houlab-2025-05-28/labeled-data/20250617_B2_ephys-record_awake_000_R_16-35-06/img051608.png,/data/disk2/home/tony/demo1/model/cheese3d_demo_model/backend/cheese3d_demo_model-houlab-2025-05-28/labeled-data/20250617_B2_ephys-record_awake_000_R_16-35-06/CollectedData_houlab.h5,16,28
Q1905,3,20250617_B2_ephys-record_awake_000_R_16-35-06,img128602.png,/data/disk2/home/tony/demo1/model/cheese3d_demo_model/backend/cheese3d_demo_model-houlab-2025-05-28/labeled-data/20250617_B2_ephys-record_awake_000_R_16-35-06/img128602.png,/data/disk2/home/tony/demo1/model/cheese3d_demo_model/backend/cheese3d_demo_model-houlab-2025-05-28/labeled-data/20250617_B2_ephys-record_awake_000_R_16-35-06/CollectedData_houlab.h5,16,28
Q1906,3,20250617_B2_ephys-record_awake_000_TC_16-35-06,img007203.png,/data/disk2/home/tony/demo1/model/cheese3d_demo_model/backend/cheese3d_demo_model-houlab-2025-05-28/labeled-data/20250617_B2_ephys-record_awake_000_TC_16-35-06/img007203.png,/data/disk2/home/tony/demo1/model/cheese3d_demo_model/backend/cheese3d_demo_model-houlab-2025-05-28/labeled-data/20250617_B2_ephys-record_awake_000_TC_16-35-06/CollectedData_houlab.h5,10,28
Q1907,3,20250617_B2_ephys-record_awake_000_TC_16-35-06,img053035.png,/data/disk2/home/tony/demo1/model/cheese3d_demo_model/backend/cheese3d_demo_model-houlab-2025-05-28/labeled-data/20250617_B2_ephys-record_awake_000_TC_16-35-06/img053035.png,/data/disk2/home/tony/demo1/model/cheese3d_demo_model/backend/cheese3d_demo_model-houlab-2025-05-28/labeled-data/20250617_B2_ephys-record_awake_000_TC_16-35-06/CollectedData_houlab.h5,10,28
Q1908,3,20250617_B2_ephys-record_awake_000_TC_16-35-06,img075970.png,/data/disk2/home/tony/demo1/model/cheese3d_demo_model/backend/cheese3d_demo_model-houlab-2025-05-28/labeled-data/20250617_B2_ephys-record_awake_000_TC_16-35-06/img075970.png,/data/disk2/home/tony/demo1/model/cheese3d_demo_model/backend/cheese3d_demo_model-houlab-2025-05-28/labeled-data/20250617_B2_ephys-record_awake_000_TC_16-35-06/CollectedData_houlab.h5,10,28
Q1909,3,20250617_B2_ephys-record_awake_000_TC_16-35-06,img085093.png,/data/disk2/home/tony/demo1/model/cheese3d_demo_model/backend/cheese3d_demo_model-houlab-2025-05-28/labeled-data/20250617_B2_ephys-record_awake_000_TC_16-35-06/img085093.png,/data/disk2/home/tony/demo1/model/cheese3d_demo_model/backend/cheese3d_demo_model-houlab-2025-05-28/labeled-data/20250617_B2_ephys-record_awake_000_TC_16-35-06/CollectedData_houlab.h5,10,28
Q1910,3,20250617_B2_ephys-record_awake_000_TC_16-35-06,img098317.png,/data/disk2/home/tony/demo1/model/cheese3d_demo_model/backend/cheese3d_demo_model-houlab-2025-05-28/labeled-data/20250617_B2_ephys-record_awake_000_TC_16-35-06/img098317.png,/data/disk2/home/tony/demo1/model/cheese3d_demo_model/backend/cheese3d_demo_model-houlab-2025-05-28/labeled-data/20250617_B2_ephys-record_awake_000_TC_16-35-06/CollectedData_houlab.h5,10,28
Q1911,3,20250617_B2_ephys-record_awake_000_TL_16-35-06,img028678.png,/data/disk2/home/tony/demo1/model/cheese3d_demo_model/backend/cheese3d_demo_model-houlab-2025-05-28/labeled-data/20250617_B2_ephys-record_awake_000_TL_16-35-06/img028678.png,/data/disk2/home/tony/demo1/model/cheese3d_demo_model/backend/cheese3d_demo_model-houlab-2025-05-28/labeled-data/20250617_B2_ephys-record_awake_000_TL_16-35-06/CollectedData_houlab.h5,12,28
Q1912,3,20250617_B2_ephys-record_awake_000_TL_16-35-06,img048050.png,/data/disk2/home/tony/demo1/model/cheese3d_demo_model/backend/cheese3d_demo_model-houlab-2025-05-28/labeled-data/20250617_B2_ephys-record_awake_000_TL_16-35-06/img048050.png,/data/disk2/home/tony/demo1/model/cheese3d_demo_model/backend/cheese3d_demo_model-houlab-2025-05-28/labeled-data/20250617_B2_ephys-record_awake_000_TL_16-35-06/CollectedData_houlab.h5,12,28
Q1913,3,20250617_B2_ephys-record_awake_000_TL_16-35-06,img049258.png,/data/disk2/home/tony/demo1/model/cheese3d_demo_model/backend/cheese3d_demo_model-houlab-2025-05-28/labeled-data/20250617_B2_ephys-record_awake_000_TL_16-35-06/img049258.png,/data/disk2/home/tony/demo1/model/cheese3d_demo_model/backend/cheese3d_demo_model-houlab-2025-05-28/labeled-data/20250617_B2_ephys-record_awake_000_TL_16-35-06/CollectedData_houlab.h5,12,28
Q1914,3,20250617_B2_ephys-record_awake_000_TL_16-35-06,img075934.png,/data/disk2/home/tony/demo1/model/cheese3d_demo_model/backend/cheese3d_demo_model-houlab-2025-05-28/labeled-data/20250617_B2_ephys-record_awake_000_TL_16-35-06/img075934.png,/data/disk2/home/tony/demo1/model/cheese3d_demo_model/backend/cheese3d_demo_model-houlab-2025-05-28/labeled-data/20250617_B2_ephys-record_awake_000_TL_16-35-06/CollectedData_houlab.h5,12,28
Q1915,3,20250617_B2_ephys-record_awake_000_TL_16-35-06,img111630.png,/data/disk2/home/tony/demo1/model/cheese3d_demo_model/backend/cheese3d_demo_model-houlab-2025-05-28/labeled-data/20250617_B2_ephys-record_awake_000_TL_16-35-06/img111630.png,/data/disk2/home/tony/demo1/model/cheese3d_demo_model/backend/cheese3d_demo_model-houlab-2025-05-28/labeled-data/20250617_B2_ephys-record_awake_000_TL_16-35-06/CollectedData_houlab.h5,12,28
Q1916,3,20250617_B2_ephys-record_awake_002_BC_17-48-16,img013528.png,/data/disk2/home/tony/demo1/model/cheese3d_demo_model/backend/cheese3d_demo_model-houlab-2025-05-28/labeled-data/20250617_B2_ephys-record_awake_002_BC_17-48-16/img013528.png,/data/disk2/home/tony/demo1/model/cheese3d_demo_model/backend/cheese3d_demo_model-houlab-2025-05-28/labeled-data/20250617_B2_ephys-record_awake_002_BC_17-48-16/CollectedData_houlab.h5,11,28
Q1917,3,20250617_B2_ephys-record_awake_002_BC_17-48-16,img051884.png,/data/disk2/home/tony/demo1/model/cheese3d_demo_model/backend/cheese3d_demo_model-houlab-2025-05-28/labeled-data/20250617_B2_ephys-record_awake_002_BC_17-48-16/img051884.png,/data/disk2/home/tony/demo1/model/cheese3d_demo_model/backend/cheese3d_demo_model-houlab-2025-05-28/labeled-data/20250617_B2_ephys-record_awake_002_BC_17-48-16/CollectedData_houlab.h5,11,28
Q1918,3,20250617_B2_ephys-record_awake_002_BC_17-48-16,img080094.png,/data/disk2/home/tony/demo1/model/cheese3d_demo_model/backend/cheese3d_demo_model-houlab-2025-05-28/labeled-data/20250617_B2_ephys-record_awake_002_BC_17-48-16/img080094.png,/data/disk2/home/tony/demo1/model/cheese3d_demo_model/backend/cheese3d_demo_model-houlab-2025-05-28/labeled-data/20250617_B2_ephys-record_awake_002_BC_17-48-16/CollectedData_houlab.h5,11,28
Q1919,3,20250617_B2_ephys-record_awake_002_BC_17-48-16,img088648.png,/data/disk2/home/tony/demo1/model/cheese3d_demo_model/backend/cheese3d_demo_model-houlab-2025-05-28/labeled-data/20250617_B2_ephys-record_awake_002_BC_17-48-16/img088648.png,/data/disk2/home/tony/demo1/model/cheese3d_demo_model/backend/cheese3d_demo_model-houlab-2025-05-28/labeled-data/20250617_B2_ephys-record_awake_002_BC_17-48-16/CollectedData_houlab.h5,11,28
Q1920,3,20250617_B2_ephys-record_awake_002_BC_17-48-16,img117809.png,/data/disk2/home/tony/demo1/model/cheese3d_demo_model/backend/cheese3d_demo_model-houlab-2025-05-28/labeled-data/20250617_B2_ephys-record_awake_002_BC_17-48-16/img117809.png,/data/disk2/home/tony/demo1/model/cheese3d_demo_model/backend/cheese3d_demo_model-houlab-2025-05-28/labeled-data/20250617_B2_ephys-record_awake_002_BC_17-48-16/CollectedData_houlab.h5,11,28
Q1921,3,20250617_B2_ephys-record_awake_002_L_17-48-16,img029237.png,/data/disk2/home/tony/demo1/model/cheese3d_demo_model/backend/cheese3d_demo_model-houlab-2025-05-28/labeled-data/20250617_B2_ephys-record_awake_002_L_17-48-16/img029237.png,/data/disk2/home/tony/demo1/model/cheese3d_demo_model/backend/cheese3d_demo_model-houlab-2025-05-28/labeled-data/20250617_B2_ephys-record_awake_002_L_17-48-16/CollectedData_houlab.h5,16,28
Q1922,3,20250617_B2_ephys-record_awake_002_L_17-48-16,img046543.png,/data/disk2/home/tony/demo1/model/cheese3d_demo_model/backend/cheese3d_demo_model-houlab-2025-05-28/labeled-data/20250617_B2_ephys-record_awake_002_L_17-48-16/img046543.png,/data/disk2/home/tony/demo1/model/cheese3d_demo_model/backend/cheese3d_demo_model-houlab-2025-05-28/labeled-data/20250617_B2_ephys-record_awake_002_L_17-48-16/CollectedData_houlab.h5,16,28
Q1923,3,20250617_B2_ephys-record_awake_002_L_17-48-16,img054561.png,/data/disk2/home/tony/demo1/model/cheese3d_demo_model/backend/cheese3d_demo_model-houlab-2025-05-28/labeled-data/20250617_B2_ephys-record_awake_002_L_17-48-16/img054561.png,/data/disk2/home/tony/demo1/model/cheese3d_demo_model/backend/cheese3d_demo_model-houlab-2025-05-28/labeled-data/20250617_B2_ephys-record_awake_002_L_17-48-16/CollectedData_houlab.h5,16,28
Q1924,3,20250617_B2_ephys-record_awake_002_L_17-48-16,img119280.png,/data/disk2/home/tony/demo1/model/cheese3d_demo_model/backend/cheese3d_demo_model-houlab-2025-05-28/labeled-data/20250617_B2_ephys-record_awake_002_L_17-48-16/img119280.png,/data/disk2/home/tony/demo1/model/cheese3d_demo_model/backend/cheese3d_demo_model-houlab-2025-05-28/labeled-data/20250617_B2_ephys-record_awake_002_L_17-48-16/CollectedData_houlab.h5,16,28
Q1925,3,20250617_B2_ephys-record_awake_002_L_17-48-16,img124191.png,/data/disk2/home/tony/demo1/model/cheese3d_demo_model/backend/cheese3d_demo_model-houlab-2025-05-28/labeled-data/20250617_B2_ephys-record_awake_002_L_17-48-16/img124191.png,/data/disk2/home/tony/demo1/model/cheese3d_demo_model/backend/cheese3d_demo_model-houlab-2025-05-28/labeled-data/20250617_B2_ephys-record_awake_002_L_17-48-16/CollectedData_houlab.h5,16,28
Q1926,3,20250617_B2_ephys-record_awake_002_R_17-48-16,img019315.png,/data/disk2/home/tony/demo1/model/cheese3d_demo_model/backend/cheese3d_demo_model-houlab-2025-05-28/labeled-data/20250617_B2_ephys-record_awake_002_R_17-48-16/img019315.png,/data/disk2/home/tony/demo1/model/cheese3d_demo_model/backend/cheese3d_demo_model-houlab-2025-05-28/labeled-data/20250617_B2_ephys-record_awake_002_R_17-48-16/CollectedData_houlab.h5,16,28
Q1927,3,20250617_B2_ephys-record_awake_002_R_17-48-16,img052008.png,/data/disk2/home/tony/demo1/model/cheese3d_demo_model/backend/cheese3d_demo_model-houlab-2025-05-28/labeled-data/20250617_B2_ephys-record_awake_002_R_17-48-16/img052008.png,/data/disk2/home/tony/demo1/model/cheese3d_demo_model/backend/cheese3d_demo_model-houlab-2025-05-28/labeled-data/20250617_B2_ephys-record_awake_002_R_17-48-16/CollectedData_houlab.h5,16,28
Q1928,3,20250617_B2_ephys-record_awake_002_R_17-48-16,img069775.png,/data/disk2/home/tony/demo1/model/cheese3d_demo_model/backend/cheese3d_demo_model-houlab-2025-05-28/labeled-data/20250617_B2_ephys-record_awake_002_R_17-48-16/img069775.png,/data/disk2/home/tony/demo1/model/cheese3d_demo_model/backend/cheese3d_demo_model-houlab-2025-05-28/labeled-data/20250617_B2_ephys-record_awake_002_R_17-48-16/CollectedData_houlab.h5,16,28
Q1929,3,20250617_B2_ephys-record_awake_002_R_17-48-16,img074631.png,/data/disk2/home/tony/demo1/model/cheese3d_demo_model/backend/cheese3d_demo_model-houlab-2025-05-28/labeled-data/20250617_B2_ephys-record_awake_002_R_17-48-16/img074631.png,/data/disk2/home/tony/demo1/model/cheese3d_demo_model/backend/cheese3d_demo_model-houlab-2025-05-28/labeled-data/20250617_B2_ephys-record_awake_002_R_17-48-16/CollectedData_houlab.h5,16,28
Q1930,3,20250617_B2_ephys-record_awake_002_R_17-48-16,img083059.png,/data/disk2/home/tony/demo1/model/cheese3d_demo_model/backend/cheese3d_demo_model-houlab-2025-05-28/labeled-data/20250617_B2_ephys-record_awake_002_R_17-48-16/img083059.png,/data/disk2/home/tony/demo1/model/cheese3d_demo_model/backend/cheese3d_demo_model-houlab-2025-05-28/labeled-data/20250617_B2_ephys-record_awake_002_R_17-48-16/CollectedData_houlab.h5,16,28
Q1931,3,20250617_B2_ephys-record_awake_002_TC_17-48-16,img033103.png,/data/disk2/home/tony/demo1/model/cheese3d_demo_model/backend/cheese3d_demo_model-houlab-2025-05-28/labeled-data/20250617_B2_ephys-record_awake_002_TC_17-48-16/img033103.png,/data/disk2/home/tony/demo1/model/cheese3d_demo_model/backend/cheese3d_demo_model-houlab-2025-05-28/labeled-data/20250617_B2_ephys-record_awake_002_TC_17-48-16/CollectedData_houlab.h5,10,28
Q1932,3,20250617_B2_ephys-record_awake_002_TC_17-48-16,img055445.png,/data/disk2/home/tony/demo1/model/cheese3d_demo_model/backend/cheese3d_demo_model-houlab-2025-05-28/labeled-data/20250617_B2_ephys-record_awake_002_TC_17-48-16/img055445.png,/data/disk2/home/tony/demo1/model/cheese3d_demo_model/backend/cheese3d_demo_model-houlab-2025-05-28/labeled-data/20250617_B2_ephys-record_awake_002_TC_17-48-16/CollectedData_houlab.h5,10,28
Q1933,3,20250617_B2_ephys-record_awake_002_TC_17-48-16,img058053.png,/data/disk2/home/tony/demo1/model/cheese3d_demo_model/backend/cheese3d_demo_model-houlab-2025-05-28/labeled-data/20250617_B2_ephys-record_awake_002_TC_17-48-16/img058053.png,/data/disk2/home/tony/demo1/model/cheese3d_demo_model/backend/cheese3d_demo_model-houlab-2025-05-28/labeled-data/20250617_B2_ephys-record_awake_002_TC_17-48-16/CollectedData_houlab.h5,10,28
Q1934,3,20250617_B2_ephys-record_awake_002_TC_17-48-16,img098762.png,/data/disk2/home/tony/demo1/model/cheese3d_demo_model/backend/cheese3d_demo_model-houlab-2025-05-28/labeled-data/20250617_B2_ephys-record_awake_002_TC_17-48-16/img098762.png,/data/disk2/home/tony/demo1/model/cheese3d_demo_model/backend/cheese3d_demo_model-houlab-2025-05-28/labeled-data/20250617_B2_ephys-record_awake_002_TC_17-48-16/CollectedData_houlab.h5,10,28
Q1935,3,20250617_B2_ephys-record_awake_002_TC_17-48-16,img117928.png,/data/disk2/home/tony/demo1/model/cheese3d_demo_model/backend/cheese3d_demo_model-houlab-2025-05-28/labeled-data/20250617_B2_ephys-record_awake_002_TC_17-48-16/img117928.png,/data/disk2/home/tony/demo1/model/cheese3d_demo_model/backend/cheese3d_demo_model-houlab-2025-05-28/labeled-data/20250617_B2_ephys-record_awake_002_TC_17-48-16/CollectedData_houlab.h5,10,28
Q1936,3,20250617_B2_ephys-record_awake_002_TL_17-48-16,img004603.png,/data/disk2/home/tony/demo1/model/cheese3d_demo_model/backend/cheese3d_demo_model-houlab-2025-05-28/labeled-data/20250617_B2_ephys-record_awake_002_TL_17-48-16/img004603.png,/data/disk2/home/tony/demo1/model/cheese3d_demo_model/backend/cheese3d_demo_model-houlab-2025-05-28/labeled-data/20250617_B2_ephys-record_awake_002_TL_17-48-16/CollectedData_houlab.h5,12,28
Q1937,3,20250617_B2_ephys-record_awake_002_TL_17-48-16,img012217.png,/data/disk2/home/tony/demo1/model/cheese3d_demo_model/backend/cheese3d_demo_model-houlab-2025-05-28/labeled-data/20250617_B2_ephys-record_awake_002_TL_17-48-16/img012217.png,/data/disk2/home/tony/demo1/model/cheese3d_demo_model/backend/cheese3d_demo_model-houlab-2025-05-28/labeled-data/20250617_B2_ephys-record_awake_002_TL_17-48-16/CollectedData_houlab.h5,12,28
Q1938,3,20250617_B2_ephys-record_awake_002_TL_17-48-16,img056674.png,/data/disk2/home/tony/demo1/model/cheese3d_demo_model/backend/cheese3d_demo_model-houlab-2025-05-28/labeled-data/20250617_B2_ephys-record_awake_002_TL_17-48-16/img056674.png,/data/disk2/home/tony/demo1/model/cheese3d_demo_model/backend/cheese3d_demo_model-houlab-2025-05-28/labeled-data/20250617_B2_ephys-record_awake_002_TL_17-48-16/CollectedData_houlab.h5,12,28
Q1939,3,20250617_B2_ephys-record_awake_002_TL_17-48-16,img105498.png,/data/disk2/home/tony/demo1/model/cheese3d_demo_model/backend/cheese3d_demo_model-houlab-2025-05-28/labeled-data/20250617_B2_ephys-record_awake_002_TL_17-48-16/img105498.png,/data/disk2/home/tony/demo1/model/cheese3d_demo_model/backend/cheese3d_demo_model-houlab-2025-05-28/labeled-data/20250617_B2_ephys-record_awake_002_TL_17-48-16/CollectedData_houlab.h5,12,28
Q1940,3,20250617_B2_ephys-record_awake_002_TL_17-48-16,img113764.png,/data/disk2/home/tony/demo1/model/cheese3d_demo_model/backend/cheese3d_demo_model-houlab-2025-05-28/labeled-data/20250617_B2_ephys-record_awake_002_TL_17-48-16/img113764.png,/data/disk2/home/tony/demo1/model/cheese3d_demo_model/backend/cheese3d_demo_model-houlab-2025-05-28/labeled-data/20250617_B2_ephys-record_awake_002_TL_17-48-16/CollectedData_houlab.h5,12,28
